chr	pos	Label	ref	alt	0	1	2	3	4	5	6	7	8	9	10	11	12	13	14	15	16	17	18	19	20	21	22	23	24	25	26	27	28	29	30	31	32	33	34	35	36	37	38	39	40	41	42	43	44	45	46	47	48	49	50	51	52	53	54	55	56	57	58	59	60	61	62	63	64	65	66	67	68	69	70	71	72	73	74	75	76	77	78	79	80	81	82	83	84	85	86	87	88	89	90	91	92	93	94	95	96	97	98	99	100	101	102	103	104	105	106	107	108	109	110	111	112	113	114	115	116	117	118	119	120	121	122	123	124	125	126	127	128	129	130	131	132	133	134	135	136	137	138	139	140	141	142	143	144	145	146	147	148	149	150	151	152	153	154	155	156	157	158	159	160	161	162	163	164	165	166	167	168	169	170	171	172	173	174	175	176	177	178	179	180	181	182	183	184	185	186	187	188	189	190	191	192	193	194	195	196	197	198	199	200	201	202	203	204	205	206	207	208	209	210	211	212	213	214	215	216	217	218	219	220	221	222	223	224	225	226	227	228	229	230	231	232	233	234	235	236	237	238	239	240	241	242	243	244	245	246	247	248	249	250	251	252	253	254	255
chr14	105239279	driver	G	A	0.00000000	0.00000000	0.00000000	0.69795227	-0.11032131	0.20009089	0.00000000	8.54874134	0.00000000	0.71214831	-0.36257029	-0.06496960	0.00000000	0.00000000	0.00000000		-0.29117072	0.00000000		-0.14786902	-0.63727945		0.00000000	-7.22481012	0.23316351	-0.15442064	-2.47067428	-0.05559751	1.08328128	-0.02400895	-0.55416077	-0.17785650	-1.32358992	0.00000000	-0.19888014	0.00000000	0.00000000	0.21123147	0.00000000	0.00000000		-0.07668841	0.00000000	0.00000000	0.00000000	0.00000000	0.00000000	0.00000000	-0.28648722	2.00193048		0.57810760	-0.84029019	0.00000000	0.12614053	0.00000000	0.00600684	0.00000000	0.00000000	0.26240546	0.00000000	0.00011277	0.00000000	0.00000000	0.02967393	0.31452823	0.00000000	-7.26732111	-0.23764843	0.00000000	-0.21660379	0.00000000	1.07315898	-0.22422320	0.06994402	-0.10024348	0.00000000		0.02181311	0.20702922	-0.05075547	-0.24233803	0.00000000	9.36793995	2.35208702	0.00000000	-9.39015007	-0.65603763	0.21842003	0.00000000	0.05982295	1.18733180	0.00000000	0.00000000	0.00000000	0.00000000	0.00000000	0.00000000	-0.85274291	0.08171275	8.55721569	8.62313652	0.04859000	0.00000000	-0.03026710	0.00000000	0.71960986	0.00000000	0.50682986	-0.10270089	-0.29831660	0.00000000	-9.76212025	2.27508783	0.00000000	0.00000000	0.00000000	0.00000000	1.63146138	0.02743509	0.00000000	-0.38826585	0.00000000	-0.21124244	-0.03331208	0.00000000	0.00000000	0.00000000	-0.18122697	0.05231166	0.00000000	0.00000000	-0.15200710	0.19373158	0.00000000	0.04660082	-0.46450141	0.00000000	0.00000000	0.00000000	0.00000000	-0.50729913	-0.16504622	0.00000000	0.00000000			-0.96080756	-0.26142582	0.20969766	0.30660403	-0.07934809	0.00000000	0.00000000	-0.08988321	0.00000000	9.34269142	-0.09916921	-0.06968973	0.00000000	0.00000000	-0.49634433	0.00000000	-0.10220861	0.00000000	-0.62473506	0.25275746	0.00000000	-0.32461503	0.00000000	9.74656391	0.04242241	0.57155931	-0.05695540	1.11413634	0.46915859	0.01056957	0.00000000	1.04695010	-0.15775785	0.00000000	3.22676134	0.00000000	-0.20974478	0.01223361	-9.43245411	0.00000000	0.00000000	0.09096062	0.00000000	0.00000000	0.00000000	-1.01687884	0.28242862	0.00000000	0.00000000	-1.11466002	-0.26725194	-0.34680009	0.00000000	-1.42965114	0.00000000	0.00000000	0.00000000	0.00000000		-0.22325373	0.00000000	-0.01857769	0.22393370	0.00000000	0.00000000	0.00000000	0.07941598	0.00000000	-1.22191846	-0.04420188	0.00000000	0.03586203	0.00000000	0.00000000			-0.43299031	0.00000000	-0.12324017	-0.18630469	0.22748625	0.69964343	0.13742582	0.00000000	0.00000000	0.00000000	0.16380161	0.19952080	0.00000000	-0.29862896	0.13661289	0.00000000		0.00000000	-0.26103610	0.38494146	0.00000000	0.00000000		1.57202435	-0.65915680	0.00000000	0.06668735	0.00364494	0.00000000	0.00000000	1.18879092	0.07770300	0.00000000
chr14	105246470	passenage	C	T	0.00000000	0.00000000	0.00000000	-0.09513977	-0.00555656	0.13399768	0.00000000	0.00000000	0.00000000	-0.04674762	0.21994461	0.05590516	0.00000000	0.00000000	0.00000000		0.13778841	0.00000000	0.40722916		0.27773494		0.00000000	0.00000000	0.52624160	-0.15200281	0.54607612	-0.17419937	0.16523802	-0.01613560	-0.02912757	0.07666008	0.35119474	0.00000000	0.27560282	-9.68670464	0.00000000	0.25476888	0.00000000	0.00000000		-0.10428044	0.00000000	0.00000000	0.00000000	0.00000000	0.00000000	0.00000000	0.04442933	0.00000000		-10.05330658	-1.28870797	0.00000000	0.24847725	0.00000000	0.54324043	-0.26361477	0.00000000	0.31423050	0.00000000	-0.17639777	0.00000000	0.28266090	9.23596573	0.10154717	0.00000000	0.44083035	-4.58293915	0.26423061	0.16778705	1.37784517	-8.87118912	-0.00808570	-5.63920832	0.28845769	0.00000000		-0.10107652	0.00000000	0.61843705	0.21750948	0.00000000	0.00000000	0.00000000	0.00000000	0.59809488		0.00000000	0.00000000	-0.06697679	0.00000000	0.00000000	0.00000000	0.00000000	-8.59594822	-0.31979084	0.00000000	-9.40602207	-8.87718582	0.00000000	0.00000000	0.26064563	0.00000000	0.22901696	8.81431961	0.14399597	0.00000000	0.81102914	0.20602134	0.07934785	0.00000000	-0.10955054	-0.40708035	9.22304058	1.29561472	0.00000000	0.00000000	0.62257862		0.00000000	-0.18062377	-0.13914156	-0.09900522	0.07967877	0.00000000	-0.02332115	0.00000000	0.07673675	-1.33536685	0.00000000	0.00000000	0.00000000	0.09375652	0.00000000	0.11304441	0.12271667	0.00000000	0.57692349	0.00000000	0.00000000	0.07285088	-2.17164254	0.00000000	0.00000000	-0.02671865	0.01011273	0.15094876	-0.30778983	-0.36087394	0.24248290	0.50292230	-0.41621578	0.00000000	-0.11756606	0.00000000	-0.40720296	0.09748727	0.41401750	0.00000000	0.00000000	0.32206482	0.00000000	0.10809776	0.00000000	-6.03555441	-0.13009983	-0.27915287	0.00914694	0.00000000	0.00000000	-0.73048353	-0.40182745	0.00201917	7.77822590	-0.13809125	-0.31928197	0.00000000	0.13933043	0.09371390	0.00000000	1.12903488	0.00000000	0.06874324	0.00000000	0.99275684	-0.47570372	2.53492999	0.14037985	0.00000000	0.00000000	0.00000000	9.26864624	8.95221710	0.00000000	0.00000000	0.00000000	0.13218129	-0.08106449	0.00000000	0.00000000	-8.41511250	0.00000000	0.00000000	0.00000000		0.21845743	0.00000000	0.48894238	0.37063408	0.00000000	0.00000000	-9.77361965	-0.45042861	0.63413596	-0.69994557	-0.05314952	0.00000000	0.09144926	0.00000000	0.00000000			0.00000000	-2.42927122	0.08693200	9.64881134	8.14587021	0.19380176	0.10567206	0.00000000	0.00000000	0.00000000	0.55188179	1.26327860	0.00000000	0.07612956	-0.16335022	0.00000000	-0.01469576	8.97776604	0.01950245	0.99031425	0.00000000	-0.56752062	0.67949766	0.09129500	0.09376045	0.00000000	-0.64294386	-0.14991182	0.00000000	-0.48915541	-10.14911461	0.00000000	0.00000000
chr14	105246551	driver	C	T	0.00000000	0.00000000	0.00000000	-0.13325632	-0.10900918	-8.62763023	0.00000000	0.00000000	0.00000000	-0.55753279	0.36402437	-0.00893977	0.00000000	0.00000000	0.00000000		-9.09875202	0.00000000	0.33784819		0.09508827		0.00000000	0.00000000	-0.41744781	-0.02257162	-9.23136711	0.15298963	-0.54140329	-0.04980740	-0.45032465	0.16659956	0.15323335	0.00000000	9.81449032	0.00000000	0.00000000	-0.41332042	0.00000000	0.00000000		0.21807726	0.00000000	0.00000000	0.00000000	0.00000000	0.00000000	0.00000000	0.00142284	0.00000000	-0.15027578	-10.00336647	-0.03312397	0.00000000	-0.05949473	0.00000000	0.17288041	-0.00744838	-6.80914307	0.16952914	0.00000000	0.25831130	0.00000000	-18.95545578	0.39747769	0.36596459	0.00000000	-0.56729090	18.39476395	0.02503169	1.87555647	0.00000000	-0.80242193	-0.11670494	-15.60450077	0.31467634	0.00000000		-0.00414133	0.19771576	-0.39650178	0.06313238	0.00000000	0.00000000	0.00000000	0.00000000	-0.05698824	0.99909723	0.00000000	0.00000000	0.93313563	0.00000000	0.00000000	0.00000000	0.00000000	0.34358227	-0.25363910	0.00000000	0.05440521	0.13264310	0.00000000	0.00000000	-0.31874281	0.00000000	0.07069653	0.00000000	-0.65357363	0.00000000	0.04203365	-0.18103017	-0.07405180	0.00000000	-0.20597923	0.52455455	1.14450288	0.00000000	0.00000000	0.00000000	-0.12401307		0.00000000	-9.86748886	-9.86450195	0.02727151	-0.22994673	0.00000000	0.00000000	0.00000000	0.27398044	0.26967204	0.00000000	0.00000000	-9.53893089	0.33365208	0.00000000	-0.04653655	0.24717323	0.00000000	-0.11916006	0.00000000	0.00000000	-0.11392644	0.07116605	0.00000000	0.00000000		-0.07374993	0.62599325	-0.02622241	8.17420197	-9.51461601	0.55687165	-0.18984902	0.00000000	-0.18857294	0.00000000	-8.82646561	0.31588772	0.31415069	0.00000000	0.00000000	0.18671536	0.00000000	0.47586063	0.19660532	0.14714199	-0.36492419	0.00000000	0.05695477	0.00000000	0.00000000	1.88292527	0.02133854	0.05546026	0.00000000	-0.42658213	-0.03159940	0.00000000	-0.23445064	0.20464809	0.00000000	0.17989314	0.00000000	8.91738605	0.00000000	8.39097786	0.00000000	0.00000000	-10.74189758	0.00000000	0.00000000	0.00000000	0.00000000	0.00000000	0.00000000	0.00000000	0.48836082	-0.15668887	-1.05268764	0.00000000	-0.18692845	1.27116680	0.00000000	0.00000000	0.00000000		0.03290331	0.00000000	0.00000000	0.09060699	-0.51008606	0.00000000	0.00000000	0.12008047	0.00000000	-1.03464723	0.24128386	0.00000000	-0.43240964	0.00000000	0.00000000	-0.05220386		9.39999390	0.00000000	0.35477060	-0.38274109	7.43686008	0.18007851	-0.15207186	0.00000000	0.00000000	0.00000000	-9.34819317	0.05832523	0.00000000	-0.26333103	-9.29097939	0.00000000	-0.02272278	0.00000000	0.22674862	0.87113106	0.00000000	0.00000000	-0.19899452	0.90150213	0.20746553	0.00000000	-0.02131331	0.29495004	0.00000000	0.00000000		0.00000000	0.00000000
chr14	105241307	passenage	C	T	0.00000000	0.00000000	0.00000000	0.65219355	0.30663365	0.10205173	0.00000000	0.00000000	0.00000000	0.00000000	0.17351779	-0.19766396	0.00000000	0.00000000	0.00000000		-0.18443841	0.00000000	0.28503755		0.43353352		0.00000000	1.06364059	-0.21003878	0.01543558	-0.85948062	0.38097200	0.00000000	0.01619701	-0.25229612	0.03513113	0.31898424	0.00000000	0.40969852	10.41383266	0.00000000	0.00000000	0.00000000	0.00000000	0.26495588	-0.56908321	0.00000000	0.00000000	0.00000000	0.00000000	0.00000000	-9.06529808	0.16931958	0.00000000	-0.45926261	9.28260803	1.01748240	0.00000000	-0.12416054	0.00000000	0.24506646	0.79516494	9.09767342	0.03534368	0.00000000	-0.43063706	0.00000000	-0.60818481	-0.96556073	0.16737242	0.00000000	-0.20398298	-1.54671979	0.41467154	-0.45433605	0.00000000	0.32765758	0.46087158	10.93838978	0.32144088	0.00000000		1.00453424	0.00000000	9.71807289	0.39234728	0.00000000	0.00000000	0.00000000	0.00000000	-0.48217252	-0.47792780	0.00000000	0.00000000	-0.53343034	0.00000000	0.00000000	0.00000000	0.00000000	0.00000000	0.87762403	0.00000000	0.00000000	-0.02535892	0.00000000	0.00000000	-0.07539409	0.00000000	-0.04380450	0.00000000	-0.06936181	0.00000000	-0.54033744	-0.10001908	0.18773937	0.00000000	-0.02986576	1.18457067	2.03704643	0.00000000	0.00000000	0.00000000	0.14744675	-0.53496587	0.00000000	-0.45620918	0.00000000	0.94763452	9.79529381	0.00000000	0.00000000	0.00000000	0.00699717	0.00000000	0.00000000	0.00000000	0.21995300	0.67927927	0.00000000	0.03672783	0.03148679	0.00000000	0.00000000	0.00000000	0.00000000	-0.61103654	0.93507940	0.00000000	0.00000000		2.58440804	-9.22020721		10.42534161	-0.28291962	0.07887840	7.11133909	0.00000000	-0.29792616	0.00000000	-0.33464646	-0.04172124	-0.40190852	0.00000000	0.00000000	-0.66189742	0.00000000	-0.35573119	0.15771335	2.74567008	-1.03956556	0.57419145	-0.18764371	0.00000000	0.00000000		0.13195407	-0.00864857	-1.99752581	-0.45265478		0.00000000	-0.72370762	-0.13362852	0.00000000	0.00000000	0.00000000	0.68445814	0.00000000	0.11192489	0.00000000	-0.95938611	0.63511133	0.00000000	0.00000000	0.00000000	0.00000000	0.00000000	0.00000000	0.00000000	8.20525837	-0.24133348	0.03504290	0.00000000	-0.01667351	0.00000000	0.00000000	0.00000000	0.00000000		0.07886577	0.00000000	0.00000000	-8.78133869	0.00000000	0.00000000	0.00000000	0.16310127	-0.25643170	0.30143130	-0.32433289	0.00000000	-0.43522310	0.00000000	0.00000000			0.00000000	10.04248714	0.25917035	9.24888992	-0.99005568	0.00000000	-0.75274736	0.00000000	0.00000000	0.00000000	-0.71925163	0.46704361	9.77807999	0.75979239	2.51585484	0.00000000	-0.20092776	0.00000000	-0.67798704	0.00389475	0.00000000	-0.01087117	0.08280718	0.19457459	-1.64155769	0.00000000	1.66357017	0.64610147	0.00000000	0.00000000		-8.63402748	0.00000000
chr14	105239820	driver	T	C	0.00000000	4.45738888	0.00000000	1.29541588	-0.04662119	-6.84797478	0.00000000	0.00000000	0.00000000	0.12083292	-0.13925231	0.20221904	0.00000000	0.00000000	0.00000000		0.06145585	0.00000000	-0.23011699		0.12184069		0.00000000	0.27684164	0.08206290	-0.16860229	0.35720092	-0.26824403	0.00000000	0.00121076	0.11184749	-0.45613641	-0.07571316	0.00000000	0.28555992	-9.39225101	1.34567714	0.92168641	-0.31373894	0.00000000	-0.60724270	-0.38408738	0.00000000	0.00000000	0.00000000	0.00000000	0.00000000	0.00000000	-0.20618536	0.00000000		0.00000000	-0.87137151	0.00000000	-0.02365261	0.49926114	0.06311727	0.16687173	0.00000000	0.08839819	0.00000000	-0.09206119	0.00000000	0.28249043	-0.19302395	0.20526993	0.00000000	0.68861479	0.71560860	-0.04350221	0.40537703	0.00000000	0.00000000	-0.05830759	0.00700653	0.35596001	0.00000000		0.00459656	0.46447515	0.19507575	0.05277427	0.00000000	-0.07505751	0.22784948	0.00000000			0.00000000	0.00000000	0.10035914	0.00000000	0.00000000	0.00000000	0.00000000	0.00000000	0.48704720	0.00000000	-0.21082878	-0.19411713	-0.06819594	-0.04528809	0.08273938	0.00000000	0.10739774	-0.10961831	0.37772679	0.00000000	-0.14645243	0.53617918	-0.11507469	0.00000000	0.01112151	-0.20957151	0.00000000	0.00000000	0.00000000	0.00000000	0.25718725	-0.04521513	0.00000000	0.00553912	0.00000000	-0.50618005	0.21279803	0.00000000	0.20154595	0.00000000	0.15940684	-8.54153538	0.00000000	0.00000000	0.00000000	-6.79405069	0.00000000	-0.03949730	-0.40592608	0.00000000	0.80366552	0.00000000	0.00000000	0.56416178	-9.47406578	0.00000000	0.00000000			9.45569229	-0.79756111	0.00000000	-0.60083091	-0.02904825	0.00000000	0.00000000	0.12468779	0.00000000	-9.65984821	0.37131774	-0.13565844	0.00000000	0.00000000	-0.90690368	0.00000000	-0.84994334	0.00000000	0.14959371	-0.00001228	0.00000000	-0.37768802	0.00000000	0.00000000	0.43480241	-9.67346573	0.00186344	0.01553333	-0.13392639	-0.35996172	0.00000000	-0.38582855	-0.11509883	0.00000000	0.48347148	0.00000000	-0.23969117	0.21399820	0.11264262	0.00000000	-0.03562546	0.43103337	0.00000000	0.00000000	0.00000000	0.00000000	-0.07185137	0.00000000	0.00000000	-0.24341482	0.01939704	-0.26695585	0.00000000	0.00000000	0.00000000	0.00000000	0.00000000	0.00000000		0.06205398	0.00000000	0.00000000	1.05655348	-0.60393262	0.00000000	-7.66108561	-0.05161370	-8.33884239	0.00000000	-0.30356598	0.00000000	0.17479540	0.00000000	0.00000000			0.06607604	0.00000000	0.08807814	0.00000000	0.61308372	9.72429085	-0.02509557	0.00000000	0.00000000	0.00000000	0.22391580	0.05854288	0.00000000	-0.06864530	0.00000000	0.00000000		0.00000000	-0.01473004	0.19097275	-0.32176006	0.00000000		0.00000000	0.32375082	0.00000000	-0.15299952	1.21516728	0.00000000	0.00000000	-1.07466459	0.34903741	0.00000000
chr14	105243048	driver	G	T	0.00000000	-0.16765463	0.00000000	0.19472873	0.06398062	-0.04467481	0.00000000	0.00000000	0.00000000	0.27767396	0.43063074	0.14205605	0.00000000	0.00000000	0.00000000		0.74740100	0.00000000	-0.54123795	-0.39572430	-0.02245858		0.00000000	-0.39266527	1.03261423	9.42425728	0.14710049	0.22071871	-0.12720013	0.00132114	0.03517246	-0.09259945	1.28488612	0.00000000	-0.26236796	0.00000000	-0.92162645	-0.03226146	0.00000000	0.00000000		0.12109342	0.00000000	0.00000000	0.00000000	0.00000000	0.00000000	0.00000000	-0.04398757	-0.10931909	1.44513381	0.00000000	8.05534077	0.00000000	0.02892774	0.00000000	0.21403787	-1.03368902	0.38373566	-0.14916518	0.00000000	-0.07795739	0.00000000	-9.52022171	8.27660084	-0.11708847	0.00000000	-0.31392962	0.49741364	0.17424083	0.20096332	0.00000000	0.00000000	-0.13118741	0.00000000		0.00000000			0.00000000	0.33722878	-0.15856364	0.00000000	0.00000000	0.00000000	0.45126581		0.48494303	0.00000000	0.00000000	0.55759478	0.00000000	0.00000000	0.00000000	0.00000000	0.00224304	0.00000000	0.00000000	0.00000000	-0.46083623	0.00000000	0.00000000	-0.35221511	0.00000000	-0.00147274	0.00000000	-0.11842895	0.00000000	0.46164277	0.39672577	-0.29244053	0.00000000	-0.04707873		0.00000000	0.00000000	0.00000000	-0.62192023	-0.20751399	0.03488263	0.00000000	0.19179285	0.00000000	0.40574390	0.00000000	0.00000000	0.00000000	0.00000000	0.18650103	-0.25989783	0.00000000	0.00000000	-9.60445881	-0.00661779	0.00000000	0.10095564	-0.16067980	0.00000000	-8.24944019	0.00000000	0.00000000	-0.13193387	0.06484382	0.00000000	0.00000000		-0.07109734	-0.45252103	-0.04161118	-0.08830702	0.83908391	0.74400526	0.38951099	0.00000000	-0.01785031	0.00000000	9.27530956	-0.22260010	0.08992627	0.00000000	0.00000000	0.12394550	0.00000000	-0.97187817	0.00000000	-0.02518690	-0.12358669	0.26779056	-1.93468094	0.00000000	0.00000000	0.11424136	0.14366773	0.02096562	0.00000000	-7.93885231	-0.58357912	0.00000000	-0.16441044	0.07259940	0.00000000	-0.37597901	0.00000000	0.00000000	0.12298459	-0.35894281	0.00000000	-0.14088321	-0.18914270	0.00000000	0.00000000	0.00000000	2.46511984	0.00000000	0.00000000	0.00000000	0.15497804	9.21921730	0.13839245	0.00000000	-1.22599053	-0.23445797	0.00000000	0.00000000	0.00000000		-0.58696377	0.00000000	0.00000000	0.26512319	-0.27958816	0.00000000	0.00000000	-0.18860072	1.08267045	-9.14644146	0.00874496	0.00000000	-0.98715246	0.00000000	0.00000000	-0.18429105		0.00000000	-0.48655963	0.22622609	0.00000000	0.00000000	0.00000000	-0.06845163	0.00000000	0.00000000	0.00000000	-9.41178036	0.08706900	0.00000000	0.20180267	-0.21334210	0.00000000	0.12651545	0.00000000	0.15343216	-8.20650959	0.00000000	0.00000000		0.00000000	-0.02532148	0.00000000	0.09704328	-0.25497437	0.00000000	-1.11714983		0.00000000	0.00000000
chr14	105246445	driver	A	C	0.00000000	0.00000000	0.00000000	-0.37830907	0.01098289	7.36253691	0.00000000	0.00000000	0.00000000	-0.22422659	0.15065473	-0.13682634	0.00000000	0.00000000	0.00000000	-0.25830996	-0.69515908	0.00000000	0.39134794	-0.41627249	-0.47000742		0.00000000	0.00000000	-0.13334870	-0.28600246	-9.12559223	0.02360828	-8.61934090	-0.05410445	0.26880869	-0.16146687	2.04357338	0.00000000	-0.40321091	0.00000000	-0.38715887	-11.47896671	0.00000000	0.00000000	0.79227984	-0.78009462	0.00000000	0.00000000	0.00000000	0.00000000	0.00000000	-0.69519770	0.00208639	0.00000000	-1.11199045	9.08027172	0.27633899	0.00000000	-0.30964610	0.00000000	0.15647662	-0.07141203	0.00000000	0.23503029	0.00000000	0.95644736	0.00000000	0.29168034	10.27201366	1.30382586	0.00000000	-10.88510609	9.99565220	-9.92964840	0.01981378	0.00000000	0.00000000	-0.55636299	-0.03126758	-0.53160542	0.00000000		0.44301853	0.00000000	-1.55661249	-0.07799205	0.00000000	0.00000000	0.00000000	0.00000000	-1.66816115		0.00000000	0.00000000	-0.88098675	0.00000000	0.00000000	0.00000000	0.00000000	8.61303329	0.08969331	0.00000000	2.76412535	0.11264771	0.00000000	0.00000000	9.44398785	0.00000000	-0.06319571	0.00000000	-0.58223391	0.00000000	0.03394848	-0.56504035	-0.03370164	0.00000000	-0.27286464	0.52903312	0.00000000	0.00000000	0.00000000	0.00000000	-8.88753319		0.00000000	-0.04687682	-0.05835629	-0.04770923	-9.55446243	0.00000000	0.26122114	0.00000000	0.19517717	1.05124068	0.00000000	-7.61334705	0.00000000	0.10356078	0.00000000	0.08639880	0.04735801	0.00000000	-9.13102150	0.00000000	0.00000000	-0.06181448	0.97698218	0.00000000	0.00000000	-0.30043483	-0.45807770	0.00000000	0.33968318	0.00000000	-8.79133320	7.71513939	-0.07701504	0.00000000	-0.80485678	0.00000000	0.23370218	-0.24152726	-0.02536339	0.00000000	0.00000000	-0.21382569	0.00000000	0.73603427	9.61954498	0.20637506	-0.08907284	0.65612721	0.31777871	0.00000000	0.00000000	0.46879357	0.87577355	-0.09420300	0.01000860	0.00206491	0.13136140	0.00000000	-0.19590014	0.04793745	0.00000000	-0.44235921	0.00000000	0.05706948	0.00000000	9.68231010	0.32312205	0.00000000	-0.55576479	0.00000000	0.00000000	0.00000000	0.00000000	0.00000000	-7.69553137	0.00000000	0.40523672	-0.22482717	-0.16446845	0.00000000	8.76319790	0.57918143	0.00000000	0.00000000	0.00000000	0.14916795	-10.02084160	0.00000000	-9.65637589	0.16842383	0.00000000	0.00000000	-9.97978020	-10.46174812	5.71136045	1.10870063	0.08500952	0.00000000	-0.06220102	0.00000000	0.00000000	0.01818526		0.00000000	-9.23110199	0.78111941	0.00000000	-0.25484395	-0.40084654	-0.29371661	0.00000000	0.00000000	0.00000000	-0.18939927	0.11363682	-0.26117325	-0.10972868	0.00000000	0.00000000	-0.11785954	0.00000000	0.15677467	-0.36772245	0.00000000	0.00000000	-0.83746558	1.99692523	-0.20572364	0.00000000	9.46633911	-0.21353962	0.00000000	-0.41460788	0.86165267	-0.57297838	0.00000000
chr4	153247297	passenage	G	A	-0.94089615	0.00000000	-0.44887877	-0.32243186	0.14962614	0.00000000	0.12978491		0.00000000	8.07514763	0.26732141	0.07177602	0.00000000	0.00000000	0.00000000	-0.87319613	-0.12306929	0.00000000	0.07154423	-0.58331007	-0.40538514	0.58043057	-9.33394623	0.00000000	-14.13563728	0.00000000	0.00000000	0.16525179	0.00000000	0.07630406	0.02719432	0.25508142	-0.90088022	0.00000000	0.09568459	-0.00779426	0.11084974	0.00000000	0.00000000	0.00000000	1.31923807	-0.16689061	-0.46206868	0.00000000	0.47626150	0.00000000	0.00000000	0.00000000	-0.05007607	-0.15848249	0.00000000		0.00000000	0.00000000	-0.10754466	0.00000000	-0.20197771	0.25123188	8.95831680	-0.50441647	-0.42392787	-0.10189467	0.00000000	-0.35347623	0.87909424	-1.67796898	0.15876544	0.00000000	0.00000000	0.45237318	0.25121289	0.00000000		0.70701844	0.00000000	0.44928193	0.00000000	0.03941977	-0.02031434	0.00000000	-0.17835633	0.11487828	0.00000000	0.22378969	0.00000000	0.00000000	0.00000000	-1.18590033	-0.59085649	0.00000000	-0.19161347	0.13322480	0.53270781	0.00000000	0.21110713	10.00268841	0.25290209	0.00000000	0.00000000	1.01373935	0.00000000	0.25223589	0.08209693	0.00000000	-0.21789056	0.00000000	-0.11914286	9.89283657	-0.43561795	0.00000000	-0.30795363	0.00000000	-0.09842168	0.34491211	0.00000000	-1.14845943	0.00000000	0.33765841	-0.49931383	-0.36658379	0.00000000	0.17483479	0.00000000	0.69193065	-0.51779914	0.00000000	-0.39249486	0.89375645	0.00000000	0.00000000	0.00000000	0.00000000	0.00000000	-0.16212395	0.00000000	-0.19376066	1.71525323	0.00000000	-0.43888170	0.00000000	0.82441592	0.76513600		0.00000000	-0.79885256	0.11374730	0.38774547	-0.37925965			-0.64520252	-0.01301813	0.40738344	0.00000000	-0.35018522	0.00000000	0.10595165	0.00000000	-0.26650113	0.00000000	-0.14733380	0.08797261	0.00000000	-0.13253137	0.00000000	-0.34124964	-0.52113175	9.03818607	-0.35801420	0.00000000		0.17373261		0.00000000	0.00000000	0.00000000		8.33815956	-0.27267277	0.51214564	0.97744501	-0.37172174	-1.97919989	0.18211609	0.48773837	-20.17742729	0.27856684	0.00000000	2.10514879	0.00000000	0.00000000	0.45178843	0.00000000	0.00000000	0.00000000	0.00000000	0.00000000	-0.17981052	-0.27932495		0.00000000	0.00000000	0.00000000	0.00000000	0.99405569	-0.11479735	-0.18168139	8.82929897	0.00000000	-0.10565908	0.00000000	0.00000000	0.11601114	-0.13381314	0.17891118	0.00000000	-0.93034911	0.00000000	0.00000000	0.00000000	0.00000000	-0.96319169	-1.49185348	0.58177471	0.00000000	0.18938780	0.00000000	1.17679024	0.00000000	-0.79795611	-0.01742810	0.00000000	0.00000000	0.00000000	0.92482406	0.00000000	0.14012241	-0.07551359	0.00000000	0.22551522	0.00000000	-0.37454361	0.00000000	0.16372991	-0.06178278	-0.33030581	0.14686710	-0.05331481	0.00000000		0.04260704	0.00000000	6.56063986		0.00000000	0.00000000
chr4	153244184	passenage	C	T	-0.62571561	0.00000000	-0.11617637	0.12611902	0.08248091	0.00000000	-8.30265617	0.25904536	0.00000000	0.00000000	-0.16138035	0.56030428	0.00000000	0.00000000	0.00000000	-0.39280701	0.00000000	1.18213236	-0.58910501	-0.22371459	0.18215129	-0.11712877	1.42382312	0.00000000	0.38530913	0.00000000	0.94768190	-0.14618817	0.00000000	-0.02018231	-0.04755639	-0.10890481	-0.19443813	0.00000000	-0.46295470	-0.33038637	0.42545652	0.37827149	0.00000000	0.00000000	-0.15402529	0.39951491	0.00000000	0.00000000	0.00000000	0.00000000	0.00000000	0.00000000	0.18916127	0.15819804	0.18570006	0.11167508	0.00000000	-0.84485149	1.10092592	0.00000000	0.08294773	-0.02152276	0.00000000	0.49295533	0.00000000	0.12447974	0.00000000		1.31280065	-7.68792486	0.00000000	0.60947490	9.22196007	0.17229077	-0.15097073	0.00000000	0.10155392	0.52862543	0.00000000		0.00000000	-0.05801130	-0.02816156	0.00000000	-0.04476514	0.35867035	0.43521333	0.00000000	0.00000000	0.00000000	0.48691890		-10.09095097	0.00000000	0.19362605	0.06420028	0.00000000	0.00000000	0.00000000	-9.31117058	0.70191491	0.00000000	0.00000000	-0.08589455	-0.04452693	-0.40985548	-0.41559112	9.89197159	0.22421420	0.00000000	0.20392513	0.00000000	0.22044025	0.16388105	-3.17585731	0.00000000	0.31482613	0.07072420	-0.03357846	0.78927922	0.00000000	-0.29234219	-0.07020363	-0.17896950	0.00000000	-8.61047173	0.00000000	-0.02506760	-0.26240790	0.00000000	0.00000000	-0.24831307	0.30855513	-0.63514960	0.00000000	0.00000000	0.00000000	9.91186714	0.00000000	0.10319921	0.31545478	-7.58197737	-0.28505957	0.00000000	0.00000000	0.00000000		0.00000000	-0.12003839	-9.01060390	0.06952274	-0.07576853		-10.20296097	-0.73988080	0.42697012	0.00000000	0.00000000	0.04293950	0.00000000	-0.52652693	0.00000000	-0.63015580	9.61978817	0.10804385	0.32575783	-0.79019296	0.42540959	0.00000000	0.08493663	-0.59196484	0.16812611	0.35042614	0.00000000	0.06341179	-1.14551079		-0.51620293	0.00000000	0.00000000	-0.18024540	0.00000000	0.00035509	-0.04103944	0.00000000	7.10227585	0.00000000	-0.09366280	-0.18998253	-0.17406607	0.00000000	0.00000000	0.46607208	0.00000000	0.00000000	0.17340839	0.00000000	0.25441092	0.30766886	0.00000000	0.00000000	-7.73781967	-0.00736946	-0.07575747	0.00000000	0.00000000	0.00000000	0.00000000	-0.08232188		-8.70001602	0.00000000	9.81606293	0.03667742	0.00000000	0.00000000	0.00000000	0.20685676		-0.04703462	0.14353067	0.00000000	-0.68328190	0.00000000	0.00000000	-0.04755485		0.00000000	0.00000000	0.20038185	0.00000000	0.48457813	0.00000000	0.29576352	-0.28626865	0.00000000	0.00000000	0.32440579	0.28806621	0.00000000		-7.68980312	0.00000000	-0.03330892	0.00000000	9.55857944	0.20881701	8.09349728	0.66622615		0.00000000	0.51511240	0.00000000	-0.63161516	-0.46457934	0.00000000	0.00000000		-9.20221710	0.00000000
chr4	153249385	driver	G	A	-0.68548775	0.00000000	0.00925946	-0.18309587	0.20025356	-7.95226526	-9.15674114	-0.65800714	0.00000000	0.00000000	0.48993316	0.08046958	0.00000000	0.00000000	0.00000000	-0.18073624	0.00000000	0.00000000	1.27494252	-0.19191888	0.47005785	0.13441521	-0.35215318	0.00000000	-9.89877129	0.00000000	0.00000000	0.51226383	0.00000000	-0.00183979	0.88044930	-0.27215657	-0.33987045	0.27502608	-0.35458416	0.15652028	0.47803432	0.00000000	0.00000000	0.00000000	0.10934845	0.00837265	0.00000000	0.00000000	0.00000000	0.00000000	0.00000000	0.00000000	-0.43944681	0.42119348	0.00000000		0.00000000	-7.63411903	-0.47852862	0.00000000	-0.33956429	-0.16257986	0.61504662	0.37969375	0.13750093	0.14976589	0.00000000	-0.10729624	1.75474000	0.62805295	0.16161519	0.00000000	0.00000000	0.35215577	0.20773278	0.00000000		0.05229655	0.00000000	-0.01731322	0.00000000	0.09370188	-0.26026678	0.00000000	0.04515162	0.13692051	0.00000000	0.00000000	0.00000000	10.23725033	0.00000000	0.00000000	-0.57008386	0.00000000	-0.15898751	-0.33731374	0.00000000	0.00000000	0.00000000	0.05659908	-0.12022167	0.00000000	0.00000000		-9.64045429	-8.57091904	0.04271451	0.00000000	-0.50539678	0.00000000	-0.27442926	-0.37619686	-0.46104896	0.00000000	-0.48736772	0.00000000	-0.24771231	0.55628991	-0.70730305	0.00000000	0.00000000	-0.06027114	-0.54849070	0.51634729	0.00000000	-0.00235309	8.95091915	1.01055586	-0.16416663	0.00000000	0.00000000	-0.25510001	0.00000000	10.21795559	0.00000000	0.00000000	0.00000000	-0.52424097	0.00000000	-0.26163638	0.36316445	0.00000000	-0.39031404	0.00000000	0.00000000	0.24172634		0.00000000	0.95552772	-9.05991077	0.19305372	-0.84039825			-0.95541233	-0.65618962	0.00000000	-0.10876936	0.26077425	0.00000000	-0.10555771	0.00000000	-0.26498181	0.00000000	-0.16447602	0.45256776	0.00000000	0.20085949	0.00000000	-0.32145903	0.12178602	0.00000000	-0.09335878	0.00000000	-0.17793511	0.64619565		-8.67655563	0.00000000	0.00000000	-0.35276958	0.00000000	-0.42348236	-0.04614118	0.00000000	0.00000000	0.00000000	0.00768384	0.56932729	-0.59255350	0.00000000	0.00000000	7.27973938	0.00000000	-0.47540689	0.12151742	0.00000000	0.00000000	2.14883757	0.00000000	1.59038234	-0.06564033	0.23699510	-0.26202679	0.00000000	0.00000000	0.00000000	0.00000000	0.40798000	0.13347304	-6.67807579	0.00000000	0.00000000	-0.05573436	0.00000000	0.13282269	-8.60177517	0.08794644	-0.11144167	0.00000000	-0.00361637	0.00000000	0.00000000	0.00000000	0.00000000	-0.07678679	0.00000000	-0.50405961	0.00000000	0.11419232	0.00000000	-1.64350545	0.00000000	-0.14420050	-0.28791082	0.00000000	0.00000000	0.00000000	0.23315966	0.00000000		-0.23299184	0.00000000	0.39876419	0.00000000	-0.36299020	0.00000000	0.00000000	0.11123505	0.46873498	-0.29919729	-0.20908850	0.00000000	-0.15042317	0.00799324	0.00000000	0.00000000		-9.67774010	0.00000000
chr4	153247289	driver	G	A	-3.96715069	0.00000000	0.31339067	-0.31615737	-0.04889770	0.00000000	-0.05568111	-0.04656428	0.00000000	0.47583020	-0.31515020	-0.15674892	0.00000000	0.00000000	0.00000000	-0.60105723	-0.62460911	0.00000000	0.43565476	0.03530678	-10.06243229	0.19347805	0.00000000	0.00000000	0.57719004	0.00000000	0.00000000	-0.16532478	0.00000000	-0.07433262	-0.17223477	-0.21850440	0.11705339	10.08413029	0.19529228	-0.30735701	-0.44642645	0.00000000	0.00000000	0.00000000	0.50902027	-0.21724364	-1.04838324	0.00000000	0.25555348	0.00000000	9.41339302	0.00000000	0.26558566	-0.62095398	0.00000000		8.79779720	0.00000000	0.24115993	0.00000000	-0.86901081	-0.42757761	-0.23413861	-0.08122545	-0.64948928	0.35379514	0.00000000	-0.41539466	9.76110458	-0.13665706	-0.75654024	0.00000000	0.00000000	0.11010194	-0.03934056	0.00000000		0.09062266	0.00000000	-0.10532305	0.00000000	0.22266667	-0.89508522	0.00000000	-0.38710451	0.06860816	0.00000000	-0.28082925	0.00000000	0.00000000	0.00000000	0.00000000	0.19271737	0.00000000	-0.12810569	-0.64133704	0.00000000	0.00000000	8.45271301	-0.17471701	-0.05919117	0.00000000	0.00000000	0.19968861	0.00000000	0.95252275	-0.29645169	0.00000000	-0.19662380	0.00000000	0.00263071	0.89604247	-0.44254696	0.00000000	-0.20932066	0.00000000	-0.72856224	-9.55368423	0.00000000	0.99524724	0.00000000	0.00000000	-0.46197969	-0.01849839	0.00000000	0.40060949	0.00000000	-0.02477789	0.24748768	0.00000000	-0.00223732	0.02781841	0.00000000	0.00000000	0.00000000	0.00000000	0.00000000	-0.48033589	0.00000000	-0.14450508	0.21114773	0.00000000	0.18962616	0.00000000	1.89110410	-0.08434087		0.00000000	-0.00898886	-0.30255562	-0.07820088	-0.90695012			0.07253461	-0.32809263	0.00000000	0.00000000	0.51889664	0.00000000	-0.45345229	7.26153898	9.96563530	0.00000000	-0.39795905	0.19750881	0.00000000	0.21762893	-9.02107143	-0.02713016	-0.48001412	0.00000000	-1.49258447	0.00000000	-1.14177096	-0.65255857		0.00000000	0.00000000	0.00000000		0.00000000	0.58836389	-0.11482811	18.81491470	0.33645964	0.00000000	0.54776049	-1.13085580	-9.04335213	0.00000000	0.00000000	10.08780193	0.00000000	1.79673791	-0.12446439	0.00000000	0.00000000	0.00000000	0.00000000	0.00000000	0.05712521	-0.89072114	-0.39542770	0.00000000	0.00000000	0.00000000	0.00000000	10.05121517	-0.84290588	0.13519478	0.00000000	0.00000000	-0.03103298	0.00000000	0.00000000	0.61627698	-0.94197458	-0.30922025	0.00000000	-0.00056911	0.00000000	0.00000000	0.00000000	0.00000000	0.74220282	0.00000000	-0.44793186	0.00000000	0.09603584	0.00000000	-0.33328962	0.00000000	-0.05753180	0.13244259	0.00000000	0.00000000	0.00000000	-0.11584452	0.00000000	0.03495215	0.04817577	0.00000000	-0.75089866	0.00000000	0.14790332	0.00000000	-8.66551208	0.22804248	-0.39268607	0.13063103	-0.35967404	0.00000000	-0.28351295	-0.51647115	0.00000000	9.67630100		0.00000000	0.00000000
chr4	153244091	passenage	C	T	-0.32113987	0.00000000	0.22281969	0.08058521	0.00564331	0.00000000	0.34961003	-0.27280954	0.00000000	0.00000000	-1.00250244	-7.04350090	0.00000000	0.00000000	0.00000000	-0.06303170	0.00000000	-7.57069969	-10.31892490	-1.63403511	-0.32491258	-0.59635317	0.15990949	0.00000000	9.50799274	0.00000000	0.00000000	-0.29153821	0.00000000	-0.09823623	0.78720719	0.05060720	0.17936832	0.00000000	-0.77615905	0.17818430	0.00000000	0.08184254	0.00000000	0.00000000	-0.61167622	-0.42238659	0.00000000	0.00000000	-9.16456223	0.00000000	0.00000000	0.00000000	-0.28225631	-0.08027899	0.00000000		0.00000000	0.00000000	-0.40435985	0.00000000	0.18401062	0.11159739	-0.21473873	-0.47104365	0.00000000	0.03095922	0.00000000		1.01699150	0.57206613	0.00000000	-0.41569662	-10.44679737	0.30202579	-0.50492167	0.00000000		0.02348383	0.00000000	0.38205957	0.00000000	-0.46774834	-0.11055160	0.00000000	0.34705907	0.08417558	-0.35430205	0.00000000	8.00608826	0.00000000	-0.37239021	-2.23419905	-0.56202734	0.00000000	-0.36426198	0.51457727	0.00000000	0.00000000	0.00000000	0.32634550	0.10092190	0.00000000	0.00000000	-0.28137949	0.00000000	0.00000000	-0.37255993	0.00000000	-0.05926040	0.00000000	-0.22578275	0.00000000	0.33166611	-0.38517275		0.00000000	-0.38413596	0.44579157	0.00000000	0.42209780	0.00000000	-0.62802243	-0.59740067	0.11412320	0.00000000	9.46715641	1.82864213	0.60754269	-0.01880890	0.00000000	0.00000000	0.78156388	-9.16466141	0.57339954	0.00000000	0.00000000	0.00000000	-0.53462201	0.00000000	-0.52751946	-0.11135688	0.00000000	0.29253399	0.00000000	0.00000000	0.00000000		0.00000000	9.60780144	-9.66542339		0.25018954			0.88312912	0.69555366	0.00000000	0.00000000	-0.00891343	0.00000000	-0.18492609	0.00000000	-1.59004521	0.52457494	0.12718666	0.22975552	0.00000000	0.72133148	10.52813053	0.24598739	0.20945388	-0.57599103	0.20602834	0.00000000	-0.03008747	-10.17190742		0.25415713	0.00000000	0.00000000	0.00859708	0.00000000	0.00325486	0.11227629	0.00000000	0.53339398	0.00000000	-1.62086320	-0.30035087	0.20059890	9.30041790	0.00000000	0.37340510	0.00000000	0.00000000	0.00000000	0.00000000	0.00000000	-0.96193576	0.00000000	0.00000000	-0.39343077	-0.36113214		0.00000000	0.00000000	0.00000000	0.00000000	-0.09746209		8.74961472	-0.08296418	0.00000000	0.03610709	0.00000000	0.00000000	0.00000000	0.25328577	-0.49233663	0.60738266	-0.03677499	0.00000000	-0.21828127	0.00000000	0.00000000	-1.00070500		0.00000000	0.00000000	-0.02112012	0.00000000	-1.24381423	0.00000000	-0.81302959	-0.35603020	0.00000000	0.00000000	0.00000000	-0.47337088	0.00000000		0.19459151	0.00000000	-0.29663980	0.00000000	-0.69746041	-0.41786742	0.00000000	-0.16807705		-0.56143218	1.08561075	0.00000000	-0.51727748	-0.24625921	0.00000000	0.00000000		-0.16508263	0.00000000
chr4	153249393	passenage	G	T	-0.01690400	0.00000000	0.07817790	0.26067722	-0.13482049	0.09767687	-9.02713394	-0.00586417	0.00000000	0.00000000	-0.55780506	-0.35799301	0.00000000	0.00000000	0.00000000	-0.30539125	0.00000000	0.00000000	0.85785735	-0.48747429	0.58720142	0.56897557	0.45361304	0.00000000	-0.02056569	0.00000000	0.00000000	0.47325802	0.00000000	-0.06783155	1.53409898	0.30102736	0.31005788	10.11310101	-0.14061591	0.19258595	2.56109524	0.00000000	0.00000000	0.00000000	0.53599775	-0.02069234	0.00000000	0.00000000	0.00000000	0.00000000	0.00000000	0.00000000	-0.02100760	0.56655824	0.00000000		7.63620949	0.00000000	-0.03217822	0.00000000	-0.64428437	0.06115109	-0.47625995	0.07359487	-0.16677344	0.41575557	0.00000000	0.59113830	-0.83285040	0.07476744	0.00000000	0.00000000	0.00000000	0.55258381	-0.01227176	0.00000000	-0.35786909	-0.13521862	0.00000000	0.16256711	0.00000000	-0.38575646	0.81005144	0.00000000	0.06622326	0.29744264	0.00000000	0.00000000	0.00000000	9.62920952	0.00000000	0.00000000	0.54901457	0.00000000	-1.02240086	-0.31675708	0.00000000	0.00000000	0.00000000	-0.65636623	-0.16243485	0.00000000	0.00000000		0.15545058	8.97168541	1.68182194	0.00000000	-0.06974620	0.00000000	0.57844293	0.00000000	0.71835464	0.00000000	0.16572537	0.00000000	-0.08190688	-0.37300447	-0.11313021	9.71878052	0.00000000	0.38408172	-0.17079723	-0.20968693	0.00000000	-0.60817623	9.01885223	0.18281126	0.54186344	0.00000000	0.00000000	0.37164459	0.00000000	-9.40467644	0.00000000	0.00000000	0.00000000	0.52934003	0.00000000	-0.13242200	-0.17894392	0.00000000	-0.57098877	0.00000000	0.00000000	-9.35259151		0.00000000	0.01301825	-0.05928576	0.29713690	0.35443443			-0.02028334	-0.39550138	0.00000000	-10.06560135	1.22712612	0.00000000	0.05827892	0.00000000	1.20395803	0.00000000	0.15772879	-0.07162863	0.00000000	-9.96259689	-8.12258720	0.20542884	0.45983231	0.00000000	0.22045225	0.00000000	-0.44499868	-0.51272148		-9.24860573	0.00000000	0.00000000	0.17467946	0.00000000	-0.04981697	0.00588334	0.00000000	0.00000000	0.00000000	0.17143996	1.11074424	-0.38143849	0.00000000	0.00000000	0.64436483	0.00000000	-0.11294568	-9.02498055	0.00000000	0.00000000	-8.87025833	0.00000000	9.46846962	-0.55765402	-0.11804125	-0.30073735	0.00000000	0.00000000	0.00000000	0.00000000	0.23860462	0.02181347	9.56023693	0.00000000	10.45974636	-0.04876471	0.00000000	0.10984075	0.00000000	-0.40553719	0.00387126	0.00000000	0.34937671	0.00000000	0.00000000	0.00000000	0.00000000	0.63982880	0.00000000	-0.18965107	0.00000000	-0.09492704	0.00000000	-0.40199614	0.00000000	0.37134552	0.48855102	-8.93322468	0.00000000	0.00000000	1.44223523	0.00000000		0.24857640	0.00000000	8.05553341	0.00000000	-0.99162120	0.00000000	0.00000000	0.07762027	0.55262804	0.05276179	0.27482939	0.00000000	0.11621395	-0.12688741	8.85437298	0.00000000		0.03428197	0.00000000
chr4	153249384	driver	C	T	-0.21629320	0.00000000	0.15007281	-0.39423078	-0.11036202	-1.47549534	0.03408730	-0.00342241	0.00000000	0.00000000	-0.04969186	0.05135390	0.00000000	0.00000000	0.00000000	-0.32033682	0.18569565	0.00000000	0.53265381	-0.19890165	0.01324457	-0.38114104	-0.23179793	0.00000000	-0.44298476	0.00000000	0.00000000	0.02221996	0.00000000	-0.01315079	9.76630497	-0.35648119	-0.05966258	0.29763567	-0.43938807	-0.27681077	0.26298571	0.00000000	0.00000000	0.00000000	0.23171908	-0.11180140	0.00000000	0.00000000	0.00000000	0.00000000	0.00000000	0.00000000	-0.25954098	0.16109443	0.00000000		0.00000000	0.00000000	-0.03668606	0.00000000	-0.15726537	-0.19692236	0.68053889	0.32926083	-0.27956319	-7.44511414	0.00000000	-0.30571613	0.94025809	0.50292379	-0.25259531	0.00000000	0.00000000	0.25268131	-0.08860107	0.00000000		0.01113600	0.00000000	-0.21765603	0.00000000	0.10992634	-8.47591114	0.00000000	-0.19297789	0.42281720	0.00000000	0.00000000	0.00000000	0.00000000	0.00000000	0.00000000	-0.01472431	0.00000000	9.41351032	-0.17617241	0.00000000	0.00000000	0.00000000	0.12349182	0.00126138	0.00000000	0.00000000		-0.31008220	0.00000000	-0.09927052	0.00000000	-0.31164062	0.00000000	-0.41644931	0.79169941	0.06972420	0.00000000	-0.44400257	0.00000000	-0.02644667	0.25975746	-8.38819122	0.00000000	0.00000000	0.23558933	-0.95261502	-0.07076859	0.00000000	-0.19339898	0.00000000	0.61831385	-0.53413463	0.00000000	0.00000000	-0.26653928	0.00000000	6.93370867	0.00000000	0.00000000	0.00000000	-0.47752893	0.00000000	-0.12042788	0.59618735	0.00000000	-0.36270058	0.00000000	0.00000000	-8.23949623		0.00000000	0.22623482	0.07497334	0.06131160	-0.84309548			-0.50048655	-0.18392298	0.00000000	0.28971124	-9.36779785	0.00000000	0.03028053	0.00000000	-0.19869609	0.00000000	0.17109078	9.11914158	0.00000000	0.39152843	0.00000000	-0.38878343	-0.24636255	0.00000000	-0.64380574	0.00000000	0.35126969	-0.02703600		0.00000000	0.00000000	0.00000000	-0.16797888	0.00000000	0.40175906	-0.43268260	0.00000000	8.94586563	0.00000000	0.17028651	0.59100080	-0.57899469	0.00000000	0.00000000	9.09694576	0.00000000	0.11206293	-0.88561964	0.00000000	0.00000000	0.48198152	0.00000000	9.81569672	0.76891410	0.23908591	-0.04844457	0.00000000	0.00000000	0.00000000	0.00000000	-0.01541108	0.26902705	-18.51838303	0.00000000	0.00000000	0.14007375	0.00000000	0.02257502	0.00000000	0.16500995	-0.46990329	0.00000000	-0.27822286	0.00000000	0.00000000	0.00000000	0.00000000	-0.10572106	0.00000000	-0.48565316	0.00000000	-0.25163752	0.00000000	-10.06582928	0.00000000	-0.41365248	-0.00348088	0.00000000	0.00000000	0.00000000	-0.27989531	0.00000000	-2.40706730	0.05522736	0.00000000	2.17137837	0.00000000	0.16941917	0.00000000	8.34444523	0.04478598	-0.02607867	0.03057495	-0.70429862	0.00000000	-0.12922347	0.45382583	0.00000000	0.00000000		-2.08929014	0.00000000
chr4	153251965	passenage	T	C	-0.04246481	0.00000000	-0.72518027	-0.13661766	-0.21684003	0.00000000	0.28731811	-0.28790587	0.00000000	0.00000000	0.29006821	0.06033753	0.00000000	9.75468445	0.00000000	0.69527006	0.00000000	0.00000000	0.15688258		0.01123047	0.18668728	0.00000000	0.00000000	0.64641178	0.00000000	0.00000000	0.04521683	0.00000000	-0.11242694	-0.11783433	0.29697806	0.24876904	-8.46826935	0.56889480	0.00553912	-0.20112056	0.00000000	0.00000000	0.00000000	-0.15133822	2.77373409	0.00000000	0.00000000	0.00000000	0.00000000	0.00000000	0.00000000	-0.38658130	0.08813360	0.00000000		-9.61100674	15.05417633	0.08014175	0.00000000	-0.04782523	-0.38107568	-0.19861770	0.33477241	-0.22219709	-0.37027121	0.00000000	0.18009543	-0.34047419	-0.47481072	-0.26688674	0.00000000	0.00000000		-0.40350926	0.00000000		-0.22940736	0.00000000	0.07426447	0.00000000	0.79801059	0.34929916	0.00000000	0.31866089	-0.26650357	0.00000000	-9.35145760	0.00000000	0.00000000	0.00000000	0.00000000	0.60593688	0.00000000	0.34739360	0.71286690	0.00000000	0.00000000	0.00000000	-9.36367416	0.56930703	0.00000000	0.00000000	-1.88514078	0.00000000	8.38471031	0.10651730	0.00000000	-0.56157398	0.00000000	0.67802274	5.97770596	0.24726376	0.00000000	0.24580389	0.00000000	1.13552213	-0.24901903	-5.59514380	0.00000000	0.00000000	-0.00831640	0.44434476	-0.02715707	0.00000000	0.35455623	0.00000000	-0.71617204	0.56817573	0.00000000	0.00000000	-0.27031296	0.00000000	0.00000000	0.00000000	0.00000000	0.00000000	-0.50484324	0.00000000	-0.07165249	-0.27905172	0.00000000	0.26537079	0.00000000	0.00000000	0.71645153		0.00000000	0.00000000	-0.06662982	-0.28773195	0.07484733			2.00866461	-0.80258131	-1.15871489	0.00000000	0.25092348	0.00000000	0.06646279	0.00000000	9.69676113	0.00000000	-0.03310049	0.10846120	0.00000000	-8.69763279	0.00000000	0.41768974	0.19717336	0.00000000	-0.30265966	0.00000000		-0.01380868		0.00000000	0.00000000	0.00000000	-0.29314315	0.16327643	9.14749432	0.73175085	-9.80890179	0.00000000	0.00000000	0.15872580	0.24684647	0.16241886	0.00000000	0.00000000	0.27698439	0.00000000	0.00000000	0.00000000	0.00000000	0.00000000	0.00000000	0.00000000	0.00000000	-0.78792644	0.68168890	0.15717512	0.74941945	0.00000000	0.00000000	0.00000000	-0.44303173	0.45401749	-0.42351818	0.00000000	-0.73087478	-0.23276065	0.00000000	0.00000000	-0.13951266	-6.91627789	-0.69117540	0.00000000	-0.12777582	0.00000000	0.00000000	0.00000000	0.00000000	0.84005803	0.00000000	-0.30156714	0.00000000	-0.25874984	0.00000000	10.09825134	0.00000000	0.77604455	0.13059357	0.00000000	0.00000000	0.00000000	-0.17182481	0.00000000	0.58612508	-0.24104667	0.00000000	-0.14634252	0.00000000	0.00000000	0.00000000	0.41592485	-0.17875633	-0.38355964	-0.47390226	-0.42641419	0.00000000	-0.48016715	1.14846504	0.00000000	-0.13043308		0.00000000	0.00000000
chr2	209116179	passenage	G	A	0.51113224	0.00000000	0.24397945	0.21706472	0.09518009	7.78506947	0.52215135	0.00000000	0.00000000	-0.02599466	-0.87866205	-0.06758379	0.00000000	0.00000000	0.00000000	-0.46231544	0.30241013	0.00000000	-0.34089103	0.17247009	-0.32942754	0.36179388	0.00000000	-8.26039982	-0.49564970	0.00000000	-0.38720405	-0.39145786	0.00000000	-0.03359137	-0.35937747	0.05200298	-0.16807517	0.00000000	-0.11309033	0.71649754	-0.07045197	-1.05705464	0.00000000	-10.13776779	0.12274020	0.25113457	0.00000000	0.00000000	0.00000000	0.00000000	0.00000000	0.00000000	0.64277357		-1.56035852	0.01741868	8.91219902	0.00000000	-0.39921916	0.00000000	0.53584087	0.46134025	0.00000000	0.17358306	0.00000000	0.29002076	0.00000000	0.02417719	10.02436924	9.43973351	0.00000000	-0.63469076	0.00000000	0.12561983	-0.64367062	0.00000000	-9.62909698	-0.22716036	0.00000000		0.00000000	0.10779220	0.47379172	0.00000000	-0.55688334	-0.24286413	0.00000000	0.00000000	0.00000000	-0.35031056	-1.26332724		9.77417374	0.00000000	-0.49901217	-0.16713206	0.00000000	0.00000000	-0.11304039	-8.85776138	0.12110189	0.00000000	0.00000000	0.63852966	0.32926559	0.00000000		0.00000000	-0.16410345	0.00000000	-0.03951859	0.00000000	-0.16921437	-0.63691556	0.03665012	0.00000000	0.35489058	-0.08057421	0.00000000	0.00000000	0.00000000	0.88282692	0.16453427	-0.16445637	0.00000000	0.00933182	0.00000000	9.69288349	0.12694865	0.00000000	0.00000000	-8.78316307	0.64126658	0.00000000	0.00000000	0.00000000	0.00000000	-0.68811828	0.00000000	-0.43961748	-0.04459876	0.00000000	-1.42306972	0.00000000	0.00000000	-8.16999912	1.02775824	0.00000000	-0.39048567	2.63161373	-0.69894814	0.63474095		10.00831032	0.15337014	-6.91639996	0.00000000	0.00000000	-0.39859116	0.00000000	0.00000000	-0.43565953	-0.61878860	0.00000000	0.00000000	-0.50708222	0.51695144	0.00177637	0.00000000	0.18833408	-0.32359198	5.99526024	-0.19653223	0.00000000	-0.14410508	-0.20856282	3.43546844	0.24331498	0.00000000	0.00000000	0.12203667	0.00000000	-0.37493229	-0.06324334	-0.35304713	-0.17551100	0.00000000	-0.51986659	0.14439660	-0.33485326	0.00000000	0.00000000	0.46514499	0.00000000	0.00000000	0.00000000	0.00000000	-0.58496529	0.00000000	0.00000000	0.68813872	-0.44608194	-0.23406017	0.00000000	0.00000000	0.00000000	0.00000000	0.00000000	0.27043200	-0.39618480	-0.10229757	0.00000000	0.00000000	0.09763099	0.00000000	0.00000000	0.00000000	-0.08939222	0.04133791	0.00000000	0.21752325	0.00000000	0.21514034	0.00000000	0.00000000	-0.28244555		0.32128894	0.00000000	-0.67238128	0.00000000	-0.48832202	0.03380370	-0.09779745	0.31562066	0.00000000	0.00000000	-0.15905213	0.35088599	0.00000000		-0.04974663	0.00000000	-0.02380531	0.00000000	0.25202823	-0.22982708	6.77911568	8.86790085		0.10596371	-9.12942505	0.00000000	0.51489842	-7.96194458	0.00000000	0.00000000		-0.89455640	0.00000000
chr2	209113112	driver	C	A	0.45180416	0.00000000	0.90687561	-0.36608809	0.26201382	0.00000000	8.53688812	0.00000000	0.00000000	0.00000000	-0.14305699	-0.07120046	0.00000000	0.00000000	0.00000000	0.43355572	-0.85238159	0.00000000	-0.26141346	1.54732990	-0.45013702	-0.88899243	0.00000000	0.00000000	-0.53201735	0.00000000	-0.91764021	0.12637055	0.00000000	-0.08943889	9.66002750	0.26997143	0.86501795	0.00000000	2.41406465	7.66958618	-7.50576782	-1.09921336	0.00000000	0.00000000	0.18956846	-0.53621483	0.00000000	0.00000000	0.00000000	0.00000000	0.00000000	0.00000000	-0.15457571	-0.62355828	-1.72440422	0.41360265	0.00000000	0.00000000	1.24207175	0.00000000	-0.03456315	0.10165548	-0.49391353	0.43574968	0.00000000	10.25241470	0.00000000	-0.36510471	-0.90089434	0.73304772	0.00000000	-0.64793122	0.00000000	0.46260136	-1.07985306	0.00000000	-0.15645221	-0.40799135	0.00000000	-1.43491602	0.00000000	-0.44209301	-0.32903785	0.00000000	0.34476230	-0.03778547	0.00000000	0.00000000	0.00000000	0.00000000			9.84574032	0.00000000	-0.29030144	-0.02141286	0.44897896	7.76357460	0.00000000	0.02297777	0.36316371	0.00000000	0.00000000	-0.58674091	-0.44924378	0.29079843	-0.31572965	-0.83071172	-0.27608255	0.00000000	0.32833135	0.00000000	0.18882000	-0.42177093	0.32380486	0.00000000	10.13733101	0.58303332	9.53922367	0.00000000	0.00000000	0.00000000	0.08476639	0.01523453	0.00000000	-0.34130514	0.00000000	0.25018972		0.00000000	-10.10797977	0.00609401	0.00000000	0.00000000	0.00000000	0.00000000	0.00000000	1.09488738	0.00000000	0.00468534	1.16534209	0.00000000	10.06976032	0.00000000	0.00000000	0.01768708	10.77537155	0.00000000	-0.55334568	0.84983027		-0.37310845			8.61430073	0.08975351	0.00000000	0.00000000	-0.01575935	0.00000000	0.11413497	-0.39105785	1.19020867	0.00000000	0.03064078	-0.18138412	0.00000000	1.57517874	0.00000000		-3.53551245	-8.79700089	-0.13001594	0.00000000	-9.83382225	0.13064136		-0.92382050	0.00000000	0.00000000		0.00000000	0.59347671	0.00166899	0.00000000	-0.36554539	0.00000000		-0.74180597	0.44241464	0.00000000	0.00000000	-10.18750763	8.52959347	-1.38835478	0.00000000	0.00000000	0.00000000	-0.17038956	0.00000000	0.00000000	0.10415822	-0.55957353	9.16104031	7.17027521	0.00000000	0.00000000	0.00000000	-0.04122129	0.57668436	0.91205561	-0.33631912	0.15566945	-0.40436825	0.00000000	0.00000000	0.00000000	0.06014508	0.33739072	0.00000000	-0.18013544	0.00000000	-0.73528588	0.00000000	0.00000000	-0.34023410		0.03449678	0.00000000	0.73629421	0.00000000	8.57085514	0.00000000	0.28755468	0.25949565	0.00000000	0.00000000	0.00000000	0.09317945	0.00000000		1.08217001	0.00000000	-0.61692601	0.00000000	0.28056625	7.38908148	17.57792282	0.45046404		-0.03879893	0.09501994	0.00000000	1.00107002	9.77103043	0.00000000	0.00000000		-0.16522931	0.00000000
chr2	209113112	driver	C	T	0.05891770	0.00000000	1.07829273	0.05550423	0.17469846	7.12268686	0.22981930	9.47366142	0.00000000	0.00000000	-0.28680205	0.11653689	0.00000000	0.00000000	0.00000000	0.02576728	-0.83919895	0.00000000	-1.07433987	0.93484712	0.22944126	-0.57303852	0.00000000	0.00000000	-0.22888318	0.00000000	-0.46020234	-0.06128931	0.00000000	-0.12317377	8.19068146	0.21445847	0.55905116	0.00000000	1.08370805	7.54080963	-7.50576782	-0.48597610	0.00000000	0.00000000	-0.09371215	-0.66524768	0.00000000	0.00000000	0.00000000	0.00000000	0.00000000	0.00000000	0.07430165	-0.25040752	-1.40430725	0.21657312	0.00000000	0.00000000	0.47341228	0.00000000	0.23061714	0.04793096	-0.52834058	-0.01527682	0.00000000	10.28507042	0.00000000	-0.38491166	-0.30762380	0.55755895	0.00000000	-0.41423535	0.00000000	-0.38231099	-0.69937539	0.00000000	0.15403856	-0.16246676	0.00000000	-0.87082005	0.00000000	-0.30727836	0.61781311	0.00000000	-0.17287731	0.19784635	0.00000000	0.00000000	0.00000000	0.00000000			0.11544698	0.00000000	-0.62345684	0.04694331	0.49340004	0.00000000	0.00000000	0.37503168	0.46049228	0.00000000	0.00000000	0.29873395	-0.39758426	0.74625468	-0.00792408	-0.45647800	-0.12178038	0.00000000	0.44806886	0.00000000	0.20689982	0.20844918	0.44114840	0.00000000	9.12114143	0.53393400	-9.69783401	0.00000000	0.00000000	0.00000000	0.22551410	-0.11642285	0.00000000	0.13944271	0.00000000	-0.62265241		0.00000000	-0.29490221	-0.16549817	0.00000000	0.00000000	0.00000000	0.00000000	0.00000000	0.79554570	0.00000000	-0.63120139	0.20933786	8.35818863	9.90310097	0.00000000	0.00000000	-0.61036658	9.96744823	0.00000000	-1.33474278	0.83639783		-0.23887746			8.97886753	-0.37239495	0.00000000	0.00000000	8.83301926	0.00000000	-0.28936398	-0.17014462	0.87148988	0.00000000	-0.28168929	-1.05375433	0.00000000	1.16509748	0.00000000		-0.13207453	-8.79700089	0.09795196	0.00000000	0.28902316	0.02017524		-0.02215528	0.00000000	0.00000000		0.00000000	0.34196520	0.25149524	10.08738518	0.02898389	0.00000000		-0.32478422	0.49892849	0.00000000	0.00000000	0.09151769	9.62019062	-9.59015942	0.00000000	0.00000000	0.00000000	-0.31686205	0.00000000	0.00000000	-0.04186824	-0.02761918	0.00000000	0.00000000	0.00000000	0.00000000	0.00000000	0.06883794	0.11905843	0.46159691	-0.18491170	0.28243244	-0.29314315	0.00000000	0.00000000	0.00000000	-0.41439399	0.53232312	0.00000000	0.09713414	0.00000000	-0.73317826	0.00000000	0.00000000	0.08644992		-0.04911834	0.00000000	0.04272841	0.00000000	7.94904470	0.00000000	0.28607398	-0.04651958	0.00000000	0.00000000	0.00000000	-0.21325186	0.00000000		0.53367066	0.00000000	-0.68261546	0.00000000	-0.19463840	8.31970978	0.00000000	0.07622021		0.10360110	0.88988310	0.00000000	0.57097554	10.38246155	0.00000000	0.00000000		0.13844003	0.00000000
chr2	209108281	passenage	C	T	-0.01315467	0.00000000	0.07218814	0.24001335	-0.02361855	0.28665137	0.37007356	0.00000000	0.00000000	0.00000000	0.37047285	0.02577299	0.00000000	0.00000000	0.00000000	-0.10411960	0.00000000	0.00000000	-0.02879432	8.38087177	-0.22958332	0.05813444	-0.78231251	0.00000000	-0.87144637	0.00000000	-0.23621732	0.37784919	0.00000000	0.08958820	-0.26664865	-0.05053709	-0.34986848	0.00000000	0.54920161	0.25521636	0.08044875		0.00000000	-1.85303521	-0.53682184	0.17544878	0.00000000	0.00000000	0.00000000	0.00000000	0.00000000	0.00000000	0.39277428	-0.00626081		0.22429712	0.00000000	0.00000000	-0.27556843	0.00000000	0.29474920	0.54522854	0.00000000	0.03240806	0.00000000	-0.30239689	0.00000000	0.25730899	0.00000000	-0.32781804	0.00000000	-0.76218843	0.00000000	0.10832924	0.25278816	0.00000000	-0.12871122	0.14437574	0.00000000	-0.20875390	0.00000000	-0.31820357	0.59200573	0.00000000	0.23083067	0.13427077	0.00000000	0.00000000	-0.12493849	0.00000000			-0.33540899	0.00000000	-0.46911603	0.20923440	0.11315405	0.00000000	-0.63085055	0.26922357	-0.13677999	0.00000000	0.00000000	0.15101922	-0.25212064	-0.53519678	-0.06280521	0.00000000	-0.13396236	0.00000000	-0.09400870	0.00000000	-0.33484781	-0.64347154		0.00000000	-0.24865714	-0.03503680	-0.29850495	0.00000000	0.00000000	-0.32901502	0.00505028		0.00000000	1.19366217	0.00000000	0.54609561		0.00000000	-1.08457446	0.03127384	0.00000000	0.44165850	0.00000000	0.00000000	0.00000000	-0.18865302	0.00000000	0.19902132	0.57038456	0.00000000	0.92248106	0.00000000	-3.54861498	8.66665173	8.24057388	0.00000000	7.32005930	1.02916813	0.13047774	0.56066084		-0.44647789	-0.19239768	-0.34011835	0.00000000	0.00000000	-0.01101762	0.00000000	0.00314862	-0.19800156	-0.31837350	0.00000000	-0.09373774	-0.38398719	0.00000000	-0.16638643	-0.36834711		-0.15194190	0.00000000	-0.09279042	0.00000000	-0.13982207	0.23937479		-9.02243614	0.00000000	0.00000000		0.00000000	0.00975293	-1.36171222	0.00000000	-0.05351037	0.00000000	0.28762323	-0.27998817	0.20001471	0.00000000	0.00000000	-0.03878842	0.00000000	0.44535780	-8.92213631	0.00000000	0.00000000	0.20402753	0.00000000	-0.13844830	-0.34097227	-0.26076174	-0.17312923	0.00000000	0.00000000	0.00000000	0.00000000	-0.04387841		-0.00082637	0.00000000	0.00000000	0.10925472	0.00000000	0.00000000	0.00000000	0.32767838	-0.06214920	0.00000000	-0.15695587	0.00000000	-0.18963456	0.00000000	0.00000000	-0.08428508		-8.60391617	0.00000000	0.24466002	0.00000000	-0.20569906	0.00000000	0.15638527	-0.10114548	-0.16298580	0.00000000	-0.10005668	0.13354427	0.00000000		0.19407856	0.00000000	0.06046247	-1.26257062	-0.82477283	-0.15006924	0.36271942	-0.05762857	-0.18985313	0.15652132	-0.04461128	8.66287804	0.11828965	0.11030900	0.00000000	0.17622113		0.07251535	0.00000000
chr2	209113113	driver	G	A	-0.01551133	0.00000000	0.53670335	-0.12570092	0.27872679	0.00000000	-0.20495272	0.85485399	0.00000000	0.00000000	0.09365818	0.00797129	0.00000000	0.00000000	0.00000000	0.58597136	-2.31326818	0.00000000	-0.22168392	1.14963973	0.00018191	-0.19509119	0.00000000	0.00000000	0.24589306	0.00000000	-0.54995179		0.00000000	-0.05833577	6.29219437	0.09406473	0.65550864	0.00000000	0.89018434		-0.69921041	-0.42343020	0.00000000	0.00000000	-0.28050166	-0.52897042	0.00000000	0.00000000	0.00000000	0.00000000	0.00000000	0.00000000	-0.27638394	-0.77995431	-1.14543915	0.40045255	0.00000000	0.00000000		0.00000000	0.18632895	-0.00703016	0.56443155	0.98811066	0.00000000	0.10344364	0.00000000	0.35384583	-0.49264878	7.93965912	0.00000000	-0.73627639	0.00000000	0.36569324	-0.57755053	0.00000000	0.29094005	1.12571287	0.00000000		0.00000000	-0.12802681	-0.33577514	0.00000000	0.33603692	0.14302447	0.00000000	0.00000000	0.00000000	0.00000000			8.65017891	0.00000000	-0.63561130	0.06736740	0.19202352	0.00000000	0.00000000	0.38638604	0.49855965	0.00000000	0.00000000	0.61200976	-0.78872138	0.00000000	-0.35270101	-9.74934578	-0.16036329	0.00000000	0.56661069	0.00000000	0.59965312	-0.77714056	-0.02433902	0.00000000	-1.75710440	0.75599796	-8.09447193	0.00000000	0.00000000	0.00000000	-0.50207943	-0.31219256	0.00000000	0.74635744	0.00000000	0.05080861		0.00000000	0.23456502	-0.16720419	0.00000000	0.00000000	0.00000000	0.00000000	0.00000000	-8.94021988	0.00000000	0.14388686	0.34955978	0.10603094	0.90351307	0.00000000	0.00000000	-0.21468842	1.41830432	0.00000000	-0.22604287	0.21611190		-0.25745666			0.39804161	-0.22243518	0.00000000	0.00000000	-0.09328461	0.00000000	0.27395335	-0.23662311	0.46281186	0.00000000	0.06101426	-0.59378326	0.00000000	10.06826496	0.00000000	-0.37376577	0.59246624	7.54138947	0.51072437	0.00000000	-0.51830769	0.29785821		-0.21737039	0.00000000	0.00000000		0.00000000	1.18791103	0.02418011	0.00000000	0.08698618	0.00000000		-0.30729100	0.17488493	0.00000000	0.00000000	-9.08759975	0.00000000	-9.66869545	0.00000000	0.00000000	0.00000000	-0.61251915	0.00000000	0.00000000	-0.01201159	0.07340172	0.08044589	0.00000000	0.00000000	0.00000000	0.00000000	0.34871238	0.44788343	-0.19848281	0.04552886	0.69085014	-0.37534016	0.00000000	0.00000000	0.00000000	0.42155999	0.20965499	0.00000000	-0.44483179	0.00000000	-0.38791478	0.00000000	0.00000000	1.84612501		-0.73594970	0.00000000	0.15893099	0.00000000	-0.04145414	0.00000000	0.68571675	-0.10699503	0.00000000	0.00000000	0.00000000	-0.08512849	0.00000000		0.90268749	0.00000000	-0.10166034	0.00000000	-0.36698836	-0.41890475	0.00000000	0.40127194		0.25889343	0.92777222	0.00000000		10.63871384	0.00000000	0.00000000		0.08997341	0.00000000
chr2	209113113	driver	G	T	0.03489703	0.00000000	0.83574992	-0.21052659	0.25240636	0.00000000	-0.17328918	0.99196911	0.00000000	0.00000000	0.24317628	-0.03945647	0.00000000	0.00000000	0.00000000	0.57198155	-1.67946696	0.00000000	0.08516157	0.19678482	-0.06358558	-0.30400109	0.00000000	0.00000000	-0.05730498	0.00000000	-0.63735217	1.43615115	0.00000000	-0.09496857	9.59754181	0.05039792	0.54245085	0.00000000	1.08520985	-0.62166357	0.02403712	-0.60184658	0.00000000	0.00000000	-0.16141856	-1.42130578	0.00000000	0.00000000	0.00000000	0.00000000	0.00000000	0.00000000	-0.24823400	-0.46485004	-1.05353391	0.53155887	0.00000000	0.00000000	0.97356057	0.00000000	-0.13551956	0.07000078	0.63370597	1.30475843	0.00000000	0.14990032	0.00000000	-0.08768149	-0.47688490	0.82612127	0.00000000	-0.64151603	0.00000000	0.72410166	-1.25837851	0.00000000	0.44036382	-0.16635084	0.00000000		0.00000000	-0.03174746	-0.05658877	0.00000000	-0.29555064	0.10376471	0.00000000	0.00000000	0.00000000	0.00000000			0.09426364	0.00000000	-0.97509098	-0.19752267	0.59638411	0.00000000	0.00000000	0.27599972	0.30974206	0.00000000	0.00000000	-0.21610582	-1.68709731	9.98083687	-0.17018156	-9.74934578	-0.45090652	0.00000000	0.56860304	0.00000000	1.24956596	-0.58576852	-0.11718309	0.00000000	1.97063971	0.99601710	0.44347286	0.00000000	0.00000000	0.00000000	-0.12240212	-0.05259344	0.00000000	0.20000069	0.00000000	0.14747044		0.00000000	-9.79395771	-0.10996048	0.00000000	0.00000000	8.84966564	0.00000000	0.00000000	0.91071463	0.00000000	-0.07461298	0.37164450	0.67013252	0.54892433	0.00000000	0.00000000	-0.34680569	1.06986845	0.00000000	0.28941798	0.38409019		-0.50161326			0.32560515	-0.24928731	0.00000000	0.00000000	-0.09532538	0.00000000	0.32025105	-0.35184050	0.66368639	0.00000000	0.15156390	-0.43876642	0.00000000	10.20004272	0.00000000	-1.17856336	0.30484551	-0.16233540	0.07350940	0.00000000	-0.08616352	0.48819262		-0.08249879	0.00000000	0.00000000		0.00000000	0.32068914	-0.03222144	0.00000000	-0.25888371	0.00000000		-0.11681159	-0.07275050	0.00000000	0.00000000	-8.87719059	0.00000000	-1.06904519	0.00000000	0.00000000	0.00000000	-0.21167001	0.00000000	0.00000000	0.00430909	0.13390656	0.49050820	0.00000000	0.00000000	0.00000000	0.00000000	0.23424487	0.04887979	0.47043955	-0.13310519	0.49041808	-0.38490394	0.00000000	0.00000000	0.00000000	-0.11051393	0.68510324	0.00000000	-0.05244610	0.00000000	-0.82803106	0.00000000	0.00000000	0.85919654		-0.26672095	0.00000000	0.54254305	0.00000000	0.19727522	0.00000000	0.65432370	-0.10608742	0.00000000	0.00000000	0.00000000	0.23665150	0.00000000		0.67944145	0.00000000	-0.29877108	0.00000000	-0.43656510	-0.11619852	0.00000000	0.27587712		0.35999304	1.13565230	0.00000000		0.37109262	0.00000000	0.00000000		0.17469373	0.00000000
chr15	90631943	passenage	C	T	0.80281639	0.00000000	0.00000000	-9.63323593	-0.02305794	0.55720782	0.00000000	0.00000000	0.00000000	0.00000000	-0.38374409	0.23287946	0.00000000	0.00000000	0.00000000		-0.57491654	0.00000000	-0.06329468	0.04522586	-0.29209363		0.00000000	1.27401221	0.36790058	0.19258457	-0.32622212	0.05428417	0.00000000	0.10314301	0.18734221	-0.13221723	9.61836147	0.00000000	0.05116415	-0.10962776	-0.59485757		0.00000000	-0.56975186	0.16218685	-0.05881423	0.00000000	0.00000000	0.00000000	0.00000000	0.00000000	0.00000000	0.15306646	9.74228001		-0.24771982	0.00000000	0.00000000	-0.07433105	0.00000000	0.03868628	-0.73200881	0.00000000	0.08244357	0.00000000	-0.03997862	0.00000000	0.22513747	8.28368378	0.07616317	0.00000000	-1.98822784	0.00000000	-0.17524564		-0.43302780	-0.65247452	-0.00996146	0.00000000	0.13728881	0.00000000			0.00000000	0.20039961	-0.20508656	0.00000000	0.00000000	-0.01620865	0.00000000			-0.22437263	0.00000000	-0.18692462	10.15881729	0.00000000	0.00000000	0.10534191	-0.73180735	0.00000000	0.00000000	-0.65757215	0.00000000	-0.23500288	0.00000000	0.28742194	0.00000000	0.12975556	0.00000000	-0.70067036	-9.24391747	0.00262207	-0.57191634	0.02838713	0.00000000	0.05428278	0.37564617	0.00000000	0.00000000	0.00000000	0.49210513	0.41160667	-0.20182425	0.00000000	-0.12067619	1.23564553	-0.28045100	-0.10176268	0.00000000	-1.90987563	0.66060054	-0.15215707	-0.02222797	0.00000000	0.00000000	0.00000000	-0.55518359	0.00000000	0.43104416	-0.13520944	0.00000000	0.14895928	0.00000000	0.00000000	-8.59419060	-0.13117285	0.00000000	-0.09736037	0.09948774	-0.34861964	0.35384524	-0.02440941	-0.81227958	-0.76522768	0.16288692	0.00000000	0.00000000	0.50854069	0.00000000	0.01309264	0.11414947		0.00000000	-0.04666400	-0.05982101	0.00000000	-0.32854691	0.00000000	-0.01701674		0.00000000	0.19592336	0.00000000	-0.32028735	0.22444969	-0.63696051	0.00539458	0.00000000	0.00000000	0.45991161	0.00000000	0.11924486	0.16492960	0.00000000	-0.04635906	0.00000000	0.04241133	-0.49307585	-0.01661661	0.00000000	0.00000000	0.23639941	0.00000000	0.00000000	0.00000000	0.00000000	0.13282996	-0.01922319	-1.21057093	0.00000000	-0.63261104	0.09256274	-0.20978284	-8.91811943	-0.11981678	0.00000000	0.00000000	0.00000000	0.04715738	-0.31178471	0.00000000	0.00000000	0.03703956	0.00000000	0.00000000	-0.43066645	-0.46594852	0.02959964	1.47552109	0.26850027	0.00000000	0.38842058	0.00000000	0.00000000	0.48381382		7.74738598	0.00000000	0.00000000	9.70964336	0.07812497	-0.29064441		0.23055315	0.00000000	0.00000000	0.03998542	-0.03329444	0.00000000	-0.31909531	0.36171219	0.00000000	-0.08188850	-0.40560269	0.05214259	-0.10182250	0.00000000	-0.09510988		-0.31965899	5.31179667	-0.11023164	10.01638889	-1.54015160	0.00000000	0.00000000		-0.13428046	0.00000000
chr15	90631838	driver	C	T	-0.16242945	0.00000000	-0.51108861	0.07846080	-0.10241573	0.00000000	-0.27498817	0.00000000	0.00000000	0.00000000	-0.05194338	-0.14442372	9.53846741	0.00000000	0.00000000	-0.35424525	-0.11602366	0.00000000	0.02127001	0.26396897	0.12765995		0.00000000	-0.47002697	0.11617151	-0.05104768	0.32307985	-0.21778515	0.00000000	0.06768225	-0.26432294	0.00979745	-0.10715300	0.00000000	-2.40307760	-0.00190604	0.10944176	0.23447479	0.00000000	0.00000000	0.05585240	0.44303817	0.00000000	0.00000000	0.00000000	0.00000000	0.00000000	0.00000000	0.15246554	-0.00254136		-0.55044055	0.00000000	0.00000000	0.05103564	0.00000000	0.81863487	0.52571505	0.00000000	-0.11091547	0.00000000	0.15900290	0.00000000	0.01719970	0.06008887	0.76175094	0.00000000	0.21450877	0.00000000	-0.43074799		0.00000000	-0.65003723	0.12527676	-0.21827769	0.13264349	0.00000000		-0.05223215	0.00000000	0.05533844	-0.02987194	0.00000000	0.00000000	0.00000000	0.00000000	0.87168944		-0.38304460	0.00000000	0.26470006	0.10328209	0.00000000	0.00000000	-9.90864277	-0.00919747	0.22951508	0.00000000	0.00000000	-7.86903954	-1.40685582	0.00000000	0.21783897	0.00000000	0.44370344	0.00000000	0.07445025	-0.91562617	-0.52836764	0.37720877	-0.08969980	0.00000000	-0.27119556	-0.02438907	0.00000000	0.00000000	0.00000000	-0.14009041	0.76287776	0.18028301	0.00000000	-0.42240939	-8.66486931	0.19217731	-0.05026168	0.00000000	1.97203279	0.08796501	0.08156765	0.41336691	0.00000000	0.00000000	-0.10932636	0.22652778	0.00000000	0.10230772	0.16213882	0.00000000	0.01441443	0.00000000	0.00000000	0.00000000	-0.53216487	0.00000000	0.04365468	0.20910832	0.02726941	-0.18342230	-0.34976071	-0.46106434	-8.10747623	0.10359546	0.00000000	0.00000000		0.00000000	-0.93324399	0.11177876		0.00000000	0.00000000	-0.15943778	0.00000000	-0.05524187	0.00000000	0.06404513		0.00000000	-0.20200662	0.00000000	-0.63228166	0.00490474	-1.26809239	0.09998745	0.00000000	0.00000000	0.18679766	-0.40891600	-0.10191059	-0.33775213	0.00000000	0.00000000	0.00000000	-8.96394634	-0.54854655	-0.09275819	0.00000000	0.00000000	-0.01207367	0.00000000	0.00000000	0.36997294	0.00000000	0.07887453	0.13406740	-8.00594521	0.00000000	0.24114573	-0.39554471	-0.62649113	0.00000000	0.00000000	0.00000000	0.00000000	0.00000000	-0.67365152	0.09299070	0.00000000	0.00000000	0.14604762	0.00000000	0.00000000	0.04314590	-0.84479946	-0.16897538	-0.12534136	0.09638706	0.00000000	0.22883344	0.00000000	0.00000000	-0.39556855		-0.12698388	0.00000000	0.11921275	0.08591509	0.22583872	0.00000000	0.02277589	-0.39361310	0.00000000	0.00000000	0.17316139	0.12586476	0.00000000	0.03459848	-0.44110826	0.00000000	0.10120501	8.74428177	0.13279402	-0.08848394	0.00000000	-0.66222918		-0.31084794	0.18528068	0.00000000	-0.07789612	-0.21457142	0.00000000	0.00000000		0.07881999	0.00000000
chr15	90630682	passenage	C	A	0.15069413	0.00000000	-0.08730638	0.36056948	-0.05793886	9.32235718	0.00000000	0.00000000	0.00000000	-0.27408409	0.16492075	0.02284598	0.00000000	0.00000000	0.00000000	0.20355555	-0.10857570	0.00000000		0.23533043	-0.13750514		0.00000000	0.00000000	0.16721323	0.28496861	-0.25932193	-0.43028939	0.00000000	0.01609844	-0.06888139	-0.00826552	-0.19467658	0.00000000	-0.00858627	-0.15948221	0.00000000		0.00000000	0.06533098	0.05491349	-0.42501938	0.00000000	0.00000000	0.00000000	0.00000000	0.00000000	0.00000000	0.13425075	0.00000000		-0.24958169	-9.09858131	0.00000000	0.07840480	0.00000000	-0.28773963	0.24516684	0.00000000	0.16872221	0.00000000	0.38744748	0.00000000	0.56444514	0.02978510	-0.75635350	0.00000000	0.09546840	-9.02523613	-0.56977880	0.13640234	0.00000000	-0.07119490	-0.05500621	0.00000000		0.00000000		-0.00951895	0.00000000	0.06239533	-0.08927812	0.00000000	0.00000000	0.00000000	0.00000000			-0.10661799	0.00000000	0.08148158	0.00000000	0.00000000	0.00000000	0.00000000	-0.05854321	-1.14158177	0.00000000	0.00000000	0.25013804	0.00000000	-0.03870130	0.05359125	0.00000000		0.00000000	-0.08775139	0.00000000	0.42711270	-0.49324211	-0.02364516	0.00000000	-0.74138564	-0.09934086	-0.18241072	0.00000000	0.00000000	1.02734578	0.00000000	0.30195659	0.00000000	0.16296533	0.00000000	0.19855374	-0.46976998	0.00000000	0.00000000	0.00000000	-0.49720806	0.07127863	0.00000000	0.00000000	0.00000000	-0.19094908	0.00000000	0.15478466	0.19995922	0.00000000	0.33051038	0.00000000	0.00000000	0.10963207		0.00000000	0.00000000	-0.04618360		0.88297367		-0.13524270	-0.44547796	0.08463418	0.00000000	0.00000000	-0.16531307	0.00000000	-0.11538744	-0.20752782	0.19093421	0.00000000	-3.30606461	-0.09750581	0.00000000	0.22108169	0.00000000	-0.22594514	-0.04493246	0.00000000	0.31271416	0.00000000	0.19916022	0.19412193	-0.00291610	0.21717930	-8.79733849	-0.25525749		0.00000000	0.09296781	-0.07544813	0.00000000	-0.18516791	0.00000000	-0.27713317	-1.19868302	-0.03966211	0.00000000	-9.72729301	0.26839960	0.00000000	0.00000000	-0.28149143	0.00000000	-8.99867630	0.43560940	0.00000000	-8.52130890	0.47061753	0.04588160	0.44849181	-0.12697971	0.00000000	0.00000000	0.00000000	0.00000000	-0.56566954	-0.16852383	0.00000000	0.00000000	0.25821409	0.00000000	0.00000000	0.00000000	0.00000000	-0.80335170	-0.44254506	0.15611896	0.00000000	0.10916281	0.00000000	0.00000000	-0.05525333		0.06003386	0.00000000	-0.15414824	0.00000000	0.00000000	0.00000000	-0.20387217	0.00000000	0.00000000	0.00000000	0.65234190	-0.53193223	0.00000000	0.00208411	-0.34819257	0.00000000	-0.08578762	0.00000000	0.68836868	-8.59132481	0.00000000	-0.18549478		0.00000000	-0.00339863	0.00000000	-8.54067898	0.00000000	0.00000000	0.00000000		0.07810169	0.00000000
chr15	90628072	passenage	G	A	0.00000000	7.67165089	0.00000000	0.61103827	0.33065704	1.40242004	0.00000000	0.00000000	0.00000000	0.35807157	-0.18680061	0.14099547	0.00000000	0.00000000	0.00000000		-0.10528797	0.00000000	0.08780447		0.00533140		0.00000000	0.00000000	0.21068126	-0.11331464	-0.01221159	0.07785845	0.00000000	0.07849525	0.04335898	0.07029447	-1.13624644	0.00000000	-1.16335618	-0.09130934	1.75118923		0.00000000	0.00000000	-0.94731605	-1.05545449	0.00000000	0.00000000	0.00000000	0.00000000	0.00000000	0.26392412	0.19087167	-0.05245173		-0.21551448	-0.29562783	0.00000000	0.06091656	0.00000000	9.10678101	0.00963235	0.00000000	0.36323172	0.00000000	-0.39481348	0.00000000	0.01387382	0.38198555	0.12977217	0.00000000		0.00000000	1.73438430	-0.04606389	-0.38632166	-0.09834111	0.04673123	0.00000000		0.00000000		0.59056145	0.00000000	0.31610540	0.00190586	0.00000000	0.00000000	-9.58178902	0.00000000			0.00000000	0.00000000	-0.13023908	0.00000000	0.00000000	0.00000000	0.00000000	-0.16717792	0.14829564	0.00000000	0.00000000	-0.00661573	-9.17430878	0.00000000	-0.14954090	0.00000000	-0.23568520	0.00000000	-1.25851786	0.00000000	-18.54609680		-0.19333762	0.00000000	-0.20632628		0.00000000	0.00000000	0.00000000	0.00000000	0.04414904		0.00000000	-0.10794449	0.00000000	0.24503723	0.01576370	0.00000000	-0.42159820	0.14313865	-0.20581198	0.00000000	0.00000000	0.00000000	-0.82826030	0.29472125	0.00000000	0.18644008	-0.12313887	0.00000000	-0.16644484	0.00000000	0.00000000	0.36885327	0.89107579	-0.93032241	0.00000000	0.17906940		0.00000000		-0.37063885	-0.03664279	0.84252095	0.40558517	0.00000000	0.01178582	0.00000000	-0.24928010	0.08105128	0.38029242	0.00000000	0.00000000	0.05450043	0.00000000	-0.18039939	0.00000000	0.83109182	-0.90212983	-0.23721588		0.00000000	0.00000000	0.43544483		-0.08244914	0.00000000	0.20140201		0.00000000	-0.46786559	-0.11168134	0.00000000	-0.10719872	0.00000000	0.24056405	0.00000000	-0.42557296	0.00000000	0.25935400	-0.05718480	0.00000000	0.00000000	-0.15734780	0.00000000	-0.12953436	0.00000000	0.00000000	-0.07042307	0.01053107	-0.31583160	0.00000000	1.11329913	8.79049778	0.00000000	0.00000000	0.00000000		-0.17856178	0.00000000	-0.16200840	0.19937877	0.00000000	0.00000000	0.00000000	-0.57814038	-0.45557940	0.05235052	-0.07858731	0.00000000	-0.13161343	0.00000000	0.00000000	-0.49823239		0.00000000	-0.07654500	0.03585398	0.22564721	-0.54503155	0.00000000	-0.55044580	0.00000000	0.00000000	-0.70507658	1.80589998	-0.08917433	0.00000000	-0.21507786	0.17565429	0.00000000	-0.39715075	0.00000000	-0.02995390	-0.23769003	0.00000000	-0.38954258		-0.20670533	-0.29612982	0.00000000	9.77510166	0.05828246	0.00000000	-0.36017382		-0.70643508	0.00000000
chr15	90634852	passenage	G	A	-0.25674775	0.00000000	0.00000000	0.03099418	0.16533901	-0.73326778	0.19885135	0.00000000	0.00000000	0.00000000	-0.42022696	0.12226665	0.00000000	0.00000000	0.00000000	2.50340295	3.78615165	0.00000000	-0.25768161	0.22398058			0.00000000	0.00000000	-0.68991888	0.00000000	0.40641344	0.04476550	0.00000000	0.08384226	0.24310893	0.10858776	-0.84542799	0.00000000	0.84933120	-0.06299397	0.56140506		0.00000000	8.48738766	0.33271912	-0.14884999	0.00000000	0.00000000	0.00000000	0.00000000	0.00000000	0.00000000	0.09543929	0.06298801			-0.20485663	0.00000000	-0.05733013	-1.02551365	0.18595362	0.08776283	8.49531555		0.00000000	0.20321214	0.00000000	-0.84093618	-0.07368705	1.29180884	0.00000000		-0.21220124	-0.26913488	-0.29611382	10.07996082	0.48199344	-0.24616253	1.31754422		0.00000000			0.00000000	-0.27049404	-0.12883709	-0.39111435	0.00000000	-0.41300619	0.00000000			0.15376097	0.00000000	-0.14067817	0.00000000	0.00000000	0.00000000	0.00000000	-0.16231465	1.31471813	0.00000000	0.00000000	-0.43028653	0.00000000	1.68848109	-0.04773653	0.00000000	-0.03147286	0.00000000	0.20933723	0.00000000	-0.34329396		-0.08215630	0.00000000	0.14824688	0.46819389	0.00000000	0.00000000	0.00000000	0.18544996	-0.83864796	-2.69343376	0.00000000	0.20052268	0.01362944	-0.79409605	-0.04782021	0.00000000	-0.06194938	0.00000000	-0.05506980	6.89619732	0.00000000	0.00000000	0.00000000	-0.16127381	0.00000000	0.17132795	0.28030795	0.00000000	8.65312576	0.00000000	0.00000000	-9.53591728	-0.93905735	0.00000000	2.52680230	0.15405130	0.19274700	-0.55851221		0.42193958	-0.67614734	-7.76076651	0.36706901	0.00000000	-0.15248278	0.00000000	0.22514832	0.01738518	-0.21698338	0.00000000	0.26131332		0.00000000	0.07381291	0.00000000	-0.00738904	-0.26853830	0.29878807	0.22089484	0.00000000	-0.07099752	0.00165474		-0.02018386	-0.05241036	-0.01904429		0.00000000	-0.38774854	-0.03642407	0.00000000	7.42644501	0.00000000	0.11401778	9.58386707	-0.22336334	0.00000000	0.23773074	-0.18641126	0.00000000	0.00000000	0.00000000	0.00000000	0.09914380	0.00000000	0.00000000	-8.94454002	-0.00273103	0.22080903	0.12091267	-0.25828028	0.00000000	0.00000000	0.00000000	0.00000000		1.31252468	0.00000000	0.00000000	-0.06170243	0.00000000	0.00000000	0.00000000	-8.93879223	0.81673807	-9.61380672	-0.20123136	0.00000000	0.11338359	0.00000000	0.00000000	0.14240587		0.23782009	0.00000000	-8.55014992	7.97888088	0.13489532	0.43250537	0.40965754	0.00000000	-0.36367846	0.00000000	-0.00405400	-0.19460294	0.00000000	-0.87711221	0.33692837	0.00000000	0.34847835	0.00000000	-0.81631422	0.02871999	0.00000000	-10.05688381		-0.07281530	0.04817829	0.00000000	0.00145543	0.10501619	0.00000000	0.00000000		0.05690089	0.00000000
chr15	90631838	driver	C	A	0.06052309	0.00000000	0.25282741	-0.16674575	-0.23668364	0.00000000	7.30190992	0.00000000	0.00000000	0.00000000	-0.27523899	-0.17231989	0.00000000	0.00000000	0.00000000	0.08077722	-0.34026802	0.00000000	-0.13440798	1.53409445	-0.18034768		0.00000000	-0.75096345	0.05803174	0.37487912	0.19246480	-0.16114093	0.00000000	0.06182681	-0.12742600	-0.07427755	-0.15484013	0.00000000	-8.89987087	-0.29578954	-0.48192775	0.13723475	0.00000000	0.00000000	-0.06673801	0.70367086	0.00000000	0.00000000	0.00000000	0.00000000	0.00000000	0.00000000	0.25255287	-0.15563577	9.45942211	-0.17618537	0.00000000	0.00000000	0.14388692	0.00000000	0.72409201	0.51430553	0.00000000	0.36769128	0.00000000	0.44823265	0.00000000	-0.03100818	-0.51375616	0.73689091	0.00000000	0.06427700	0.00000000	-0.38822711		0.00000000	-0.10382509	0.08401215	0.20403826	0.17625988	0.00000000		0.18156195	0.00000000	-0.05796063	0.27488750	0.00000000	0.00000000	0.00000000	0.00000000	0.10091519		-0.20221901	0.00000000	0.16727091	0.06965208	0.00000000	0.00000000	-9.90864277	-0.70988488	-9.06472015	0.00000000	0.00000000	-7.86903954	-0.84776378	0.00000000	0.26666668	0.00000000	0.32572478	0.00000000	0.06776789	-0.20463073	-0.69385636	0.22001213	0.48234355	0.00000000	0.14454089	-0.28867841	0.00000000	0.00000000	0.00000000	0.27409732	1.17128050	0.03196950	0.00000000	-0.15058878	0.82799315	0.00567871	0.20367786	0.00000000	-6.03890085	0.09822905	0.01371360	0.09550152	0.00000000	0.00000000	-8.93601799	0.14280383	0.00000000	0.09571226	0.00236803	0.00000000	-0.02355522	0.00000000	0.00000000	0.00000000	-0.15049419	0.00000000	0.10917386	0.61233866	0.05322167	0.00791785	0.85317951	-0.22490811	-8.49255753	-0.11717620	0.00000000	0.00000000		0.00000000	-8.88465691	-0.11727279	0.47149920	0.00000000	0.00000000	0.22046322	0.00000000	0.43265045	0.00000000	0.07798783		0.00000000	-0.39336225	0.00000000	-0.31004858	-0.41600898	-0.47360080	-0.06475580	0.00000000	0.00000000	0.23130447	0.07857132	-0.04175055	-0.25528711	0.00000000	0.00000000	0.00000000	-1.42478657	0.64578080	0.00523594	0.00000000	0.00000000	0.39239085	0.00000000	0.00000000	-0.25622129	0.00000000	-0.03388029	0.04656985	-8.00594521	0.00000000	-0.34668243	-0.39307672	-0.03248322	8.87025070	0.00000000	0.00000000	0.00000000	0.00000000	-0.34780371	0.34545815	0.00000000	0.00000000	0.09674433	0.00000000	0.00000000	-0.07035625	0.18736261	6.57668638	-0.13098037	0.23377299	0.00000000	0.32339251	0.00000000	0.00000000	-0.18250793		-0.28745866	0.00000000	-0.16633630	-0.01490021	-0.00442919	8.38149452	0.08964175	-0.03503525	0.00000000	0.00000000	0.03171155	0.05928228	0.00000000	0.18318912	0.39644265	0.00000000	0.03870003	0.00000000	0.38282725	-0.06419440	0.00000000	-0.48776698		-0.02165312	-0.23026288	0.00000000	0.07956898	-0.18080479	0.00000000	0.00000000		-0.08754659	0.00000000
chr15	90631938	passenage	T	A	0.04515654	0.00000000	0.00000000	-0.43958312	0.05556259	1.09271383	0.00000000	0.00000000	0.00000000	0.00000000	-0.52829415	0.09039444	0.19245219	0.00000000	0.00000000		-0.58590418	0.00000000	-0.09012565	0.20010692	-0.45365763		0.00000000	8.52050781		1.07221961	-0.38316309	0.00345208	1.11578465	0.11332412	-0.07725350	-0.19634685	0.26397789	0.00000000	-0.01143911	-0.41802269	-8.88897610		0.00000000	-1.19592512	0.64311123	-0.15160042	0.00000000	0.00000000	0.00000000	0.00000000	0.00000000	0.00000000	0.10314244	10.71777344		-0.88538241	0.00000000	0.00000000	-0.10192806	0.00000000	0.14851196	-0.16628361	0.00000000	-0.24911705	0.00000000	6.62043905	0.00000000	-0.41813117	0.00000000	0.08484685	0.00000000	-1.21156740	0.00000000	-0.72252101	2.68814349	-10.37922764		-0.15897325	0.00000000	0.18335366	0.00000000		0.45076537	0.00000000	0.08066595	0.08242622	8.86627483	0.00000000	1.25500822	0.00000000			-0.59577990	0.00000000	0.18458548	0.05036712	0.00000000	0.00000000	0.41155353	-1.57122576	0.00000000	0.00000000	0.30695784	0.00000000	0.13284743	8.88908863	0.16425690	0.00000000	0.16444169	0.00000000	-0.64652181	-9.60895920	-0.00789981	0.22463039	0.94542825	0.00000000	-0.38625377	0.26794899	0.00000000	0.00000000	0.00000000	-8.42227840	0.19349717	0.44685945	0.00000000	-0.31060681	0.50394112	-10.63674068	-8.53075695	0.00000000	-1.22554374	-0.09139675	0.10136569	0.46359664	0.00000000	0.00000000	0.00000000	0.23242307	0.00000000	0.30533451	-0.16857386	0.00000000	0.31470037	0.00000000	0.00000000	-0.24602735	-0.37443557	0.00000000	0.01939750	0.38279963	-0.11026984	-0.52936602	-0.59580833		-0.21163762	10.45431519	0.00000000	0.00000000	0.30296636	0.00000000	-9.97186279	0.33586383		0.00000000	-1.22271383	-0.28134793	0.00000000	-0.30443954	0.00000000	-0.07081870		0.00000000	0.23481503	0.00000000	-1.48071277	0.04480624	-0.79380542	-0.11577362	0.00000000	0.00000000	0.09844443	0.00000000	-0.17969888	-0.03787026	0.00000000	-0.24205267	0.00000000	-0.20659131	0.16638064	0.64580190	0.00000000	0.00000000	0.17744535	0.00000000	0.00000000	0.00000000	0.00000000	-0.17241001	0.02774364	-8.37213326	0.00000000	0.00761533	0.18282185	-1.00577831	3.08537006	-1.09469986	0.00000000	0.00000000	0.00000000	-0.20311880	-0.26027319	0.00000000	0.00000000	0.20561396	0.00000000	0.00000000	-0.32095975	-0.32095391	-0.16753793	0.00000000	0.04099412	0.00000000	0.39632690	0.00000000	0.00000000	-0.40126219		-8.78424454	-0.21761465	0.00000000	1.80839920	0.00951859	0.00000000		0.02380824	0.00000000	0.00000000	0.07117414	0.01424426	0.00000000	-0.04080680	0.04037598	0.00000000	0.42088097	-10.36062241	0.22929883	-0.05629862	0.04578418	-0.32504410		-9.91944599	0.00000000	0.00000000	0.41889632	-0.66730428	0.00000000	0.00000000		-0.19312409	0.00000000
chr15	90628595	passenage	G	A	0.00000000	-0.19714558	0.00000000	0.13518211	0.14680879	-0.12201625	0.61538553	0.23331097	0.00000000	-0.34476066	0.10053121	-0.15147960	0.00000000	0.00000000	0.00000000		-0.30076480	0.00000000	0.41531587		0.19405505		0.21247220	0.10833836	0.53588241	-0.26589096	-0.83026958	0.35645276	0.00000000	-0.05034833	-0.02910352	0.21929356	9.68776894	0.00000000	0.56816477	10.99936485	0.00000000		0.00000000	-9.40379620		-1.07972503	0.00000000	0.00000000	0.00000000	0.00000000	0.00000000	0.00000000	0.20688012	-0.53402615			-0.37627923	0.00000000	-0.03706929	-0.19957590	0.29943591	-0.09264976	0.11437762	0.54014939	0.01744378	0.13566256	0.00000000	0.06944492	-0.34090835	0.22522843	0.00056577	-0.27226293	0.00000000	0.11946478	-0.16218461	-9.56137848		0.42946905	8.28632069		0.00000000			-6.60184002	0.10637036	0.06886119	-3.85734153	0.00000000	0.00000000	-9.89510059			0.19924173	0.00000000	-0.32020169	0.00000000	0.00000000	0.00000000	0.00000000	0.09867144	0.48046458	0.00000000	0.00000000	0.68726116	0.00000000	0.00000000	0.18833691	0.00000000	0.06295282	0.00000000	0.47383621	0.00000000	0.39821616			0.00000000	0.09591644	0.28016526	0.00000000	8.80358982	0.00000000	9.16576099	0.00000000	0.19878292	0.00000000	-0.06469464	0.00000000	0.01066518	-0.51923585	0.00000000	0.35875118	0.16488504	-0.13374579	0.00000000	0.00000000	0.00000000	9.19542885	0.69422340	0.00000000	0.06671668	-0.09267068	0.00000000	0.00000000	0.00000000	0.00000000	-0.18546188	0.19592345	0.00000000	0.00000000	0.82191455	0.17460486	-0.27375257		0.63219965	0.09572227	0.00000000	-0.06912482	0.00000000	-0.05324171	0.00000000	-0.02111459	-0.38477331	0.22128247	0.00000000	0.00000000	-0.24860528	0.00000000	-0.20355198	-0.36926270	0.13234770	0.06851852	0.05183011	0.37769878	0.00000000	0.12340960	0.29251993		-0.18735677	0.00000000	0.00311229		-7.72853661		0.22315401	0.00000000	-0.31569886	0.00000000	0.04724747	0.12408936	-0.43395162	0.00000000	-8.68251133	0.00386140	0.00000000	0.00000000	0.00000000	0.00000000	0.00000000	0.00000000	0.00000000	0.06439796	-0.21430600	0.46008074	0.15409973	0.29425097	-8.49166870	0.00000000	0.00000000	0.00000000		9.44981194	0.00000000	0.00000000	-0.44758120	-8.30640984	0.00000000	0.00000000	-0.36401692	0.27671790	0.00000000	-0.05856940	0.00000000	-0.52998388	0.00000000	-0.22302401	-0.00330770		-0.25644565	-2.35287714	0.13531083	-0.10559720	0.00000000	0.00000000	0.47759318	0.00000000	0.00000000	0.00000000	-0.45805818	0.40836674	0.00000000	0.17430365	0.08169004	0.00000000	-0.44101796	0.00000000	-0.17377308	-0.05252123	0.00000000	0.10017872		0.02233061	0.31844509	0.00000000	0.21369970	0.39633316	0.00000000	0.28316450		-8.36241436	0.00000000
chr12	25398285	driver	C	T	-0.24574608	0.00000000	-0.15464592	-0.14652285	-0.07478786	0.43948629	0.39290392	-10.39292908	0.00000000	0.25811088	-0.04495227	-0.08159722	0.00000000	-0.12244952	0.00000000	0.18037584	-0.23582071	0.00000000	0.00000000	0.39204413	0.13089731	-0.13914469	0.00000000	0.00000000	-0.02001548	0.00000000	-0.21345833	0.01426572	0.00000000	-0.03744046	-8.86148834	-0.08741389	0.10990173	0.00000000	-0.15080541	-0.29699075	-0.25720006	0.00000000	0.00000000	0.00000000	0.16719955	0.10958222	0.00000000	0.00000000	0.00000000	0.00000000	0.00000000	0.00000000	-0.27876803	-0.22275056	-0.11154413	0.44047481	-0.15288648	0.86784482	-0.71048480	0.00000000	-0.13327295	-0.46526530	-0.08367324	0.51942313	0.00000000	0.09528434	0.00000000		0.01048088	0.00000000	0.00000000	-0.45017391	0.00000000	-0.45227647	0.06802624	0.00000000	-0.97434676	0.17530176	0.00000000	0.14808628	0.00000000	-0.45956913	0.00000000	0.00000000	0.47482866	0.32921723	0.00000000	0.26367104	0.00000000	0.14300062	-0.69991457	1.58852696	0.29959434	0.00000000	0.00000000	0.31878853	0.00000000	0.00000000	0.00000000	0.15771961	-0.57236868	0.00000000	0.00000000	-0.38229942	-0.28012002	0.00000000	0.37442264	0.00000000	0.42982775	0.00000000	-8.54572487	0.00000000	-0.09653041	-0.12070638	0.06899649	0.00000000	-0.10975912	0.07025757	0.00000000	0.00000000	0.00000000	0.19755530	-0.14522734	-2.55686569	0.00000000	0.97406387	-0.35228872	2.14544511	-0.13352942	0.00000000	0.05597248	9.10769939	-0.05374157	0.00000000	-0.28682423	0.00000000	0.00000000	0.48175764	0.00000000	-0.08656996	0.15019625	0.00000000	0.00000000	0.00000000	-0.11921477	-0.36079007	-0.08679610	0.00000000	-0.51221746	0.44635653	3.18308163	0.13534731			0.06178641	-0.17585644	9.01358795	-0.02205712	0.22033396	0.00000000	-8.70064926	0.13047552	-0.43355787	0.00000000	0.03419745	0.54859078	0.00000000	-0.21240485	0.00000000	-0.27638966	-0.08854520	0.00000000	-0.03434968	0.00000000	-0.21723080	-0.18761820	-0.33507404	0.30081809	0.00000000	0.00000000	0.09984619	0.00000000	0.07286798	-0.11655003	0.00000000	0.11508143	0.00000000	-0.22246635	0.18870309	0.66815543	0.00000000	0.00000000	-0.26807237	0.00000000	8.83341980	0.00000000	0.52674890	0.00000000	0.00000000	0.00000000	0.27993593	0.14918524	-9.40249252	-0.93526709	-0.99972034	0.00000000	0.00000000	0.00000000	8.76698971	-0.16265702	-0.49992073	0.00000000	-0.33575556	0.16634795	0.00000000	-2.21776342	2.58977103	0.09643674	9.29711246	0.46355271	-0.20012186	0.00000000	-5.84149218	0.00000000	0.00000000	0.13576297	0.52763116	-0.34121031	-0.06183624	-0.56374812	0.00000000	0.00000000	0.00000000	-0.07452446	10.14526558	0.00000000	0.00000000	0.00000000	-0.01113304	0.00000000		-0.05157873	0.00000000	-0.54587519	0.00000000	-0.37511557	-0.47413993	-0.62391764	0.03554660	0.59119368	0.48906112	-0.47876859	0.00000000		-0.09387803	0.00000000	0.00000000	0.64376497	-0.45936483	0.00000000
chr12	25398220	driver	A	T	0.00556618	0.00000000	9.11347961	0.12640199	0.11290874	-0.18777764	0.00000000	9.32298946	0.00000000	-0.13977289	0.19602185	-0.08137537	0.09694266	-0.63471818	0.00000000	0.30885696	-0.34589434	0.00000000	-9.56476402	0.84559679	-0.07228974	-0.30989775	0.46609664	0.59866846	0.26267672	-0.00195217	0.09792322	0.05086720	0.00000000	0.02343060	0.34833103	-0.20200576	0.64102769	0.00000000	-0.30025035	0.07402875	-0.66452086	0.04387522	0.00000000	0.00000000	-0.26911315	-0.24067959	0.00000000	0.00000000	0.00000000	7.77148724	0.00000000	0.00000000	-0.04507985	-0.09764552	0.10187766	0.34020254	-0.10169935	0.80967212	0.84988528	0.00000000	0.21756876	-0.44162381	0.42525458	0.26347265	0.00000000	0.30020916	0.00000000	0.28077868	0.13625304	0.00000000	0.00000000	-0.01263836	8.61076546	0.62565148	0.03448832	0.00000000	0.46806026	-0.35703287	0.00000000	0.26264077	0.00000000	0.04361659	0.00000000	0.00000000	-0.31633842	-0.00787312	0.00000000	0.18818513	-8.52828884	-0.36601198	-0.00799513	-0.45672846	0.58770382	0.00000000	0.00000000	0.05714540	0.00000000	0.00000000	0.00000000	0.01012719	-0.60328728	0.00000000	0.00000000		-0.26426697	0.00000000	0.13218862	0.46417511	0.21094859	0.00000000	0.22679555	0.00000000	-0.82206106	-9.33148670	0.29641879	0.00000000	-0.60511458	-8.43604660	0.00000000	-1.04941010	0.00000000	-0.00219667	-0.01950079	0.10023317	0.00000000	2.38802481	-0.20797288	-0.06016099	0.54165310	0.00000000	0.24962071	0.45853627	0.20565891	0.00000000	0.05497718	0.00000000	0.00000000	0.00000000	0.00000000	0.19769515	-0.19829020	0.00000000	0.00000000	0.00000000	0.00000000	0.72871739	0.26562306	8.13578987	-0.12259617	-0.91693217	-0.09053065	-0.15291908			0.09377027	-0.18195522	0.00000000	-0.02947229	-0.10177533	0.00000000	0.29024291	-8.82317734	-0.11378062	0.00000000	0.25443411	-0.07619265	0.00000000	-6.21032953	0.00000000	0.14235920	-0.06053004	0.00000000	0.42177361	0.00000000	0.22706389	-0.21705025	1.84292626	-0.09374523	0.00000000	0.00000000	-0.02055028	0.00000000	-0.24368736	-0.23553002	0.00000000	-0.19431618	0.00000000	0.01865445	-0.00042102	0.70484400	0.00000000	0.00000000	-0.42570400	0.00000000	0.55482405	0.00000000	0.00000000	0.00000000	-8.44144249	0.00000000	0.25021130	-0.04700612	0.14801645	10.12869835	0.00000000	0.00000000	0.00000000	0.00000000	0.12883198	-0.33186173	0.45022738	0.00000000	-0.26990682	0.22245531	0.00000000	0.00000000	0.00000000	0.10641688	-0.46881673	-9.43094063	-0.20220195	0.00000000	-0.08197618	0.00000000	0.00000000	-0.24452484	-0.85627937	0.06465834	-0.50624716	0.04542606	0.00000000	0.00000000	0.00000000	-0.15733528	0.41737950	0.00000000	0.00000000	0.00000000	0.15430009	0.00000000		-8.61482430	0.00000000	0.10951968	0.00000000	-0.51880115	0.10564989	0.17702842	0.00158989	0.57956082	-0.06554174	-1.60085273	1.54209566			0.00000000	0.00000000		0.03768867	0.00000000
chr12	25398284	driver	C	T	0.08905458	0.00000000	-0.27935863	-0.41135827	-0.03994916	-0.03195190	0.00341487	0.55089486	0.00000000	-0.06158400	0.41263837	0.06101619	0.00000000	-0.03869748	0.00000000	-0.12221387	0.06496865	0.00000000	0.00000000	0.41933936	-0.02789056	0.33777678	0.00000000	0.00000000	0.15444791	0.00000000	-0.03832734	0.30586031	0.00000000	-0.03412469	0.37543666	-0.02836367	-0.03570031	0.00000000	0.14098217	0.30878678	-1.28445745	0.00000000	0.00000000	0.00000000	0.19705886	-0.38088146	0.00000000	0.00000000	0.00000000	0.00000000	0.00000000	0.00000000	-0.04876316	0.08464777	-0.21831810	0.63551843	0.06281269	9.33973312		0.00000000	-0.25675625	-0.11914128	0.61944187	0.23633015	0.00000000	0.15756571	0.00000000		0.16446751	9.16963291	0.00000000	-0.14625296	0.00000000		0.22680980	0.00000000		0.06825253	0.00000000	0.18321574	0.00000000	-0.19193354	0.00000000	0.00000000	-0.43448535	0.15044409	0.00000000	0.44908252	0.00000000	-0.18141183	0.01544100	-9.93392658	0.18568489	0.00000000	-0.21071482	0.08098324	0.00000000	0.00000000	0.00000000	-0.26392961	-0.19111174	0.00000000	0.00000000	-0.87015086	0.08016920	0.00000000	0.51382583	0.00000000	-0.00115710	0.00000000	-0.21550608	0.00000000	0.23504311	-0.08020622	0.06218776	0.00000000	-0.14376941	0.15888044	0.00000000	0.00000000	0.00000000	0.36869574	-0.06703871	0.22396028	0.00000000	0.48004889	0.09967962	1.41310048	0.03422204	0.00000000	-0.13249375	2.93826914	-0.04055333	0.00000000	-0.77455783	0.00000000	9.42472076	0.30477428	0.00000000	-0.05179164	0.14642781	0.00000000	0.00000000	0.00000000	-9.23296165	-1.13551390	0.33972907	0.00000000	-0.09569353	0.39867941		0.25029388			0.00562108		0.00000000	0.19179225	0.10658658	0.00000000	0.18771267	0.08545494	-0.10403326	0.00000000	0.39035487	0.12188853	0.00000000	7.92523098	0.00000000	-0.02232434	0.15078166	0.00000000	0.37846094	0.00000000	0.36950874	0.15506080		0.02316654	0.00000000	0.00000000	0.27979851	0.00000000	0.10951522	0.07875526	0.00000000	-0.71684307	0.00000000	0.20362777	0.55428320	0.53612947	0.00000000	0.00000000	-0.37341213	0.00000000	0.00000000	-8.78314400	-9.13495922	0.00000000	0.00000000	0.00000000	-0.12741500	-0.07916301	0.51347154	0.29340208	-1.35374796	0.00000000	0.00000000	0.00000000	-0.46406668	1.15012157	-0.43973684	0.00000000	-0.24622996	0.04359336	0.00000000	-9.53922749	-16.40657806	0.24928363	-0.42630690	-0.20473349	0.19860031	0.00000000	0.00000000	0.00000000	0.00000000	0.51087213	-0.85806197	0.07510984	0.37976682	0.07758078	0.00000000	0.00000000	0.00000000	0.24905276	10.19931316	0.00000000	0.00000000	0.00000000	0.03560787	0.00000000		-9.40097523	0.00000000	0.06176390	0.00000000	-0.05996823	-0.14915347	-0.71995026	0.16632992	0.07217377	0.52455473	0.31242859	0.00000000		0.05024648	0.00000000	0.00000000		-0.04700214	0.00000000
chr12	25380274	driver	C	T	-0.87526596	0.00000000	0.56601715	0.65042430	0.07233906	-9.29147148	0.15850174	-10.35066986	0.00000000	0.06639385	-0.45802528	-0.10641709	0.00000000	0.00000000	0.00000000	0.04688199	0.00000000	0.00000000	0.65243477	0.03715259	0.33502162	0.11202303	-9.92369461	0.00000000	0.38885713	0.00000000	-0.00408661	-0.03971887	0.00000000	-0.05524558	9.15717602	-0.13857619	0.21152020	0.49463499	0.57081383	0.05471909	-0.04918879	0.27442744	0.00000000	0.00000000	1.08091128	0.51770353	0.00000000	0.00000000	0.00000000	0.00000000	0.00000000	0.00000000	-0.02771117	0.37436950	0.33263892	-0.17353518	0.00000000	-0.02267849	0.26103365	0.00000000	0.03967400	-0.37595028	0.00000000		0.00000000	0.16936809	0.00000000	-0.35409006	-0.08421445	0.41096425	0.00000000	0.43187499	0.00000000	0.09699452	-0.15387064	0.00000000	-0.32324117	-0.42911655	0.00000000	-0.67686844	0.00000000	1.45792580	9.19942570	0.00000000	-0.16713846	0.01114729	0.19344723	0.64223629	8.00657368	0.00000000	0.42420971		-0.18065163	0.00000000	-0.22647652	-0.41933164	-9.86557674	0.00000000	-1.00415230	-1.32525122	-0.10427821	0.00000000	0.00000000	0.13846931	1.05225265	0.04666150	0.41369599	0.00000000	-0.23478070	0.00000000	-0.51291943	0.00000000	-0.08558224	0.80842954	0.18090740	0.00000000	-0.06869161	-0.05163363	0.00000000	0.00000000	0.00000000	-8.59485722	-0.07134238	0.30522180	0.00000000	-0.19296145	0.00000000	-0.44503021	0.19149324	0.00000000	0.00000000	-1.02374673	7.99462605	-0.91119421	0.00000000	0.00000000	0.00000000	-0.08602190	0.00000000	-0.48168144	-0.44662845	0.00000000	-0.46378362	0.00000000	0.00000000	0.60675085	-0.20649230	0.00000000	-0.61763495	0.41744912	-0.38656265	-0.39696741	-0.24497104		0.83611625	-0.11640686	0.00000000	0.00000000	0.13094556	0.00000000	0.15232831	0.14447141	0.37309164	0.00000000	0.21119998		0.00000000	-1.28269553	0.00000000	-0.03808251	-0.08267763	0.00000000	0.05441636	0.00000000	-0.78801507	9.06623745		0.51157349	0.00000000	0.00000000	-0.09742951	-0.11418211	-0.08431017	1.99174452	0.00000000	0.33050141	0.00000000	-0.58344734	0.25623119	-0.07107168	0.00000000	0.00000000	0.83433050	0.00000000	0.00000000	0.00000000	0.00000000	0.00000000	-8.34452248	0.00000000	-0.31898880	0.26911324	0.44618669	-9.37060070	9.80138111	0.00000000	0.00000000	0.00000000	0.28489608		-0.44522724	0.00000000	0.00000000	-0.05957974	0.00000000	0.13213277	0.00000000	0.01622865	-0.52643770	0.00000000	-0.25505549	0.00000000	0.07448947	0.00000000	0.00000000	0.25255758		0.29831791	0.00000000	-0.01625592	0.00000000	1.59831905	0.00000000	0.11172974	0.01455302	0.00000000	0.00000000	0.00000000	-0.51626402	0.00000000		-0.17776209	0.00000000		0.00000000	-0.12491378	0.27739954	0.03310245	-0.32876110		0.00000000	8.74321079	0.00000000	-0.52649051	0.20529032	0.00000000	0.00000000		0.14717305	0.00000000
chr12	25380282	driver	G	C	-1.21768856	0.00000000	-0.55259776	-0.02960080	0.00649136	0.00000000	-8.03080368	0.52362430	0.00000000	0.11150289	0.63171506	0.09147593	0.00000000	0.00000000	0.00000000	0.62082613	0.00000000	0.00000000	-0.09967661	-0.97611892	0.34086850	0.03567231	1.06592488	0.00000000	0.27017432	0.00000000	-0.05886912	0.16116023	0.00000000	-0.07644600	-0.08240205	0.03290284	10.35634041	0.00000000	-8.47933006	0.01204997	-9.40195942	0.27062672	0.00000000	0.00000000	-0.34777880	-0.29128206	-1.57622969	0.00000000	0.00000000	0.00000000	0.00000000	0.00000000	-0.04255693		0.19499135	0.23449987	0.00000000	9.18809128	-0.22612062	0.00000000	-0.16754273	0.19916955	0.00000000		0.00000000	-0.16156173	0.00000000	-0.09140230	0.31397545	-0.29426634	0.00000000	-0.10097408	0.00000000	-0.00442076	-0.43344057	0.00000000	0.55341023	0.14551434	0.00000000		0.00000000	-0.13913918	0.46603286	0.00000000		0.15108232	-0.23126805	-0.52305877	0.18922114	8.60678768	-0.02506936		0.30995649	0.00000000	-0.02227258	-0.17070407	0.00000000	0.18425202	-0.78070432	0.35179031	-0.12012108	0.00000000	0.00000000	0.23496833	-0.14572155	0.37598646	7.72118711	0.00000000	2.14987040	0.00000000	0.40872791	0.00000000	0.25241187	-7.68355703	-0.18524525	0.00000000	-0.26373824	10.37393951	8.51681709	0.00000000	0.00000000	1.35314894	0.14446670	-0.03988120	0.00000000	0.95206231	0.00000000	-0.28241575	-0.84444815	0.00000000	-8.63956833	0.00000000	0.06168234	-10.28915596	0.00000000	0.00000000	0.00000000	9.67838287	0.00000000	-0.19205296	0.01366962	0.00000000	0.45780727	0.00000000	-9.13007927	-0.39448422	0.26959738	0.00000000	0.39568970	-0.24717647	0.61565959	-0.02656165	0.11551380		-0.11616287	-0.00048061	0.00000000	0.00000000	0.27025282	0.00000000	-0.07016969	-0.03579134	0.01636890	0.00000000	0.19538848		0.00000000	-8.67864037	0.00000000	0.17563012	0.28614283	0.00000000	-0.12285957	0.00000000	0.23253083	0.57745814		-0.04610342	0.00000000	0.00000000	-0.00419776	0.00000000	0.24973232	0.34048849	0.31310761	-9.59854889	0.00000000	-0.05529392	0.26450866	-0.23436287	0.00000000	0.00000000	-0.26172715	0.00000000	0.00000000	0.00000000	0.00000000	0.00000000	-8.33454990	0.00000000	0.00000000	-1.67123103	0.44554448	0.00000000	0.00000000	0.00000000	9.01092148	0.00000000	0.22503239		0.10673642	0.00000000	9.66363239	0.24625039	0.00000000	0.09248340	0.00000000	0.27962315	0.28041011	0.00000000	-0.04207920	0.00000000	-0.07230002	0.00000000	0.30697656	-0.01801760		0.64019620	9.21778107	0.32505888	0.00000000	-8.26431942	0.00000000	0.33696929	0.25525191	0.00000000	0.00000000	0.00000000		0.00000000		0.51358867	0.00000000	-0.81804067	0.00000000	-0.26111302	0.01062238	0.18117958	-0.21177644		0.55980861	-9.49088001	0.00000000	0.80734789		0.00000000	0.00000000		-0.00514024	0.00000000
chr12	25398284	driver	C	A	-0.37373632	0.00000000	0.37888885	0.02845044	0.02727813	0.34088320	0.02570975	1.53073525	0.00000000	7.63718557	-0.54173911	-0.25147617	0.00000000	0.02918673	0.00000000	-2.10316348	-0.70055699	0.00000000	0.00000000	0.37632167	-0.48226601	-0.24790736	0.00000000	0.00000000	-1.01827097	0.00000000	-0.47995198	0.11694781	0.00000000	-0.03665066	0.47965735	-0.00191239	-0.39084607	0.00000000	-0.23518136	0.37821838	-0.69768161	0.00000000	0.00000000	0.00000000	0.23249787	0.11441231	0.00000000	0.00000000	0.00000000	0.00000000	0.00000000	0.00000000	-0.14654978	0.08878715	-0.64929122		0.55222803	0.00000000	0.31558102	0.00000000	-0.02431327	-0.01604539	0.11040115	-0.11842731	0.00000000	0.18314898	0.00000000		-0.59939730	7.14890051	0.00000000	-0.53084648	0.00000000	0.06785969	-0.20025635	0.00000000		0.11415511	0.00000000	-0.03312343	0.00000000	-0.48638880	0.00000000	0.00000000	-0.38153964	0.08176440	0.00000000	-0.07270956	0.00000000	0.03484809	-2.09813857	-10.19128036	10.34048367	0.00000000	-9.48892975	8.90831184	0.00000000	0.00000000	0.00000000	-0.13621765	0.07286090	0.00000000	0.00000000	0.35220146	0.10712159	0.00000000	0.16012570	0.00000000	-0.18979287	0.00000000	0.06190777	0.00000000	0.28645918	-0.38018686	-0.08056554	0.00000000	-0.03728417	0.07703730	0.00000000	0.00000000	0.00000000	0.14646572	-0.36942896	0.00254452	0.00000000	0.34865406	0.10134256	2.62151814	0.46871743	0.00000000	0.06007477	1.90873551	-0.20555103	0.00000000	0.65818810	0.00000000	9.75595284	-9.61750793	0.00000000	0.00797996	0.16756347	0.00000000	0.00000000	0.00000000	0.65234113	-0.04592540	0.81249422	0.00000000	-0.18690473	0.69686556	-0.96392077	0.26378769			-0.04581249		9.00154686	-0.08225018	-0.18556289	0.00000000	2.36572504	-0.10966945	-1.59184492	0.00000000	0.66367531	-0.10554138	0.00000000	10.01924419	0.00000000	-0.17005178	0.11206439	0.00000000	0.15401131	0.00000000	0.82420218	-0.43988594		-0.09299278	0.00000000	0.00000000	0.60699618	0.00000000	-0.01048827	-0.57570380	0.00000000	-0.22429055	0.00000000	0.59746784	0.10830712	0.74279070	10.14412880	0.00000000	-0.24877560	0.00000000	0.00000000	-8.78314400	-9.13495922	0.00000000	0.00000000	0.00000000	0.33458439	-0.29127961	-9.75873089	1.25977004	0.26981676	0.00000000	0.00000000	0.00000000	-0.54210216	-0.51324201	-0.01117134	0.00000000	-0.32546008	-0.37744564	0.00000000	0.62837625	-7.23168182	0.04167974	-0.52474487	0.95111287	-0.08426914	0.00000000	0.00000000	0.00000000	0.00000000	0.53849429	-11.19160271	-0.31399220	0.33900177	-0.04478028	0.00000000	0.00000000	0.00000000	-0.10241011	10.14955139	0.00000000	0.00000000	0.00000000	0.17028345	0.00000000		0.79877937	0.00000000	0.02341759	0.00000000	-0.29138196	-0.70588088	-0.85446566	0.15163073	-0.93636441	0.83222640	0.22940755	0.00000000		-0.37418854	0.00000000	0.00000000	1.55720508	-0.63046074	0.00000000
chr12	25398285	driver	C	A	-0.62710953	0.00000000	-0.38056469	-0.01077150	0.05410789	0.13504827	-0.12262666	0.45002514	0.00000000	-0.19226527	-0.23688972	-0.12660682	9.19539070	0.18506861	0.00000000	-0.06103732	-0.53600526	0.00000000	0.00000000	0.27890643	-0.47721046	-0.28144035	0.00000000	0.00000000	-0.35764426	0.00000000	-0.79600507	-0.24624558	0.00000000	-0.03007542	0.28866565	0.04150221	-0.44120994	0.00000000	-0.38800848	-0.80346960	0.22454065	0.00000000	0.00000000	0.00000000	0.51639402	-0.02000764	0.00000000	0.00000000	0.00000000	0.00000000	0.00000000	0.00000000	-0.06689718	0.21037047	-10.75385666		0.32943240	0.00251532	-0.07417247	0.00000000	-0.32313943	-0.17917964	-0.36647356	0.27194434	0.00000000	0.80562341	0.00000000		0.03716248	0.00000000	0.00000000	-1.48798847	8.04001427	3.46111870	-0.30086571	0.00000000		-0.24993718	0.00000000	-0.38092425	0.00000000	-0.70380437	0.00000000	0.00000000	0.00900310	-0.10697925	0.00000000	0.09054202	0.00000000	0.29628295	-10.53362751	-8.32302094	1.89824927	0.00000000	0.00000000	0.05660333	0.00000000	0.00000000	0.00000000	-0.35933089	0.07634495	0.00000000	0.00000000	0.63080204	-0.35992420	0.00000000	0.02439833	0.00000000	-0.50996000	0.00000000	-8.76100731	0.00000000	0.41306466	-0.78892070	0.09368971	0.00000000	0.34842736	0.26660424	0.00000000	0.00000000	0.00000000	0.01892745	-0.11535725	-0.25514030	0.00000000	0.12612402	0.02179855		0.16556376	0.00000000	-0.16721682	9.73890495	-0.07986021	0.00000000	0.81482077	0.00000000	9.20260429	0.43449032	0.00000000	0.34413823	0.07947025	0.00000000	0.00000000	0.00000000	-1.12340522	0.10655355	0.32048666	0.00000000	-0.03012115	0.57437921	0.90930414	0.25535619			-0.10810155	0.31430787	0.00000000	0.07028818	-0.12667385	0.00000000	1.50987852	-0.54847479	-1.05216765	0.00000000	0.30798662	0.04896224	0.00000000	-0.08321202	0.00000000	-0.22050662	0.16576596	0.00000000	0.06395507	0.00000000	0.22637586	-0.36723939		-0.06691730	0.00000000	0.00000000	0.18634461	0.00000000	-0.08663924	0.02441078	0.00000000	-0.36398929	0.00000000	-0.11608231	0.57345581	-0.07578325	0.00000000	0.00000000	-0.39103964	0.00000000	0.00000000	0.00000000	-0.67816460	0.00000000	0.00000000	0.00000000	0.06894743	-0.13453652	-9.16913795	0.21436226	0.34733689	0.00000000	0.00000000	0.00000000	-0.32872838	-0.14082086	-10.30207729	0.00000000	-0.27661958	0.05328953	0.00000000	0.48606586	-8.07254410	-0.29255700	-0.30902648	0.46567905	-0.12852126	0.00000000	2.28042579	0.00000000	0.00000000	0.06124112	-11.03401279	-0.25281852	0.03244638	-0.12779161	0.00000000	0.00000000	0.00000000	-0.07415252	9.91886520	0.00000000	0.00000000	0.00000000	0.49631196	0.00000000		-0.12494501	0.00000000	-0.01993451	0.00000000	-0.04873598	-9.65575027	-0.09791785	0.00605214	-1.03087842	1.19304776	-1.45373225	0.00000000		9.66309738	0.00000000	0.00000000	1.37759078	-0.20579493	0.00000000
chr12	25398284	driver	C	G	-0.15150881	0.00000000	0.44237638	0.24679685	-0.03171074	-0.15223455	0.37900162	1.65374207	0.00000000	-0.79081202	0.02754545	-0.07292954	0.00000000	-0.34700632	0.00000000	0.15688550	-0.31966877	0.00000000	0.00000000	0.19931182	-0.45252457	0.25669876	0.00000000	0.00000000	-0.60975045	0.00000000	-0.81615543	0.30469725	0.00000000	-0.04093906	-9.38673782	-0.05001259	0.10922888	0.00000000	0.30886590	0.19561830	-9.79925442	0.00000000	0.00000000	0.00000000	-0.24012411	-0.42563668	0.00000000	0.00000000	0.00000000	0.00000000	0.00000000	0.00000000	-0.27221572	0.05572307	-10.94940281		0.20037097	10.05138016	0.39213517	0.00000000	-0.43417576	-0.21921360	-0.33098733	0.31059384	0.00000000	0.13615310	0.00000000		-0.64159518	0.00000000	0.00000000	-1.35695124	0.00000000	-0.60144913	-0.06233329	0.00000000		0.09434956	0.00000000	0.39920825	0.00000000	0.42093873	0.00000000	0.00000000	0.15849492	0.42458326	0.00000000	0.51477122	0.00000000	-0.22420481	-10.81756306	-10.38702011	11.04427147	0.00000000	-9.48892975	9.30335045	0.00000000	0.00000000	0.00000000	0.01834971	-0.67323017	0.00000000	0.00000000	0.49922532	-0.07581127	0.00000000	0.38649598	0.00000000	-0.93590599	0.00000000	8.83524227	0.00000000	0.59645855	-1.14892840	0.33275500	0.00000000	0.01796395	-0.16463968	0.00000000	0.00000000	0.00000000	0.14638776	-0.10107043	-0.34973407	0.00000000	0.80618632	-0.08865321	1.19507539	0.34933600	0.00000000	-0.05914325	3.23824644	-0.89213490	0.00000000	-8.66806602	0.00000000	9.74406433	-0.47869420	0.00000000	-0.00509977	-0.42425311	0.00000000	0.00000000	0.00000000	-9.23296165	-0.43611962	1.04484093	0.00000000	0.07851905	0.84138107	0.05042839	0.07294032			0.34376693		0.00000000	-0.37419432	0.22569329	0.00000000	-7.86567211	-0.01589787	-1.45455265	0.00000000	0.69495499	-0.03884354	0.00000000	-0.39028502	0.00000000	0.17504331	0.45004770	0.00000000	-0.03551739	0.00000000	0.84644902	-0.43106672		-0.07950485	0.00000000	0.00000000	0.75881803	0.00000000	-0.17182724	-0.25446159	0.00000000	0.05379379	0.00000000	0.35157189	0.19211090	1.15555704	9.19649601	0.00000000	-0.83944410	0.00000000	0.00000000	-8.78314400	-9.13495922	0.00000000	0.00000000	0.00000000	0.02692699	-0.32188377	-9.98519135	1.08595550	-9.70037460	0.00000000	0.00000000	0.00000000	8.49778080	-0.52390599	-0.06086051	0.00000000	-0.05435598	-0.38086200	0.00000000	0.06358457	0.37773848	0.18338707	-0.35421318	0.02520752	-0.42549175	0.00000000	0.00000000	0.00000000	0.00000000	0.67319208	-11.25416660	-0.43010786	0.24030519	0.15641469	0.00000000	0.00000000	0.00000000	0.35217750	10.52938175	0.00000000	0.00000000	0.00000000	0.39290208	0.00000000		1.19290364	0.00000000	0.03013439	0.00000000	-0.84378701	-9.98679256	-0.46579152	0.27075976	-0.45832130	1.03339529	0.85165834	0.00000000		-0.09458923	0.00000000	0.00000000		-0.32963443	0.00000000
chr2	178098806	driver	G	T	-0.57720119	0.00000000	0.48596466	0.33733588	0.17761689	-7.68183756	-7.45379210	-9.61429691	0.00000000	0.00000000	-0.05129814	-0.09969872	0.00000000	0.00000000	0.00000000	-0.37328357	-0.32803285	0.00000000	-10.02919483	0.41898388	-0.04179361	-0.23766446	0.09280592	0.00000000	0.00154102	-8.18846893	0.00000000	0.39363134	0.00000000	0.08039248	-0.43772280	0.07466805	-0.09675252	0.00000000	-0.86420190	0.07576835	0.02440226	0.00000000	0.00000000	0.00000000	0.09192620	-0.36101896	0.00000000	0.00000000	0.00000000	0.00000000	0.00000000	0.00000000		-0.06129791	0.16017944	-0.79563534	-0.23640800	0.00000000	0.10603598	0.00000000	9.59995174	0.27660879	0.00000000	0.25506940	0.00000000	-0.02459824	0.00000000	0.11273009	0.02621317	0.25496176	0.00000000	9.29703522	9.57906342	0.23880994	-0.55056447	0.00000000	10.08185196	0.29688340	-9.33248615	-0.05488172	0.00000000	-0.37405157	-0.18893909	0.00000000	0.64318049	0.00191864	0.00000000	0.00000000	0.00000000	0.00000000	-8.66838551		-9.93788719	0.00000000	9.23664570	-0.15410158	0.00000000	0.00000000	-0.12792641	8.45632553	0.60802948	0.00000000	0.00000000	1.11325085	-0.11424568	-0.10764360	0.02513420	0.00000000	0.52092159	0.00000000	0.04942648	0.00000000	-9.41562366	-0.11610454	0.14539349	0.00000000	-0.13174225	0.35816154	0.00000000	0.49502707	0.00000000	-0.35804373	0.19766474	-0.13381082	8.47304821	0.04291418	0.00000000	0.46382260	0.36430001	0.00000000	0.69024777	9.85534191	0.00000000	0.00000000	0.00000000	0.00000000	0.00000000	10.10951614	0.00000000	0.23476943	0.25052336	0.00000000	0.08755946	0.00000000	-0.62908173	9.66380882		0.00000000	-3.21721864	0.56789476	0.71494102	-0.11143792	0.39421517	0.05421466	-9.75726509	0.22952698	0.50991201	0.00000000	-0.52607310	0.00000000	0.13892794	0.00000000	-0.81107390	7.65031195	-0.32634366		0.00000000	-0.25011420	-9.10444450	0.24287444	-0.07379127	-0.17589736	0.08798861	0.00000000	-0.09614182	0.20330304	0.31092417	0.09733760	0.00000000	0.00000000	-0.09410924	0.00000000	-0.16429794	-0.05113274	0.00000000	7.76390266	0.00000000	0.21239600	-0.26336724	1.43246257	0.00000000	0.00000000	-0.49930918	0.00000000	0.00000000	0.00000000	0.00000000	-1.75521028	-0.21527928	0.00000000	0.00000000	0.05650732	-0.04216570	0.00000000	0.00000000	0.00000000	0.00000000	0.00000000	0.62754667	-1.10850346	-0.65811050	0.00000000	0.00000000	0.02218981	0.00000000	0.00000000	0.00000000	-1.11147642	0.18518937	0.00000000	0.18065789	0.00000000	-0.17248583	0.00000000	0.00000000		-0.00425458	9.40129185	0.00000000	0.23178816	0.00000000	0.03457068	-1.44479585	-0.25114614	-0.25856099	0.00000000	0.00000000	1.20906031	0.19033635	0.00000000		0.09448451	0.00000000	0.03233523	0.00000000	0.28105593	-1.09350777	0.18099554	-0.08228678	0.85136855	0.64413273	9.13868809	0.00000000	0.29343623	0.04213160	0.00000000	-1.11645627		-0.06646222	0.00000000
chr2	178098953	driver	C	A		0.00000000	0.33313447	8.78916836	0.04282902	-0.21587765	6.63154364	0.00000000	0.00000000	0.00000000	-0.05118597	-0.18485075	0.00000000	0.00000000	0.00000000	0.21811718	-0.07158482	0.00000000	-0.27887732	-0.11776340	-0.51982480	-0.69233763	9.26251793	0.00000000	0.08164123	-0.25148416	-0.39211905	0.25899851	0.00000000	0.02878252	1.04245472	0.06024002	-0.28159493	0.00000000		0.29284370	-0.49638045	-0.63563967	0.00000000	0.00000000	-0.14538446	0.49770373	0.00000000	0.00000000	0.00000000	0.00000000	0.00000000	0.00000000		-0.18752164	-0.14043725	1.32387662	0.00000000	0.00000000	-0.20114964	0.00000000	0.01455045	0.13007055	0.00000000	0.06427199	0.00000000	-0.26794630	0.00000000	0.03201628	0.00000000	0.04616677	0.00000000	-0.11957622	0.00000000	-0.25624985		0.00000000	9.40096664	-0.59690368	-9.23582268	-1.42815578	0.00000000	-0.19366914	0.32966936	0.00000000	-0.33096769	-0.48464811	0.00000000	0.00000000	0.00000000	0.00000000	-1.00944996		0.53582716	0.00000000	-10.17501163	10.26883221	-9.51948833	0.00000000	9.90986633	0.00000000	0.13622308	0.00000000	0.00000000	-0.01382279	0.11020505	0.28767395	0.01059121	0.00000000	-0.31496242	0.00000000	-0.10650948	0.00000000	0.24075961	-0.43982118	0.57466847	0.00000000	1.20360112	-0.16202229	0.00000000	0.00000000	0.00000000	-0.19758761	0.16134685	-0.62545377	0.00000000	-0.62372029	0.00000000	0.49600685	1.79641223	0.00000000	-9.66118240	0.00000000	0.00000000	0.00000000	0.00000000	0.00000000	0.00000000	-8.54536247	-1.14568710	0.22351867	-0.14764693	0.00000000	0.05790442	0.00000000	9.14842892	0.22453523		0.00000000	0.52298951	0.53648013	-0.79904115	0.31250122	-0.03593186	2.03200197	-0.27832621	-0.20863473	0.00000000	0.00000000	-0.18097809	0.00000000	-1.20269096	-1.15224719	0.24599683	0.00000000	0.21388906	0.24483693	0.00000000	-0.04562151	0.00000000	0.57165599	-0.48230273	0.00000000	0.83262038	0.00000000	-0.16699445	0.13153493	1.10784459	-9.12299252	0.00000000	0.00000000	-0.46116012	0.00000000	0.23516636	0.10228378	0.00000000	0.00000000	0.00000000	0.12294824	0.53966248	0.71630466	0.00000000	0.00000000	0.10729575	0.00000000	0.00000000	-0.19125736	0.00000000	-0.12619686	-0.33409774	0.00000000	0.00000000	-2.30989027	0.37545806	0.00000000	0.00000000	0.00000000	0.00000000	0.00000000	1.13001823		-0.35616943	-0.70254445	0.00000000	0.15481254	0.00000000	0.00000000	0.00000000	-0.51848137	0.02165949	0.00000000	0.49785656	0.00000000	1.05808783	0.00000000	0.00000000			-0.81849706	-9.18216133	-9.17532730	-0.09370828	0.43740499	8.05756474	0.31558022	1.86266458	0.00000000	0.00000000	-0.13205975	-0.03007600	0.00000000		-0.38065028	0.00000000	0.05390340	0.00000000	1.37334287	8.43091774	-0.62317425	-0.05484700	-0.26357585	0.00000000	-9.92359829	0.00000000	0.10484551	0.55137306	0.00000000	-0.42790866		0.34406361	0.00000000
chr2	178098954	driver	C	T		0.00000000	0.05210817	8.95928955	0.00752556	0.02861381	0.00000000	0.00000000	0.00000000	0.00000000	-0.09958790	-0.01849940	0.00000000	0.00000000	0.00000000	-1.48478365	0.18236399	0.00000000	-0.22234158	0.02548838	-0.47003478	-1.96395040	2.23986816	0.00000000	0.62877935	0.38580418	0.12636828	-0.79621923	0.00000000	0.03951800	0.03591335	0.17768145	0.02911133	0.00000000		-0.16141564	0.19071743	-0.72288609	0.00000000	0.00000000	-1.31071568	1.82371497	0.00000000	0.00000000	0.00000000	0.00000000	0.00000000	0.00000000		-0.00643249	-0.16015351	0.19629329	0.00000000	0.00000000	0.16279304	0.00000000	0.20205709	-0.00244980	0.00000000	0.29863352	0.00000000	-0.21493888	0.00000000	-0.10453260	0.00000000	-0.14510027	0.00000000	-0.01769474	0.00000000	-0.30334675		0.00000000	9.19001198	-0.93736678	0.00000000	-1.78075647	0.00000000	0.64625037	0.17436346	0.00000000	-0.30543774	-0.29294968	0.00000000	0.00000000	0.00000000	0.00000000	6.84491014		0.14263046	0.00000000	2.04788613	-0.09331834	-9.62567425	0.00000000	0.09543073	0.00000000	0.34231439	0.00000000	0.00000000	-0.91134155	0.29378784	0.11258602	-0.05035022	0.00000000	-0.08180624	0.00000000	-0.23692906	0.00000000	-0.24607965	-0.26450562	-0.25164121	0.00000000	-1.67445302	-0.16860610	0.00000000	0.00000000	0.00000000	-0.69326544	-0.04465973	-0.54802072	0.00000000	0.02040201	0.00000000	1.04229689	1.25574493	0.00000000	-0.69699013	0.00000000	0.00000000	8.85383224	0.00000000	0.00000000	0.00000000	-9.11085701	-0.15868592	-0.03102958	0.47705480	0.00000000	0.18665838	0.00000000	9.59903336	0.80180883		0.00000000	-0.62895232	0.90339196	-1.33517277	0.05362196	-0.27638072	0.02131033	-0.13128102	0.45400780	0.00000000	0.00000000	0.13054697	0.00000000	-9.09982491	1.15390301	0.11010259	0.00000000	0.13067770	0.32519764	0.00000000	0.46327859	0.00000000	0.29464716	0.06220886	0.00000000	-0.15303862	0.00000000	0.01618886	0.19847265	-0.01541771	-9.36223793	0.00000000	0.00000000	-0.45125335	0.00000000	0.09572899	-0.39413857	0.00000000	0.00000000	0.00000000	-0.17958340	0.08339357	0.04937282	7.30119228	0.00000000	0.35071671	0.00000000	0.00000000	1.76553130	0.00000000	0.02316666	0.20270312	0.00000000	0.00000000	0.41133255	-0.05223742	0.00000000	0.00000000	0.00000000	0.00000000	0.00000000	0.00000000		-0.46388009	-9.70204449	0.00000000	0.07829897	0.00000000	0.00000000	0.00000000	-0.53318000	-0.34154898	0.00000000	0.24401480	0.00000000	0.82820857	0.00000000	0.00000000			-10.08449745	0.48535383	-8.29559708	-9.40615654	0.09339295	0.00000000	-0.29958683	-1.68825686	0.00000000	0.00000000	0.38494304	0.03213960	0.00000000		0.60873294	0.00000000	0.12602001	0.00000000	0.84142631	1.90262234	-0.20927837	-1.12717903	-0.41721246	0.00000000	0.22228682	0.00000000	0.20435920	-0.05614847	0.00000000	-0.80365193		0.07338782	0.00000000
chr2	178098953	driver	C	G		0.00000000	-0.06759846	8.98509598	0.28055352	-0.17372048	9.16118908	0.00000000	0.00000000	0.00000000	0.07592511	-0.42109624	0.00000000	0.00000000	0.00000000	-0.39007419	0.31105208	0.00000000	1.04910707	0.13550514	0.14682552	-0.93412888	9.84328461	0.00000000	0.20909901	0.10185957	-0.24978352	0.11032213	0.00000000	-0.05414504	1.04220390	0.38114941	-0.07251579	0.00000000		0.38774484	-0.20179588	-0.27410364	0.00000000	0.00000000	0.08036701	0.32623482	0.00000000	0.00000000	0.00000000	0.00000000	0.00000000	0.00000000		-0.49013498	-1.17987728	1.85426593	0.00000000	0.00000000	-0.02293316	0.00000000	-0.04028809	-0.41165498	0.00000000	-0.58763397	0.00000000	-1.69263744	0.00000000	-0.51169884	0.00000000	-0.18009862	0.00000000	-0.09595200	0.00000000	0.29271457		0.00000000	0.09536690	-0.47573245	-0.32146859	-0.92191255	0.00000000	0.68237656	0.21156715	0.00000000	0.13069537	-0.32528496	0.00000000	0.00000000	0.00000000	0.00000000	-0.25493407		0.36291021	0.00000000	-1.69798446	0.00000000	-1.27000189	0.00000000	0.11876810	0.00000000	0.78198314	0.00000000	0.00000000	-9.75413895	-0.07889324	0.72267711	-0.15897080	0.00000000	-0.04838350	0.00000000	0.38017783	0.00000000	0.06206208	-0.36877415	0.40802407	0.00000000	-1.18499362	-0.26124716	8.25868988	9.83163071	0.00000000	-0.18113703	-0.39126724	-0.58170354	0.00000000	0.01041228	0.00000000	1.22940445	-0.49645627	0.00000000	0.17463696	0.00000000	0.00000000	0.00000000	0.00000000	0.00000000	0.00000000	-8.79166126	-1.54632306	-0.15456888	0.22182035	0.00000000	-0.20254731	0.00000000	-1.23761916	-0.20731139		0.00000000	-9.48951912	0.90054393	0.08073843	-0.64692205	0.73247594	1.82847500	-0.12617660	-0.26111510	0.00000000	0.00000000	-0.20419781	0.00000000	0.43000925	0.07946944	0.57449371	0.00000000	0.10443389	-0.24355301	0.00000000	-0.49305823	0.00000000	0.10918128	-0.28549421	0.00000000	0.27636230	0.00000000	-0.37175667	-0.17372686	0.09201235	-0.19204026	0.00000000	0.00000000	0.21233442	0.00000000	0.05835949	0.32438174	0.00000000	0.00000000	0.00000000	0.66749769	-0.31811565	-0.71014190	0.00000000	0.00000000	-0.13557127	0.00000000	0.00000000	0.12788308	0.00000000	-0.17453009	-0.24995197	0.00000000	0.00000000	-0.23944929	-0.24867037	0.00000000	0.00000000	0.00000000	0.00000000	0.00000000	-9.02809811		0.24043246	0.36524808	0.00000000	-0.44566250	0.00000000	0.00000000	0.00000000	-1.64633083	0.16937560	0.00000000	-0.31690425	0.00000000	0.81421423	0.00000000	0.00000000			-1.20359719	-9.18216133	0.83701754	-8.90932751	-0.13684018	0.00000000	0.15856555	1.05998576	0.00000000	0.00000000	-0.01667035	0.68359554	0.00000000		-0.62051356	0.00000000	0.14599949	0.00000000	0.38845479	9.14692783	-0.25923681	-0.13672209	-0.29293400	0.00000000	0.39535969	0.00000000	0.32819736	0.71647739	0.00000000	0.02437282		0.19560298	0.00000000
chr2	178097235	passenage	T	C	-0.61010659	0.00000000	0.43557048	-0.26188526	0.00588807	-9.47811317	0.00000000	0.00000000	0.00000000	-0.39992452	2.12663126	-0.40948659	-7.46329975	0.00000000	0.00000000	-0.02468452	0.22528648	0.00000000	0.17148340	-0.15757096	0.25914755	0.57062709	0.16236484	0.00000000	-0.56756419	0.00000000	-9.03645039	0.52129626	-0.25434232	0.14979762	-0.29522371	0.08696204	-0.46723747	0.00000000	9.04086876	1.07076299	-0.95843935	0.00000000	0.00000000	0.00000000	0.27087986	0.12071198	0.00000000	0.00000000	0.00000000	0.00000000	0.00000000	0.00000000	0.01152697	-0.25193673	-0.21854362	10.40678406	0.00000000	0.00000000	0.29076099	0.00000000	0.03265317	-0.03385735	9.16517353	-0.22302637	0.00000000	-0.52705824	0.00000000	0.36013347	-17.97653580	-0.02146232	0.00000000	-9.86805439	0.00000000	0.27008906	0.44196814	0.00000000	9.47695446	0.15604323	0.00000000	0.06823093	0.00000000	0.15012428	0.38197601	0.00000000	-7.98196840	0.40553170	0.00000000	0.00000000	-7.88361931	0.39052835	-0.41168463	-0.19478688	0.94991899	9.47661972	0.02506524	0.72526097	0.00000000	0.00000000	0.00000000	0.15080333	0.18971103	0.00000000	0.00000000	0.35249490	-0.02394205	-9.80777836	-0.33651856	0.00000000	0.09481660	0.00000000	0.25108081	0.00000000	-0.39863947	-0.29416937	0.00271752	0.00000000	-0.90823710	-8.62337494	-0.38883805	-8.67885017	0.00000000	-0.30440509	-2.65246248	0.07526805	0.00000000	-0.23671329	-2.35901809	3.18158841	0.39571795	0.00000000	-0.05650342	0.18581539	0.00000000	1.50663555	0.00000000	0.00000000	0.00000000	-0.27113056	0.00000000	9.26669502	-0.29749066	0.00000000	0.03551993	0.00000000	0.17512655	0.13008350	0.01034229	0.00000000	9.92376709	-0.72627932	-0.12810466	-0.68219405		0.01154679	0.00000000	-1.18827128	0.00000000	0.00000000	-0.60266149	0.00000000	0.04762089	1.19823194	0.08837155	0.00000000	0.01975012	0.24090469	0.00000000	-0.29028895	-0.40640098	-0.10408486	0.00331089	7.28545237	0.38700014	0.00000000	-9.34805298	-0.03926671	9.31601906	-0.99781197	0.00000000	0.00000000	0.58979881	0.00000000	-0.12739438	1.50216651	0.00000000	-0.41355348	0.00000000	0.46548125	0.44375640	-0.04960883	-0.94409835	10.12705135	0.01353112	0.00000000	0.00000000	0.00000000	0.00000000	0.00000000	8.92915058	0.00000000	0.00000000	-0.14611733	0.10930249	0.00000000	0.00000000	0.00000000	0.00000000	0.00000000	-0.12395918	-0.04890713	0.09161973	0.28633052	0.00000000	-0.25675321	0.00000000	0.00000000	0.00000000	0.14726520	-0.55098712	0.00000000		0.00000000	-0.31331086	0.00000000	0.00000000		-0.41383216	-0.60212493	0.00000000	-0.08401126	0.00000000	-0.23419017	0.00000000	-0.03735876	0.00409865	0.00000000	0.00000000	0.00000000	-2.09097719	0.00000000		6.28705359	0.00000000	0.49979651	0.00000000	-0.60260344	0.15488517	0.00000000	0.37200665	0.20154363	0.00000000	-0.09989084	-0.01285958	0.57444358	0.20859700	0.00000000	0.57344353	-1.44908679	-3.93518233	0.00000000
chr1	115256530	driver	G	T	-0.13332862	0.00000000	0.00000000	0.63727915	0.10668361	-0.97288740	0.09781641	0.00000000	0.00000000	0.00000000	-0.72667885	-0.11536069	9.05850601	0.00000000	0.00000000	-0.17234504	-1.71653867	0.00000000	0.29786676	-2.71010041	-0.28331351		0.00000000	-0.10745949	-7.86556578	9.48135567	-0.06010330	-0.72870386	0.00000000	0.02534267	0.97647250	-0.30020303	-0.07003319	0.00000000	0.27037576	6.93586445	8.73758793	-0.18447775	0.00000000	0.00000000	-0.33557880	-8.86925888	0.00000000	0.00000000	0.00000000	0.00000000	0.00000000	9.94669342	0.13344578	-0.30334282	-0.75308102	0.98314184	0.00000000	0.00000000	-0.17168367	1.41910410	-0.16955376	0.27654395	0.00000000		0.00000000	0.00445282	0.00000000	0.82928574	-8.47856998	0.00000000	0.00000000	-1.28169489	1.03072000	-0.00481669	-0.21189967	0.00000000	0.54490912	-1.17256761	0.00000000		0.00000000		-0.17439342	0.00000000		0.12942445	0.26292038	0.00000000	0.00000000	0.00000000	-0.25622430		1.35951948	0.00000000	-0.18453357	-0.15922266	0.08300304	0.00000000	0.97581542	9.47598648	-0.12086815	0.00000000	0.00000000	0.07245100	0.05384043	0.00000000	-0.18276660	1.16406345	-0.44583946	0.00000000	0.73348647	0.00000000	-0.08623798	-0.15898430	0.07260156	0.00000000	-0.53562880	-0.42896599	-8.39581966	0.00000000	0.00000000	0.34689498	-9.29230404	-1.25695920	0.00000000	-0.10766536	0.00000000	-0.70151269	0.21536833	0.00000000	0.00000000	-0.23959410	0.00000000	0.00000000	0.00000000	0.00000000	0.17707539	-0.45892513	0.00000000	-0.12510240	-0.18846333	0.00000000	-0.46989655	0.00000000	0.00000000	0.00000000	0.25743896	0.00000000	0.00000000	-0.15465331	-1.40086555	-0.37877965		0.56075025	0.06042733	-1.63818526	0.00000000	0.00000000	0.43935084	0.00000000	0.26532543	-0.44894397		0.00000000	-0.26097381	-1.10335314	0.00000000	-10.53296757	0.00000000	-0.12173726	-0.19156450	0.00000000	-0.32670331	0.00000000	0.00000000	-0.41834760	0.47786230	-1.30596817	-8.40374565	0.00000000	-0.06825641	0.00000000	-0.31571203	-0.63997132	0.00000000	0.26703471	0.00000000	-0.42490619	0.21352030	0.39868584	0.00000000	0.00000000	0.71645266	0.00000000	0.00000000	-0.38433468	0.00000000	10.08831406	-9.11400414	0.00000000	0.00000000	-0.66544509	-0.77443665	8.83118629	0.00000000	0.00000000	0.00000000	0.00000000			0.17440185	0.00000000	0.00000000	0.46563399	0.00000000	0.00000000	-0.16643858	0.58520943	-0.49615693	0.00000000	-0.21903411	0.00000000	-8.62011909	0.00000000	0.00000000	0.05032964		0.20406099	0.23534593	0.09906372	8.94341183	-0.38224518	0.00000000	-0.36429256	0.29033613	-0.05227900	0.00000000	-9.43740940	-0.04578448	0.00000000		0.26318800	0.00000000	0.26367056	0.00000000	0.30866277	0.17975396	0.76110280	-7.75360489		-0.21041811	-1.05719006	0.00000000	-1.56104767	0.14686984	0.00000000	0.00000000		-0.34638575	0.00000000
chr1	115258747	driver	C	G	-0.33770096	0.00000000	-0.17128378	0.27251929	0.14555091	9.00216579	0.00000000	0.00000000	8.33925056	0.36723089	-0.25959337	0.17711180	0.00000000	0.00000000	0.00000000	1.13974047	0.17302847	0.00000000	1.09076464	0.30829126			0.00000000	-0.12900698	-0.32654488	0.00000000		-0.18827021	0.00000000	-0.05140156	0.22722250	-0.20072678	0.05116415	0.00000000	0.18027081	0.36522949	2.34641647		0.00000000	0.54268241	-0.49756587	-0.49448472	0.00000000	0.00000000	0.00000000	0.00000000	0.00000000	0.00000000	0.06140761	-0.58561444		0.01956719	0.00000000	0.00000000	-0.60642970	0.00000000	-0.01664650	0.23520225	0.00000000	-0.15630531	0.00000000	0.23111007	0.00000000	0.03786685	0.31886178	-0.02959549	0.00000000		17.63874817	0.00000000	0.15821004	0.56492609	-0.60170317	0.18239847	0.00000000		0.00000000	0.42082208	0.58891821	0.00000000	0.20439464	0.05461451	0.00000000	0.00000000	-0.92335796	0.00000000			0.00000000	0.00000000	-0.02280122	-0.28632653	0.00000000	0.00000000	0.00000000	0.24299037	0.02931511	0.00000000	0.00000000	-0.39775831	-0.11307228	1.63005412	-0.24966255	0.00000000	1.29149997	0.00000000	-0.47098321	0.00000000	0.36118525			0.00000000	-0.20454612	-0.29237172	0.00000000	0.27935290	0.00000000	-0.61476183	-7.29063988	0.27812186	0.00000000	-1.02024817	0.00000000	8.94672012	0.14885938	0.00000000	-0.12777627	7.60131645	0.39390314	-0.70582277	0.00000000	0.00000000	0.00000000	0.00000000	0.00000000	0.11398321	0.00345192	0.00000000	-9.49827003	0.00000000	0.00000000	0.15928924	0.62353635	0.00000000	-0.19456744	0.08816230		-1.14195442	-0.38052475	-0.01939225	-0.07494712	0.09301084	0.00000000	0.00000000	0.35890144	0.00000000	-1.21319437	0.52747416	0.01851103	0.00000000	0.40965843	0.00454342	0.00000000	0.25064468	0.00000000	0.29413027	-0.34750307	0.00000000	0.48122728	0.00000000	0.00000000	-0.20299685	-0.03526241	0.22502232	0.00000000	0.00000000	-0.02802029	0.00000000		-0.03407589	0.00000000	1.38956547	0.00000000	-0.28501731	0.18173808	-0.19855157	0.00000000	0.00000000	0.28271815	0.00000000	0.00000000	-0.12383401	0.00000000	0.61631936	-9.24578381	0.00000000	9.37927246	0.21634042	0.04150271	0.00000000	9.67681122	0.00000000	0.00000000	0.00000000	-1.15127254	-0.31488079	-0.10756919	0.00000000	0.00000000	0.12489907	0.00000000	0.00000000	0.00000000	-1.45998800	0.10647798	0.00000000	-0.21249741	0.00000000	0.00118029	0.00000000	0.00000000			0.06309944	0.00000000	-9.27011776	-0.07210416	-0.03909367	0.00000000		1.26326036	-5.85999775	0.00000000	0.57315195	-0.41955978	0.00000000		-9.45430756	0.00000000	0.54386365	0.72303802	-8.91459084	0.16979665	0.00000000	-9.11174297		0.00000000	-0.11757553	0.00000000	-0.15894896	0.02514243	0.00000000	0.00000000	0.00113678	-0.05987098	0.00000000
chr1	115256521	passenage	A	C	0.03048961	0.00000000	0.44405997	9.35119247	0.04087374	0.39675093	-0.24995530	0.00000000	0.00000000	0.00000000	-0.14636987	0.21886313	0.00000000	0.00000000	0.00000000	0.22439547	-1.46285450	0.00000000	-0.72700036	-0.37739134	-0.03831062		0.00000000	-0.70038491	8.70993042	0.00000000	-10.53950310	-0.21294194	0.00000000	-0.09821284	0.57361203	0.12073475	10.35523224	0.00000000	-0.58374381	-0.84687740	0.08578944	-0.43782225	0.00000000	0.00000000	-0.40788674	-0.10416746	0.00000000	0.00000000	0.00000000	0.00000000	0.00000000	0.00000000	0.27821922	-0.80299872	-10.94055176	10.47246742	0.00000000	9.03918266	0.07028511	0.00000000	-0.01337640	0.13542080	-7.96572113		0.00000000	-0.25453037	0.00000000	-0.05036682	-0.32512951	9.70407772	0.00000000	-9.86081982	0.84347832	0.72880346	-0.40936279	0.00000000	0.80044001	-1.41636956	0.00000000		0.00000000		-0.20656472	-8.89234161		0.11829230	-0.34963179	0.00000000	0.00000000	0.00000000	-0.38561440		0.00000000	0.00000000	0.28598082	-1.05556095	-0.14222264	0.00000000	-0.10269094	-0.08648086	0.23768917	0.00000000	0.00000000	0.38190496	0.00200796	0.00000000	0.04387227	-9.08802986	-0.16354704	0.00000000	9.30880547	0.00000000	0.18627934	-0.09793094	-0.09274870	0.00000000		0.22270042	-0.25635779	0.00000000	0.00000000	-1.07984805	-0.42808542	0.65828443	0.00000000	0.84266478	0.00000000	-0.13484824	-0.11123997	0.00000000	0.00000000	9.14623165	0.00000000	0.00000000	0.00000000	0.00000000	-0.43252075	0.49960911	0.00000000	0.50054955	-0.39545035	0.00000000	-8.46596050	0.00000000	0.00000000	0.00000000	0.19749680	0.00000000	0.54504162	-0.16919613	0.32672852	0.40566570		0.69973385	0.30048907	-0.12019682	0.00000000	0.00000000	-2.05220675	0.00000000	0.62637258	-0.49664915	-0.04527414	0.00000000	0.09939623	-0.57855928	0.00000000	0.03314725	0.00000000	-0.17544851	0.13772668	0.00000000	-0.19686174	0.81984341	0.00000000	-0.86790448	0.31816792	-0.66745442	0.00000000	0.00000000	0.27950424	0.00000000	-0.24611026	-0.24351451	0.00000000	0.05704796	0.00000000	-0.18718192	-0.18548042	0.58457327	0.00000000	0.00000000	1.15683615	0.00000000	0.00000000	-9.26328278	0.00000000	0.27938497	-0.66852564	0.00000000	0.00000000	-9.81417751	0.20813167	0.00000000	0.00000000	0.00000000	0.00000000	0.00000000			-1.16129565	0.00000000	0.00000000	0.24025860	0.00000000	0.00000000	-0.49416387	0.33851820	0.06991382	0.00000000	-0.23004594	0.00000000	0.00000000	0.00000000	0.00000000	-0.41354084		-8.72424507	0.15915582	-0.07898000	0.00000000	-0.17695379	0.00000000	0.05510622	0.02887428	-0.30547082	-7.90042114	-10.04378510	0.11989030	0.00000000		0.82731807	0.00000000	-0.27837157	0.00000000	9.54693031	-1.29454863	0.60663688	-0.22226638		0.08624345	-0.52345467	0.00000000	0.19606209	0.04374021	0.00000000	0.00000000		-7.48489714	0.00000000
chr1	115256529	driver	T	C	-0.05409312	0.00000000	0.00000000	-0.08256847	0.53529555	-0.08511055	-0.23321962	0.00000000	0.00000000	0.00000000	-0.27971500	-0.06158016	0.00000000	0.00000000	0.00000000	0.10789359	-0.08407640	0.00000000	1.32437479	-0.89164943	-0.42168921		0.00000000	-0.42107713	-0.04525751	0.00000000	-0.03246194	-0.33599353	0.00000000	0.04598233	-1.89165699	-0.26875228	-0.05900469	0.00000000	0.95513552	9.68289375	-0.10536563	-0.03156177	0.00000000	0.00000000	0.10423544	-10.45049953	0.00000000	0.00000000	0.00000000	0.00000000	0.00000000	0.00000000	-0.38061547	0.64582050	-0.49189752	0.74616969	0.00000000	0.00000000	0.48598227	1.61019886	0.53253067	-0.18829750	0.00000000		0.00000000	10.87870502	0.00000000	0.06115733	1.11751378	-8.84161568	0.00000000	-0.68002528	0.36305308	0.28740478	0.05553052	0.00000000	0.44572335	-0.55274063	0.00000000		0.00000000		-0.23455937	0.00000000		-0.08310382	0.43496466	0.00000000	0.00000000	0.00000000	-10.14367104		10.02667713	0.00000000	-0.78342670	0.18632415	0.31090760	0.00000000	-0.55609179	0.40619934	0.27036163	0.00000000	0.00000000	0.43935218	0.01767443	0.00000000	0.12458321	-9.14674377	-0.05465017	0.00000000	1.02142787	0.00000000	0.17779881	-0.06858084	-0.17208767	0.00000000	0.20908073	0.52694631	-8.42741394	0.00000000	0.00000000	-0.17339385	-9.68104267	0.64635634	0.00000000	0.60614699	0.00000000	8.69141293	0.22007853	0.00000000	0.00000000	-0.54533625	0.00000000	0.00000000	0.00000000	0.00000000	0.14116168	0.02721143	0.00000000	-0.08104730	0.61762482	0.00000000	-0.55743098	0.00000000	0.00000000	0.00000000	0.40277180	0.00000000	0.00000000	-0.07189155		-10.14735985		0.18169591	-0.35547364	0.27697921	0.00000000	0.00000000	0.80126989	0.00000000	0.43653512	-0.22104388	-0.24161172	0.00000000	-2.29182982	-0.69229662	0.00000000	-2.62394619	0.00000000	-0.29113579	-0.90958607	0.00000000	0.28074622	0.00000000	0.00000000	0.35848939	0.16332471	-0.45810479	9.37527847	0.00000000	0.19572842	0.00000000	-0.11921042	-0.23580231	0.00000000	0.24535018	0.00000000	-0.44470730	0.15173586	0.21819463	0.00000000	0.00000000	0.40559530	0.00000000	0.00000000	-0.96833551	0.00000000	10.31242561	-9.54043102	0.00000000	0.00000000	0.18325227	-0.56503999	0.00000000	0.00000000	0.00000000	0.00000000	0.00000000			-0.06381479	0.00000000	0.00000000	0.32402003	0.00000000	0.00000000	-1.41011763	0.27792054	-0.24202457	0.00000000	-0.33557186	0.00000000	1.87980342	0.00000000	0.00000000	0.10370281		-0.25863144	9.17624760	0.38227883	-0.31441092	-0.11987984	0.00000000	-0.14757037	0.34787643	0.00080025	0.00000000	-9.59146500	0.57614565	8.66668797		-1.49593961	0.00000000	0.18524101	0.00000000	-0.36294103	0.63963348	0.05611491	-8.98842525		-0.35926950	0.05565786	0.00000000	-9.90247154	-0.60155213	0.00000000	0.00000000		0.27916041	0.00000000
chr1	115258748	driver	C	A	-0.33283395	0.00000000	1.70401680	-0.03317434	0.20375530	0.00000000	0.00000000	0.00000000	-6.47315264	-0.56171179	-0.85920119	0.15880287	0.00000000	0.00000000	0.00000000	-0.22085421	0.22496569	0.00000000	0.57200873	0.80440974			0.00000000	-0.19852573	-2.11485577	0.00000000		-0.20341194	0.00000000	-0.04377788	-0.07920271	0.01906922	9.21369457	0.00000000	-0.08206408	-0.16138704	9.88714027		0.00000000	-0.97277933	0.35890710	0.08588204	0.00000000	0.00000000	0.00000000	0.00000000	0.00000000	0.00000000	0.14353059	-0.53891468		0.12825912	0.00000000	0.00000000	-0.59212267	0.00000000	0.02596629	-0.02550089	0.00000000	0.60822892	0.00000000	-0.29824561	0.00000000	-0.23045078	0.16224027	1.14974475	0.00000000		9.67047119	0.00000000	-0.26556715	-10.87167931	0.19666111	-0.37903214	0.00000000		0.00000000	-0.22059155	0.51358521	0.00000000	-0.14073336	-0.22911376	0.00000000	0.00000000	0.00000000	0.00000000			0.00000000	7.03727245	0.88109571	-0.21772042	0.00000000	0.00000000	0.00000000	-8.57042027	0.00101593	0.00000000	0.00000000	-0.32832086	-0.48709619	9.99990845	-0.42982185	0.00000000	-0.57300198	0.00000000	0.00780544	0.00000000	-0.54095298			0.00000000	-0.02109383	0.10117811	1.29193115	-0.14667273	0.00000000	-9.58787823	-0.33525777	-0.09683070	0.00000000	-0.14149219	0.00000000	8.79557705	0.22913706	0.00000000	-0.26735175	0.00000000	-0.16128707	0.05172318	0.00000000	0.00000000	0.00000000	0.00000000	0.00000000	-0.20851803	0.03199118	0.00000000	-9.69431210	0.00000000	0.00000000	1.16927075		0.00000000	-8.33478546	0.47304231		0.19924957	0.40940678	0.13214475	0.00000000	-0.08691086	0.00000000	0.00000000	0.10347959	0.00000000	-0.42800140	0.04865870	0.00478815	0.00000000	0.04233086	0.10112421	0.00000000	0.50085801	0.00000000	0.22169727	0.74898660	0.00000000	0.82759678	0.00000000	0.00000000	-0.20099580	-0.07632805	-0.01318508	0.00000000	0.00000000	0.02465832	0.00000000		0.22809607	0.00000000	-0.39993119	0.00000000	0.04350194	-0.09800982	-0.46621656	0.00000000	0.00000000	0.16608170	0.00000000	0.00000000	0.07236046	0.00000000	-10.17559528	0.23762256	0.00000000	0.00000000	-0.82249606		0.00000000	0.00000000	0.00000000	8.61817837	0.00000000	-10.02063656	-0.70975077	-0.08883877	0.00000000	0.00000000	-0.07144824	0.00000000	0.00000000	0.00000000	0.08706301	-0.14571099	0.00000000	0.00540036	0.00000000	-9.57556343	0.00000000	0.00000000			0.15334207	0.00000000	0.49828240	-0.08441395	-0.06108099	0.00000000		0.22841239	0.00000000	0.00000000	-0.00696635	-0.03584211	0.00000000		-0.43993115	0.00000000	-0.08047901	-0.77861905	12.11639595	-0.00837207	0.00000000	3.22291565		0.00000000	0.28472307	0.00000000	-0.03620470	-0.22765516	9.08647537	0.00000000	9.40443134	-0.38139623	0.00000000
chr1	115256528	driver	T	G	0.22189760	0.00000000	8.63504791	0.40362349	0.46714437	-0.22851288	0.30615568	0.00000000	0.00000000	9.16789627	0.46651125	-0.11894692	0.00000000	0.00000000	0.00000000	-0.06789425	0.19052017	0.00000000	0.20708758	-9.72829533	-0.41206285		0.00000000	-0.48561478	0.27262828	8.88183784	-0.29827547	-0.09732735	0.00000000	0.15504891	0.44202194	-0.54688776	-8.80085278	0.00000000	0.56306636	7.71057796	-0.33859241	-0.44599748	0.00000000	0.00000000	-0.01391776	0.40654957	0.00000000	0.00000000	0.00000000	0.00000000	0.00000000	0.00000000	0.49728611	0.01603630	-0.24560773	0.46233660	0.00000000	0.00000000	0.30688709	9.19507980	0.73741817	-0.06812084	0.00000000		0.00000000	-9.05992413	0.00000000	-0.30510297	-2.33994913	0.71574783	0.00000000	-0.76159477	0.07611573	0.18845811	0.62477207	0.00000000	0.63056022	-0.15067071	0.00000000		0.00000000		-0.93017095	0.00000000		-0.12135789	0.80513024	0.00000000	0.00000000	0.00000000	-0.65609008		0.00000000	0.00000000	-0.18209755	-0.32289907	0.19917798	0.00000000	-0.22910643	-0.98648477	0.16875671	0.00000000	0.00000000	0.05537648	-0.13707556	0.00000000	-0.42127556	0.00000000	-0.21513361	0.00000000	1.04659033	0.00000000	0.36124483	-0.32709146	0.75966209	0.00000000	0.83949387	0.18562329	-0.05925965	0.00000000	0.00000000	-7.64889765	0.25984204	-0.37044346	0.00000000	0.65786207	0.00000000	-0.47942734	0.89563966	0.00000000	0.00000000	8.54000568	0.00000000	0.00000000	0.00000000	0.00000000	0.40783036	0.09564990	0.00000000	-0.18603301	0.06340337	0.00000000	0.67281622	0.00000000	0.00000000	0.00000000	0.30847603	0.00000000	0.00000000	-8.78986549		-0.26182064		0.14431077	-0.52580649	-0.10971600	0.00000000	0.00000000	7.77058125	0.00000000	0.22246301	-0.10099259	-0.61892593	0.00000000	0.07056415	-0.35152251	0.00000000	-0.25869277	0.00000000	-0.08485990	-0.32368070	0.00000000	-0.99348491	0.00000000	0.00000000	0.24183547	0.18565184	-0.22707874	0.00000000	0.00000000	0.28547686	0.00000000	-0.05865331	-0.45407069	0.00000000	-0.04975748	0.00000000	-0.11057085	0.00768296	-0.47842193	0.00000000	0.00000000	0.69157541	-9.24528980	0.00000000	-9.87654305	0.00000000	2.05039907	-0.21068409	0.00000000	0.00000000	-0.30365181	0.03766981	0.00000000	0.00000000	0.00000000	0.00000000	0.00000000			-0.06586251	0.00000000	0.00000000	0.16694468	0.00000000	0.00000000	-0.38099933	-0.02667990	-0.16504061	0.00000000	-0.31017867	0.00000000	0.00000000	0.00000000	0.00000000	-0.38219491		-8.23326302	0.27616584	0.13963830	1.18531275	-0.36199647	0.00000000	-0.30344427	0.14650273	-0.61882842	8.81996632	0.12058005	-0.13611078	0.00000000		0.23995745	0.00000000	0.24216264	0.00000000	0.23581041	-0.09469348	-9.73795033	0.20454240		-0.04114670	-0.15571928	0.00000000	-8.30421638	-0.44024935	0.00000000	0.00000000		-0.09606242	0.00000000
chr1	115256529	driver	T	A	-0.01827449	0.00000000	8.65297985	0.66149771	0.21981993	-0.76647651	0.41923535	0.00000000	0.00000000	0.00000000	0.00358769	0.19917974	0.00000000	0.00000000	0.00000000	-0.84653002	-0.09397960	0.00000000	0.73249054	-9.44328785	0.27779132		0.00000000	-0.34143746	-0.20530057	0.00000000	8.72821045	-0.47086054	0.00000000	0.04373458	-0.17449099	-0.39459938	-10.21301937	0.00000000	0.01898649	-0.14748597	10.04776859	0.17362955	0.00000000	0.00000000	0.10882001	-8.93251801	0.00000000	0.00000000	0.00000000	0.00000000	0.00000000	0.00000000	-0.27205336	0.88537323	0.40785420	-0.30281126	0.00000000	0.00000000	-0.25141749	-8.40358543	0.23827726	-0.04264300	0.00000000		0.00000000	0.00108439	0.00000000	-0.09769169	0.78649557	0.41077137	0.00000000	-0.13399929	0.36190164	0.29227591	0.69953334	0.00000000	-0.10062385	-0.56737900	0.00000000		0.00000000		0.23418811	0.00000000		-0.00532488	-9.12625504	0.00000000	0.00000000	0.00000000	0.09392005		0.00000000	0.00000000	-0.03840816	-0.01405612	0.50451756	0.00000000	0.55846977	0.47019231	0.06178778	0.00000000	0.00000000	-0.53414345	0.20591567	0.00000000	-0.58677685	-9.14674377	-0.10973538	0.00000000	-9.15665817	0.00000000	0.24070153	0.09635049	-0.39178938	0.00000000	-0.37445024	-1.22378492	-8.66890717	0.00000000	0.00000000	-0.04932690	-9.33596611	0.02427784	0.00000000	-0.19365579	0.00000000	0.06874490	0.39096570	0.00000000	0.00000000	-0.22291279	0.00000000	0.00000000	0.00000000	0.00000000	-0.37498331	0.23080641	0.00000000	-1.23163772	0.49952140	0.00000000	0.02428395	0.00000000	0.00000000	0.00000000	-0.45349681	0.00000000	9.91060829	-0.43156606	0.18858373	-0.29844031		0.17708689	-0.18408836	0.05604175	0.00000000	0.00000000	0.35329938	0.00000000	0.02840769	0.01672918		0.00000000	0.18090820	-0.40681547	0.00000000	-1.68324971	0.00000000	-0.42748195	-0.54142630	0.00000000	-0.77287549	0.00000000	0.00000000	0.32839489	-0.07565916	-0.30516660	10.23621368	0.00000000	-0.56564820	0.00000000	-0.23013961	0.08605063	0.00000000	0.29235888	0.00000000	-0.00333473	-0.29703689	-1.95975387	0.00000000	0.00000000	0.67046332	0.00000000	0.00000000	-10.46942711	0.00000000	10.07203865	1.07877803	0.00000000	0.00000000	-0.12065905	-0.20053986	0.00000000	9.88308525	0.00000000	0.00000000	0.00000000			-0.09499550	0.00000000	0.00000000	0.48187119	0.00000000	0.00000000	-10.35262585	0.07966033	0.21853176	0.00000000	0.15878926	0.00000000	1.38813710	0.00000000	0.00000000	-0.28073835		-0.64872134	0.05062389	0.15931009	-1.26593113	0.00971282	0.00000000	-0.62546486	0.01953787	-0.25225842	0.00000000	0.25417233	0.11648229	0.00000000		-0.93356752	0.00000000	-0.02544826	0.00000000	8.42172909	0.54092443	-10.06510353	-8.66326427		-0.75748283	0.48067194	0.00000000	-3.38358688	-0.30099306	0.00000000	0.00000000		0.00613627	0.00000000
chr3	138374301	driver	G	A	0.45617157	0.00000000	0.00000000	0.48633796	-0.02335501	0.00000000	0.34731960	0.00000000	0.00000000	1.32641947	-0.20496953	0.06115377	0.00000000	0.00000000	0.00000000	-0.57668298	0.00000000	0.00000000	0.32885167	-9.40297031	-0.15366858		0.00000000	0.00000000	0.36628354	0.00000000	0.18502921	0.16419554	0.00000000	0.03804827	0.14965916	0.06052804	-0.01077801	0.00000000	-0.47985759	0.10927711	0.19679618	0.76870787	0.00000000	0.00000000	-0.02132384	8.18067932	0.00000000	0.00000000	0.00000000	0.00000000	0.00000000	0.00000000	-0.44108009	0.00825417		0.42826140	0.00000000	0.00000000	-0.70902520	0.00000000	0.14778882	-0.15353018	0.00000000	-0.70428962	0.00000000	-0.34348887	0.00000000	-0.88822532	1.53478038	0.12697542	0.00000000	-0.02309307	0.00000000	-0.00273088	0.08048749	0.00000000	-0.20470187	-0.04350346	0.00000000		0.00000000	0.06934309	0.68916750	0.00000000	-0.40657476	-0.49918309	0.00000000	0.00000000	-1.07554686	0.00000000	0.04402310		-0.04751927	0.00000000	1.03235722	-0.33286685	0.00000000	0.00000000	9.23145485	0.15630186	-0.19866204	0.00000000	0.00000000	-0.74303448	-0.47340292	10.16473866	0.27271596	0.00000000	0.07346576	0.00000000	0.07348862	0.00000000	0.43843284	-0.06028153	-0.06922615	0.00000000	0.67724442	0.40925133	-8.69607925	0.00000000	0.00000000	-0.14139068	-1.98167562	-0.21394205	0.00000000	-0.68192852	-9.59724140	-0.27521467	0.31519535	0.00000000	0.00000000	-0.04675585	0.11170819	0.03497088	0.00000000	0.00000000	0.00000000	9.14885712	0.00000000	-0.15337792	-0.05673531	0.00000000	-0.34048811	0.00000000	0.00000000	0.64712822	-10.25470924	0.00000000	0.17665184	0.36750594		0.58389813		-0.00297976	-0.30628091	0.12978065	0.00000000	0.00000000	0.56142890	0.00000000	-9.48439312	0.09403461	-0.39942771	0.00000000	0.00000000	-0.08774662	0.00000000	-0.59976006	-8.33585072	-0.07666587	1.62351835	-0.09886456	-0.44543159	0.00000000	0.24353647	-0.47629443	-0.30881232	-0.97785676	0.00000000	0.00000000	0.23671448	0.00000000	-0.60163325	0.09363568	0.00000000	0.33021948	0.00000000	-7.11817360	-0.57670927	0.14004442	0.00000000	0.00000000	0.14890537	0.00000000	0.00000000	0.00000000	0.00000000	-6.64388657	0.00000000	0.00000000	0.16828418	0.23570597	-0.51985282	0.00000000	0.00000000	0.00000000	0.00000000	0.00000000	0.25970310		-0.04139289	0.00000000	0.00000000	-0.29303244	0.00000000	0.00000000	0.00000000	-0.31832349	0.35095796	0.00000000	-0.46178389	0.00000000	0.12690091	0.00000000	0.00000000	0.36689892		0.05825967	0.00000000	-0.52818114	-10.06128788	-2.22350621	0.00000000	-0.39883405	-0.50527215	0.00000000	0.00000000	0.00000000	0.71168172	0.00000000	-0.13150096	0.22123297	0.00000000	0.10006112	0.00000000	-0.04333404	1.78696764	0.00000000	-0.11130942		0.00000000	-0.14575443	9.01733398	0.11809444	0.57091177	0.00000000	0.00000000		-8.67803097	0.00000000
chr3	138413742	passenage	G	A	-0.36100551	0.00000000	0.00000000	0.03150603	0.16027211	9.82406139	0.56024873	0.00000000	0.00000000	-1.32056725	0.05185647	-0.20180243	0.00000000	0.00000000	0.00000000	1.16100931	-9.58673477	0.00000000	0.53253925	-0.81344700	0.82791650		0.00000000	0.00000000	-0.69455594	0.00000000	-0.36835092		0.00000000	-0.01719078	0.45582110	-0.07121609	0.23193243	0.00000000	0.36134613	0.91810274	-10.29528809		0.00000000	-10.45101929	0.37427607	-9.17880726	0.00000000	0.00000000	0.00000000	0.00000000	0.00000000	0.00000000	-0.36110306	-0.14608043		0.31584096	0.00000000	0.00000000	0.12922432	0.00000000	0.85795921	-0.09267148	0.00000000	0.67565078	0.00000000	0.17616443	0.00000000		-9.00354004	1.56714058	0.00000000	-0.45352989	-3.84031725	0.29124752	-0.11446002	-0.90346646	-0.36580753	0.74965042	0.00000000		0.00000000		0.06710880	0.00000000	0.14183855	0.20405649	0.00000000	0.00000000	-0.02706105	0.00000000			-0.21281171	0.00000000	-0.59455204	8.61953640	0.00000000	0.00000000	0.00000000	-8.89300632	-0.04982838	0.00000000	0.00000000	0.25729960	-0.37329990	0.00000000	-0.30825210	0.00000000	0.01194459	0.00000000	0.44171068	0.00000000	10.44173527	0.04117217	0.26248395	0.00000000	-0.46536827	1.27261257	0.00000000	0.00000000	0.00000000	-0.06120290	-0.24037737	0.28779465	0.00000000	-0.70412719	8.40273285	9.18625450	-0.36989743	0.00000000	-0.97565484	9.42922211	0.00000000	0.40552986	0.00000000	0.00000000	0.00000000	0.12970614	0.00000000	0.13713819	0.93440992	0.00000000	-1.05569875	0.00000000	0.00000000	0.02576286	10.11419964	0.00000000	-9.53064156	0.70169663		1.21216488		0.40923810	-0.01737052	-0.43486032	0.00000000	0.00000000	-0.58539450	0.00000000	0.23879725	-0.03507543	-0.34845284	0.00000000	0.00000000	-0.12554327	0.00000000	-0.33697990	-8.51086617	0.02626018	-0.43077850	0.39372247	0.27757987	0.00000000	0.00000000	-0.03655042	0.19105792	-0.02779144	0.00000000	0.00000000	1.40258324	0.00000000		-0.06226080	0.00000000	-0.04667604	0.00000000	0.37240958	0.53728914	-0.28792197	0.00000000	0.00000000	-0.74983543	0.00000000	0.00000000	0.06265873	0.00000000	0.00000000	-10.08123112	0.00000000	0.00000000	-0.23969018	0.31223124	0.00000000	0.00000000	0.00000000	0.00000000	0.00000000	1.13989353	0.94274002	0.49263793	0.00000000	0.00000000	-0.16939270	0.00000000	0.00000000	0.00000000	-0.10558814	-0.30971909	0.00000000	-0.37249428	0.00000000	-0.09430838	0.00000000	0.00000000	0.16531083		-2.08112478	0.00000000	0.43697256	9.47165203	-0.32133356	-0.06057048	0.36088079	9.02164555	0.00000000	0.00000000	-0.15371794	6.36775637	0.00000000		1.52634978	0.00000000	0.69432890	0.00000000	-0.52684617	-0.15702474	-0.37060845	9.12824631		0.00000000	0.07995875	0.00000000	1.29245448	1.15622985	0.00000000	-0.17533290		-0.49870992	0.00000000
chr3	138426040	passenage	C	G	0.07472253	0.00000000	0.12153852	-0.02460627	-0.51653242	0.00000000	0.00000000	-0.18086243	0.00000000	0.00000000	-9.05329037	-0.02214898	0.00000000	0.00000000	0.00000000	0.10356003	0.18402815	0.00000000	-0.07451048	0.19837642	-0.80283844	-0.10811394	0.32557285	-0.25439143	0.08683378	8.80644512	-0.28420860	-0.28567940	0.00000000	-0.06003982	-0.49481663	0.02434607	-9.74965286	0.00000000	-0.31505013	-8.71085453	-0.42196891		0.00000000	-9.54870605	0.17190275	-0.08223090	0.00000000	0.00000000	-0.17097312	0.00000000	0.00000000	-8.51435089	-0.14158277	-0.03524353			0.00000000	1.01862407	0.96895671	0.00000000	-0.34585536	-0.10580711	0.00000000	0.26201123	0.00000000	0.27750817	0.00000000	-0.21055663	-0.01213066	-0.40321571	-0.21848372	-0.79867959	0.00000000	-0.61476755	-0.03692186	0.00000000	-0.86980200	0.01717916	9.77091312	-1.38462508	0.00000000	0.16502172	0.05813763	0.00000000	0.20147088	0.34037313	0.00000000	0.00000000	-0.55075669	0.21839714			-0.30738533	0.00000000	0.43671152	0.33198449	0.00000000	0.00000000	-9.58747864	0.00000000	-0.18518329	0.00000000	0.00000000	-0.05272812	0.22688878	-0.07248020	0.18144940	0.00000000	0.54511130	0.00000000	-0.00905192	-0.12064195	0.12031680	-0.26133433		0.00000000	-0.09160383	0.16023722	1.26384795	0.00000000	0.00000000	-0.16596746	0.04219754	0.00712562	0.00000000	-0.18001412	0.00000000	-0.39396095		0.00000000	0.00000000	-0.09293812	0.17447877	-0.06223512	-0.53513920	0.00000000	0.00000000	0.00000000	0.00000000	-9.65067291	-0.01415025	0.00000000	18.82205582	0.00000000	9.21513271	-0.80522382	-0.50814950	0.00000000	-0.42964709	0.35375613	-0.00234474	0.15093134	-0.01766708		-0.03557247	-0.14015320	0.00000000	0.00000000	-0.16256773	0.00000000	0.00000000	0.03849149	-0.00979190	0.59789801	-0.36974251	0.24224475	0.00000000	0.42781091	-0.29679766	-0.07489091	0.21277517	0.00000000	-0.07670859	0.00000000	-0.01129344	-0.03662837		-0.36494076	0.00000000	0.00000000	0.06991529	0.00000000	0.24865875	-0.10413468	9.08140182	0.18214929	-0.31580675	0.04024069	9.32864475	-0.63530642	0.16088098	0.00000000	-0.26978940	-6.31062555	0.00000000	0.00000000	0.00000000	0.00000000	0.01110911	0.00000000	-0.03652075	0.08047542	0.14763276	-0.27042320	7.29217863	0.00000000	0.00000000	0.00000000	-0.64676547	0.61659271	-8.56303692	0.00000000	0.00000000	0.07427254	0.00000000	0.00000000	0.00000000	0.36543900	-0.22898635	0.00000000		0.00000000	-0.12160301	-0.31620324	0.00000000			-0.44244903	0.85325801	-0.56357026	0.00000000	0.03970218	-0.17765629	0.05342354	-0.42116410	-7.43337393	0.00000000	-0.03162608	0.20481099	0.00000000		-0.08613166	0.00000000	-0.17037487	-0.38641942	0.39107805	0.08659109	0.18916723	0.03855413	0.46046424	0.00000000	1.50211430	0.00000000	8.99798393	0.38281497	0.00000000	0.03270316		0.18265769	0.00000000
chr7	124510993	driver	C	A	0.29174185	-0.06388909	-3.53689241	-0.10491212	-0.00064956	0.00000000	-0.37610948	-0.65085006	0.00000000	8.41455460	0.00339782	-0.05982244	0.00000000	-0.58036041	0.00000000	-0.14176488	0.00000000	0.00000000	0.00000000	-0.09931940	-0.21363983	-6.21715260	0.25950563	0.00000000	0.19554865	0.00000000	0.00000000	0.00854528	0.00000000	-0.04723615	8.65009975	-0.02231018	-0.10206121	0.06770590	-0.27360854	0.31201243	0.43251914	0.00000000	0.00000000	0.00000000	-0.04297407	-1.58381784	0.00000000	0.00000000	0.00000000	0.00000000	0.00000000	0.00000000	-0.01416704	-0.28460705	0.00000000		-0.93563116	0.19537389	0.23165095	0.00000000	-0.29151586	0.04285592	0.11878920	-9.40317822	-0.27626443	0.22153607	0.00000000	-0.14555961	0.00000000	-0.20592892	0.34057885	0.00000000	0.00000000		8.35322571	0.00000000	-0.39104873	0.18230104	0.00000000	-0.03629272	0.00000000	0.60194337	-9.50857353	0.00000000	0.00222862	0.06764260	0.00000000	-0.58491755	0.00000000	0.00000000	0.00000000	9.05035400	-0.11287042	0.00000000	-0.20073798	-0.52223790	-0.14573896	0.00000000	0.00000000	-0.14350884	0.32304013	0.00000000	-10.01828384	0.60615158	0.00000000	-0.43219459	0.37960500	0.13051039	0.25295001	0.00000000	-0.86056006	0.00000000	0.50520456	0.00000000	0.16536966	0.00000000	0.67590219	-0.18411601	0.00000000	0.00000000	0.00000000	0.00000000	0.24450296	-0.44188887	-0.08886731	9.27046871	0.00000000	-0.31697837	-0.06951809	0.00000000	-0.80985117	-0.33134055	0.00000000	-0.00543022	0.00000000	0.00000000	0.00000000	-0.64229316	0.00000000	-0.15509802	0.20368797	0.00000000	-0.27956384	0.00000000	0.00000000	-0.47491512	0.58277273	0.00000000	-0.17844051	-0.18893299	0.09481804	0.09932721	0.04850946		-0.61363906	-0.38721511	0.00000000	0.00000000	0.25317505	0.00000000	8.43147182	0.41354775	0.27701318	-9.90835857	9.53459358	0.32200861	0.00000000	0.12196147	0.16326737	0.13739911	1.06235766	0.00000000	-0.25508994	0.08396065	-9.90740681	-0.22979075	-1.13625205	0.00000000	0.00000000	0.00000000	-0.26301748	0.00000000	-0.43344927	-0.39067125	0.00000000	-0.13879830	0.00000000	-0.12576959	0.70517027	0.20803657	-0.61075711	0.00000000	-0.42399007	0.00000000	0.27850485	0.14638233	0.00000000	0.00000000	2.54056644	0.00000000	0.00000000	0.34958565	8.04965305	-0.13287771	9.70800591	0.00000000	0.00000000	0.00000000	-0.43535569	0.21158451	0.30766737	-1.24909353	-0.41133863	-0.01459137	0.00000000	-0.05182159	0.00000000	0.11537652	1.17783964	0.00000000	0.07696715	0.29967785	-1.07560301	-8.25652695	0.00000000	9.10250092	9.66413593	-0.34361222	0.00000000	-0.37844610	0.00000000	0.00000000	0.00000000	0.09105706	-8.77333355	0.00000000	0.00000000	0.00000000	-0.24791127	-0.66285682	0.16953146	-0.37016273	0.00000000	0.08348477	0.00000000	1.17045331	0.00000000	-0.25719354	-0.06587493	-0.13605553	0.20947936	-8.48698997	0.00000000	-0.17008823	0.88333642	0.00000000	0.00000000		0.00000000	-0.81999183
chr7	124493101	passenage	A	T	-1.26652014	0.00000000	0.40931755	-0.38417083	0.32759315	0.60517895	-9.36292362		0.00000000	0.00000000	-0.48929384	-0.29443780	0.00000000	0.00000000	0.00000000	9.10793018	-9.88280392	0.00000000	-0.00180414	0.23232153	0.98934048	-0.51106530	-0.39265728	0.00000000	7.65768385	0.00000000	0.00000000	0.40393376	0.00000000	0.04892491	0.24284631	-0.22028908	-18.55760002	0.00000000		10.56647110	0.28510368	0.00000000	0.00000000	0.00000000	0.05659981	-0.03798555	0.00000000	-0.06468940	-0.48971260	0.00000000	0.00000000	0.00000000	-0.10983625	-0.30542129	0.00000000		-0.16582155	0.00000000	0.46381390	-10.17197037	-0.09040084	0.26826367	7.99028683	6.49170876	-0.59957790	-10.43052769	0.00000000	0.29202491	-2.01630092	0.00000000		-9.34604073	0.00000000	0.31595877	-3.18519974	0.00000000		0.76794648	0.30630088	0.89546120	0.00000000	-0.72765708	-0.03321469	0.00000000	0.00559422	0.62373519	0.00000000	0.00000000	0.00000000	0.00000000	0.00000000	0.10003525	-0.91342700	0.00000000	0.45544881	0.30911627	0.00000000	0.00000000	0.00000000	1.73192501	0.14648029	0.00000000	0.00000000		-1.39477885	0.57623887	0.64270061	0.00000000	0.52343321	0.00000000	-0.20414639	0.00000000	-0.20623466	-0.10650444	-0.13853112	0.00000000	0.21694568	0.82852155	0.00000000	0.00000000	0.00000000	-8.91344070	0.06671834	0.28294131	0.00000000	-1.25977492	0.00000000	0.48708451	-0.04155505	0.00000000	0.32093880	0.90781403	0.00000000	0.00000000	0.00000000	0.00000000	0.00000000	9.53193951	0.00000000	0.24304503	0.60899043	0.00000000	0.11662598	0.00000000	-10.23923779	-0.52739203		0.00000000	6.43596983	0.13497549	0.81964052	-0.70517951			0.15244293	-1.35337400	0.00000000	0.00000000	-1.75466943	0.00000000	-9.14076138	0.00000000	7.96096516	0.00000000	-0.65537930	-0.35806656	0.00000000	-1.30861688	0.00000000	-0.18480507	0.14091305	0.00000000	0.28607303	0.00000000		-0.47326887		-0.30373013	0.00000000	0.00000000		0.00000000	0.27898592	0.28476626	0.00000000	1.90709305	0.00000000	-0.22968376	10.54743576	10.11469746	1.74301147	-0.98570228	-0.19170102	0.00000000	0.00000000	0.00000000	0.00000000	0.00000000	-0.11972487	0.00000000	9.71721458	-0.45690691	-0.08926314		0.00000000	0.00000000	0.00000000	0.00000000	0.29011941	-0.67403316	-9.64272499	0.00000000	0.00000000	0.32300514	0.00000000	0.00000000	0.00000000	-0.92300153	-0.07684848	-9.24546814	0.15659603	-9.51734543	0.00000000	0.00000000	0.00000000		0.22373211	0.34857327	0.00000000	-0.22808717	0.00000000	7.78868437	-9.25176620	-0.01731969	-0.53102660	0.00000000	0.00000000	0.00000000	-0.05564255	0.00000000		8.23220539	0.00000000	0.14698052	0.00000000	-0.24800831	0.00000000	-0.19226491	-0.09141019	10.29545975	-0.19783078	-0.72620201	0.00000000	-0.33485839	0.49836293	0.00000000	-0.67312121		-10.11243439	0.00000000
chr7	124482862	passenage	G	T	8.96665573	0.00000000	0.11634755	-0.54844135	-0.07067984	0.00000000	-0.27982187	1.03389394	0.00000000	0.00000000	-0.71161389	-0.34291109	0.00000000	0.00000000	0.00000000	-1.81697309	0.64868855	0.00000000	0.87109184	-0.21449828	-0.38545126	-0.24404584	0.26597941	0.00000000	0.21595499	0.00000000	0.00000000	-0.32579157	0.00000000	-0.00964968	0.27509719	0.10013808	0.10559967	0.00000000	0.56969994		-6.59972715	0.00000000	0.00000000	0.00000000	-10.40724945	0.36202621	0.00000000	0.00000000	0.60018790	0.00000000	0.00000000	0.00000000	0.97858614	-0.27620286	0.00000000		-0.27052698	0.00000000	-0.19046274	0.00000000	-0.45537776	-0.05349153	-8.74832344	-0.41539240	0.60999572	-0.32846546	0.00000000	-0.42574191	0.34104729	-0.43672276	0.06264329	0.00000000	0.00000000	-2.16492987	9.30127144	0.00000000		-0.06112495	0.00000000	-0.19845735	0.00000000	0.52845007	-1.54098833	0.00000000	-0.76257336	-0.32960248	0.00000000	0.86512685	0.00000000	0.00000000	0.00000000	-0.25367653	0.49958706	0.00000000	-0.33066297	0.14125153	0.00000000	0.00000000	0.00000000	-8.88909531	-0.25616094	0.00000000	0.00000000	0.23737074	-0.27409846	0.00000000	-0.12558404	0.59877014	-0.10022879	0.00000000	-0.13094026	0.16872621	-0.19155565	0.00000000	-0.07273601	0.00000000	-10.21571732	-10.02245045	0.00000000	0.00000000	0.00000000	0.58121091	7.08052540	-0.67589676	0.00000000	0.19667438	-2.01718831	0.38841653	0.37268198	0.00000000	7.28547621	0.43752903	0.00000000	0.00000000	0.00000000	0.00000000	0.00000000	-0.76893830	0.00000000	0.12068719	0.12456208	0.00000000	0.07359105	0.00000000	0.00000000	0.32582584		0.00000000	-9.66314888	0.05824593	0.03209591	-0.08417708			-0.36607802	0.14646707	-0.54453409	0.00000000	0.13699630	0.00000000	0.49619192	0.13875318	0.55869681	0.22429410	-0.77154857	0.31262898	0.00000000	-0.10178900	0.00000000	0.45830268	0.07732612	0.00000000	-9.58631516	0.00000000		0.89024454		0.00000000	0.00000000	0.00000000	-0.24325299	0.00000000	0.04809648	-0.43608835	0.00000000	0.00000000	0.00000000	0.33610538	0.31607342	0.87701339	0.00000000	0.00000000	0.00000000	0.00000000	0.82653892	8.00733757	0.00000000	0.00000000	0.34835899	0.00000000	-8.42668629	-1.13288283	-0.25802386		0.00000000	0.00000000	0.00000000	0.00000000	0.30513990	-0.01903512	0.59375525	2.17342043	-0.60528815	0.29623011	0.00000000	0.00000000	0.10975564	-0.03873903	-0.05713399	0.00000000	0.30009210	0.00000000	0.00000000	0.00000000	0.00000000	-0.62636453	0.00549763	-0.37994176	0.00000000	0.00623271	1.08877611	0.00000000	0.00000000	0.22810596	-0.05104205	0.00000000	0.00000000	0.00000000	-0.03291798	0.00000000	-0.29411566	0.03054248	0.00000000	0.01387364	0.00000000	0.26797366	0.00000000	0.00000000	-0.10104245	0.16370517		-0.21444753	0.00000000	-0.33379495	-9.30696678	0.00000000	-9.67360306		0.00000000	0.00000000
chr10	89692895	driver	G	A	0.37065282	0.00000000	-1.48953533	1.02887106	0.52596664	0.00000000	-0.92390668	10.33889580	0.00000000	0.00000000	0.19448599	-0.46000826	0.00000000	0.00000000	0.00000000	-0.41313070	0.00000000	0.00000000	-0.12647155		1.28600729	0.32320130	-0.39392841	0.00000000	-0.08329926	0.00000000	0.00000000	0.01816824	0.00000000	0.00426465	-0.03971760	-0.00066614	0.36619329	0.00000000	-0.02290905	-0.91611862	0.18143927	0.00000000	0.00000000	0.00000000	-0.04823768	-0.24047917	0.00000000	0.00000000	-1.26055503	0.74506557	0.00000000	0.00000000	0.32013842		0.00000000		1.43521154	0.00000000	-0.16387236	0.00000000	0.80328208	0.29073235	0.00000000	-0.53968728	-0.70232010	-0.37702429	0.00000000	-0.47468469	0.22846353	0.11549534	-0.10414466	-0.66267478	0.00000000	0.32491851	0.02749509	0.00000000		0.01762480	0.00000000	0.08328538	0.00000000	0.58130836	8.51577759	0.00000000	9.55900192	-0.15005229	0.00000000	0.64978433	0.00000000	0.00000000	0.00000000	-0.37757957	-0.57414842	0.00000000	0.03236209	-0.51839256	0.00000000	0.00000000	0.00000000	-0.24958444	0.25116327	0.00000000	0.00000000	0.14147958	-0.23924589	0.64657652	2.52059245	9.84180260	0.36590362	0.00000000	-0.17052805	0.00000000	0.10913631	0.00000000	0.01735419	0.00000000	-0.97326350	-9.34129047	0.00000000	0.00000000	0.00000000	-7.53306007	-8.77322769	-0.12580711	0.00000000	-9.57046986	0.00000000	-0.44725826	0.43886757	0.00000000	0.00000000		0.00000000	0.69837630	0.00000000	0.00000000	0.00000000	0.88714242	0.00000000	-0.46426618	-1.95370495	-8.34619331	-1.06324530	0.00000000	0.00000000	-0.51573884		0.00000000	0.22192454	-0.15155208	-0.07336353	-0.11021149	0.41210663		-0.07294011	-0.23035359	0.00000000	0.00000000	0.20877577	0.00000000	0.36025274	-0.31148648	-1.01035643	0.00000000	9.21286869	-0.72152126	0.00000000	-10.27759933	1.44514203	0.09672080	-0.16580063	0.00000000	0.28331912	0.00000000	0.11766741	0.25766677		9.02584839	0.00000000	0.00000000	-0.32196456	0.00000000	-1.77863574	-0.09543622	-0.53271413	8.13713264	0.00000000	-9.67629814	-0.17134708	-0.22056609	0.00000000	0.00000000	-0.19691092	0.00000000	0.00000000	0.00000000	0.00000000	0.00000000	0.00000000	0.00000000	0.98588908	9.25990200		8.61730003	0.00000000	0.00000000	0.00000000	0.00000000	0.10219139	-0.20459504	-1.39597535	0.00000000	0.00000000	-0.06923760	0.00000000	0.00000000	0.00000000	0.91702783	0.15039384	0.00000000	0.07829881	0.00000000	0.00000000	0.00000000	0.00000000	0.12825231	-0.26402175	0.36150938	0.00000000	0.20295018	0.00000000	-0.20095634	0.25333726	-0.41326535	-0.00338142	0.00000000	0.00000000	0.00000000	0.13426630	0.00000000		-9.35101223	0.00000000	0.05492169	0.00000000	-0.50827795	-9.35116100	0.00000000	-8.73299313	0.22933465	-0.02295241	0.62858200	0.00000000	0.24358329	0.20859458	0.00000000	-0.10287178		-0.47046423	0.00000000
chr10	89717673	passenage	G	A	-0.09939760	0.00000000	0.52888542	-0.44488770	0.06176148	1.94212997	-0.14418316	-2.05902815	0.00000000	0.00000000	-0.49928415	-0.12465754	0.00000000	-0.15835798	0.00000000	0.06055248	0.00000000	0.00000000	0.14043629	0.37400478	0.52797544	-0.21703753	-9.14723110	0.00000000	9.40442753	0.16973162	0.00000000	-0.09786314	0.00000000	0.12281372	0.00000000	-0.23717690	-0.28176153	-0.19472271	-1.04387021	-0.90901482	10.42045593	0.00000000	0.00000000	0.00000000	-0.03780663	0.35388699	0.00000000	0.00000000	0.00000000	0.00000000	0.00000000	0.00000000	-0.02083227	-9.44781017	0.00000000		8.54391098	0.03580225	-0.20360744	0.00000000	-0.88902372	-0.27239496	9.32790947	-0.65212619	0.04176116	-0.33470839	0.00000000	0.34283692	10.14819527	0.18132508	-8.90139675	0.00000000	8.53010082	-0.25469139	9.27996063	0.00000000		0.39603889	0.00000000	0.30549252	0.00000000	-0.36442208	0.00000000	0.00000000	-0.13874067	0.69347560	0.00000000	-9.20846844	0.00000000	0.12908244	0.00000000	0.00000000	-0.96307242	1.12603521	0.61945152	9.36481571	0.00000000	0.00000000	0.00000000	-1.12697554	0.00150549	0.00000000	0.00000000		0.00000000	3.14022326	-9.68411064	-0.09853762	-7.79030991	0.00000000	-0.88679242	-10.54563427	-0.20683986	0.00000000	0.12659457	0.00000000	-9.70453644	0.13148500	-0.62859595	0.00000000	0.00000000	9.21372890	-0.31390369	-1.76556551	-9.32792759	-0.38099563	0.00000000	-0.30922306	0.38343447	0.00000000	-0.01400366	-1.06829107	0.00000000	0.00000000	0.00000000	0.00000000	0.00000000	-0.07497311	0.00000000	0.30033338	-0.53945017	0.00000000	-1.22844553	0.00000000	0.00000000	0.53456706		10.08356094	18.73871994	-0.69482350	-0.08625776	-0.14954463			-0.57847327	0.30099437	-0.10399389	0.00000000	-0.13559240	0.00000000	-1.35041201	0.72687352	-0.22750950	0.32010472	-0.93797868	0.28747648	0.00000000	0.30381632	0.00000000	-0.65789223	1.26117444	0.00000000	-0.02875957	-8.92741394		-0.61285007		0.00000000	0.00000000	0.00000000	-0.11042763	0.00000000	0.19151938	-0.79053831	0.00000000	0.00000000	-0.50986719	3.29228449	0.74977815	0.34735030	-10.36443615	0.00000000	0.00000000	0.00000000	8.99223804	-10.13273907	0.00000000	0.00000000	-9.55107212	0.00000000	-0.52340651	1.28105283	0.38642597	-1.84851086	4.82218933	0.00000000	0.00000000	0.00000000	-9.83669186	7.87615395	-0.47334123	0.00000000	0.15568721	-0.17563877	0.00000000	0.09426188	0.38679981	-0.54907298	-1.12023866	0.00000000	0.06350528	0.00000000	0.01553202	0.00000000	0.00000000	1.57944071	0.00000000	0.88893116	0.00000000	-0.28880799	0.00000000	0.00000000	0.00000000	-9.62584877	-0.34779984	0.00000000	0.00000000	0.00000000	-1.08341777	0.00000000	0.01045090	0.02885664	7.42341948	0.45866400	0.00000000	0.00582805	0.00000000	-9.29896545	-0.34816939	1.01509511	-0.87269902	-0.42988843	0.00000000		0.32548827	0.00000000	0.00000000		0.00000000	9.04503441
chr10	89692896	driver	G	T	-0.46310288	0.00000000	0.00000000	0.31374294	0.67615974	0.00000000	-0.22217476	1.80383468	0.00000000	0.00000000	-0.12007487	-0.28409716	0.00000000	0.00000000	0.00000000	-1.07533467	0.00000000	0.00000000	-10.00994587		-8.98143101	-0.56783378	0.01327980	0.00000000	-0.27991280	0.00000000	0.00000000	-0.05834296	0.00000000	-0.04455513	-0.48483634	-0.03884174	-0.30800045	0.00000000	-0.19115780	-0.89500475	0.51208878	0.00000000	0.00000000	0.00000000	0.16573569	0.03986138	0.00000000	0.00000000	0.40903616	0.18295801	0.00000000	0.00000000	0.42817730		0.00000000		8.69289207	0.00000000	0.06912103	0.00000000	-1.95748711	0.20192531	0.00000000	-1.03785920	0.08554757	-0.15880480	0.00000000	-0.40180710	-0.07141876	0.20832899	0.48583117	-9.70780087	0.00000000	0.66670877	-0.01118392	0.00000000		-1.31831717	0.00000000	-0.00516972	0.00000000	0.39952770	8.67906857	0.00000000	9.09094143	-0.61359584	0.00000000	-9.78429794	0.00000000	0.00000000	0.00000000	-0.78813809	-0.42311025	0.00000000	0.28558365	-10.23000717	0.00000000	0.00000000	0.00000000	-0.97918868	0.29913479	0.00000000	0.00000000	0.58013588	-0.90612078	-9.23502159	9.77090168	8.49671936	-0.52663356	0.00000000	-0.15800482	8.95061779	0.30174178	0.00000000	-0.57697946	0.00000000	0.58069903	-0.09080088	1.78393698	0.00000000	0.00000000	1.50833797	-7.93028450	-0.31976309	0.00000000	-9.87289810	0.00000000	-0.11906683	0.79105747	0.00000000	0.00000000		0.00000000	0.42510867	0.00000000	0.00000000	0.00000000	0.75036365	0.00000000	0.47070867	-0.05096561	0.00000000	-0.29458320	0.00000000	0.00000000	-0.94235981		0.00000000	0.15004045	-10.22287560	-0.33806545	-0.08870053	-0.32371819		0.12288633	-0.03565857	0.00000000	0.00000000	-1.29513752	0.00000000	0.92788208	-8.51134300	-1.13734090	0.00000000	10.23348999	-0.79366672	0.00000000	-0.67959851	0.00000000	0.24111435	-0.80297118	0.00000000	-0.35059786	0.00000000	1.02556515	0.67196000		7.63638496	0.00000000	0.00000000	-0.41154382	0.00000000	-1.26701629	-0.10098690	-10.48447514	0.00000000	0.00000000	1.90175450	0.49701416	0.02069083	0.00000000	0.00000000	-0.13274488	0.00000000	9.05809689	0.00000000	0.00000000	-9.12354851	0.00000000	0.00000000	0.04314983	9.38864326	-1.72421753		0.00000000	0.00000000	0.00000000	0.00000000	1.34698975	-0.40352938	0.00746226	0.00000000	9.17846966	-0.14862289	0.00000000	0.00000000	0.00000000	-9.24275875	0.06982420	0.00000000	0.15811872	0.00000000	0.00000000	0.00000000	0.00000000	1.18096423	-1.74098539	1.00235009	0.00000000	0.06889588	0.00000000	-0.12249482	0.36399657	-0.52250981	-0.01124536	0.00000000	0.00000000	0.00000000	0.29495236	0.00000000		0.50928628	0.00000000	-0.49041253	0.00000000	-0.33651316	-9.39899158	0.00000000	10.30385399	-3.15179634	0.59156752	-0.70211393	0.00000000	-0.15202802	0.06904972	0.00000000	0.23570037		-0.59200501	0.00000000
chr10	89692902	driver	G	T	-0.72805011	0.00000000	-8.86284065	0.30594397	0.09506773	0.00000000	0.14867002	-1.42513835	0.00000000	9.96170044	1.24811792	0.03074870	0.00000000	0.00000000	0.00000000	-0.52168298	0.00000000	0.00000000	0.27700695	-0.40690017	5.03121853	0.44278735	0.22848141	0.00000000	-0.07145196	0.00000000	0.00000000	0.73554826	0.00000000	-0.00306717	-0.02930611	0.24678220	0.11946711	0.00000000	0.37795004	0.46070796	-0.50045621	0.00000000	0.00000000	0.00000000	0.04762393	-1.73592424	0.00000000	0.00000000	-9.93884182	0.00000000	0.00000000	0.00000000	0.22888538		9.22317600		10.05170441	0.00000000	0.22845629	0.00000000	0.08210760	0.34298342	0.00000000	1.03659415	-9.48779297	-1.11373353	0.00000000		0.37495950	10.43331337	-0.94059640	0.00000000	7.50715208	1.25675440	-1.30281472	0.00000000		10.05886555	0.00000000	0.90521467	0.00000000	-0.67037129	-0.16145176	0.00000000	9.43375301	0.61014783	0.00000000	0.18040675	0.00000000	0.00000000	0.00000000	0.08333796	-1.02232003	0.00000000	-10.78736115	0.51313752	0.00000000	0.00000000	0.00000000	0.28240991	-0.34506252	0.00000000	0.00000000	0.83431935	-0.47869480	0.10410047	1.90769732	0.00000000	0.29693657	0.00000000	0.03375486	0.00000000	-0.48618084	0.00000000	-0.09121718	0.00000000	-0.03011405	0.13288546	0.66250384	0.00000000	0.00000000	1.75632906	-1.44365585	0.02615958	0.00000000	-0.15377194	0.00000000	0.41400218	0.45602244	0.00000000	0.00000000	0.91918355	0.00000000	-11.22830772	0.00000000	0.00000000	0.00000000	0.34475648	0.00000000	-0.33390719	0.73646784	0.00000000	-10.06963730	0.00000000	0.00000000	-1.23007476		0.00000000	-1.68340683	0.29355830	1.08800662	-0.46034044	0.29245013		-0.10972869	-1.81474900	0.00000000	0.00000000	-1.05165935	0.00000000	7.39453316	9.78785133	-1.60591388	0.00000000	-0.33520597	-0.40813622	0.00000000	-1.60674143	9.22259235	-0.42350474	0.18542159	9.37631607	-0.12242553	0.00000000	-0.59855860	1.04355788		-0.01872635	0.00000000	0.00000000	0.15289521	0.00000000	-0.02279989	-0.37056339	0.00000000	9.78069496	0.00000000	7.65890837	0.38484871	-0.74951959	0.00000000	0.00000000	-0.60564446	0.00000000	0.00000000	0.00000000	0.00000000	-9.91120911	-9.27157688	0.00000000	9.39034843	1.38155293		-0.40841073	0.00000000	0.00000000	0.00000000	0.00000000	2.47421217	-0.73096216	-9.16196060	0.00000000	-9.14688969	0.21373281	0.00000000	0.00000000	0.00000000	0.14572912	-0.33061227	-8.75364208	0.54055285	0.00000000	0.00000000	0.00000000	0.00000000	0.46220508	0.19486794	0.66982043	0.00000000	1.12174010	0.00000000	-3.11604834	-8.70171833	-0.55326802	-0.55459952	0.00000000	0.00000000	0.00000000	0.83763802	0.00000000		-0.16698247	0.00000000	-0.47809526	0.00000000	-0.83392477	0.06595504	0.00000000	0.33142173	1.20452654	0.87045246	0.00906242	0.00000000	0.32652745	-9.39080238	0.00000000	0.07341546		-10.66168785	0.00000000
chr10	89692902	driver	G	A	-0.35748279	0.00000000	0.05666554	0.65774590	0.11548722	0.00000000	-0.20481789	0.62834311	0.00000000	0.00000000	0.15768009	-0.04369792	0.00000000	0.00000000	0.00000000	0.16498405	0.00000000	0.00000000	0.07667203	-0.25447321	4.17467070	0.00809801	1.05453491	0.00000000	0.00789350	0.00000000	0.00000000	0.35389501	0.00000000	-0.01968893	-0.33222258	0.19003375	-0.02916178	0.00000000	-0.37702394	-0.14375508	0.10230222	0.00000000	0.00000000	0.00000000	-0.72273362	0.36237937	0.00000000	0.00000000	-1.50625169	9.77197933	0.00000000	0.00000000	0.51511860		0.00000000		9.76567459	0.00000000	-0.14267170	0.00000000	-0.20704699	0.60851598	0.00000000	0.51877224	-9.48779297	-0.67264819	0.00000000	1.31815827	-0.03967625	9.47420216	-0.27706689	0.00000000	0.00000000	0.54564887	-1.36395192	0.00000000		0.74286199	0.00000000	0.42692673	0.00000000	-0.55940729	0.23945403	0.00000000	9.10220337	0.21760651	0.00000000	0.18521985	0.00000000	0.00000000	0.00000000	-0.73775405	0.66630441	0.00000000	0.13320976	-0.05781546	0.00000000	0.00000000	0.00000000	10.07063293	-0.08679315	0.00000000	0.00000000	0.82148194	0.08395171	-0.00385022	1.51848912	0.00000000	0.19334388	0.00000000	0.18675166	0.00000000	0.26724637	0.00000000	-0.41220367	0.00000000	0.32115728	-0.23829132	0.84146976	0.00000000	0.00000000	0.62359715	-0.04928422	-0.30720389	0.00000000	-0.18680170	0.00000000	0.50665170	-0.40292925	0.00000000	0.00000000	0.73851937	0.00000000	0.29796171	0.00000000	0.00000000	0.00000000	9.70277977	0.00000000	0.53521180	0.86596537	0.00000000	-10.22083282	0.00000000	0.00000000	-0.49257296		0.00000000	-0.47587943	-0.33670664	0.40500134	0.35599661			0.89593530	-0.93247247	0.00000000	0.00000000	-0.12057889	0.00000000	9.32250404	0.00000000	-0.86037529	0.00000000	9.49199200	0.04317549	0.00000000	-0.05127308	9.70410347	0.42665529	0.28171816	0.00000000	0.21962196	0.00000000	0.71746051	0.00607723		0.14355016	0.00000000	0.00000000	0.43157485	0.00000000	0.01168761	0.14999813	0.00000000	9.49746704	0.00000000	-0.15308344	0.33329523	-1.14984953	0.00000000	0.00000000	-0.86502445	0.00000000	0.00000000	0.00000000	0.00000000	-9.91120911	-9.27157688	0.00000000	9.20515919	-8.03073120		10.38229561	0.00000000	0.00000000	0.00000000	0.00000000	1.17949247	-0.76301956	-1.23885405	0.00000000	-1.06570673	-0.07362960	0.00000000	0.00000000	0.00000000	0.34921646	0.07725498	-8.75364208	-0.08668528	0.00000000	0.00000000	9.89072323	0.00000000	0.52279609	-0.67572415	-1.16195035	0.00000000	0.33685756	0.00000000	-1.00589180	-8.70171833	0.33461189	0.36038509	0.00000000	0.00000000	0.00000000	-0.13098592	0.00000000		0.34323889	0.00000000	-0.08078828	0.00000000	-0.75901258	-0.67206132	0.00000000	0.38342679	0.86610252	1.37074542	0.13016349	0.00000000	0.40561539	-0.01166177	0.00000000	0.05107927		-10.66168785	0.00000000
chr10	89692785	passenage	T	C	9.49628925	0.00000000	0.79571557	-0.00857466	-0.33281848	9.54725933	-0.21352100	0.22707438	0.00000000	0.26272839	-0.39579299	0.18083334	0.00000000	0.00000000	0.00000000	-0.08855852	0.00000000	0.00000000	-9.16753101	-0.25178826	0.79381549	-0.14074802	-1.20882308	0.00000000	1.00915039	0.00000000	0.00000000	-0.05914653	0.00000000	-0.00201905	-0.41161388	-0.58813870	-1.40277910	0.00000000	-0.60979974	-1.05314660	0.15707842	0.00000000	0.00000000	0.00000000	0.19909698	0.11518447	0.00000000	0.00000000	0.00000000	0.00000000	0.00000000	0.00000000	0.24125293	-0.63756227	0.00000000		-0.90281320	0.00000000	-0.17085598	0.00000000	-0.07955891	-0.20184210	0.00000000	-1.31598568	-10.76593971	-1.24989843	0.00000000	-0.35374719	-0.26750880	-0.32614774	-11.30919075	-9.88370419	-10.16971493	-0.69365907	0.47256890	0.00000000		0.00552103	0.00000000	0.10133868	0.00000000	0.40875027	-0.38732496	0.00000000	1.02710557	-0.01656270	0.00000000	0.31705922	0.00000000	0.00000000	0.00000000	-0.27772710	-1.21655071	0.00000000	0.00574061	0.78530025	0.00000000	0.00000000	0.00000000	0.09528935	-0.72684652	0.00000000	0.00000000	-0.26069075	-0.08319199	0.00000000	-3.29836631	0.00000000	-0.14735097	0.00000000	0.12135762	0.00000000	-0.27177733	0.00000000	0.00015956	0.00000000	-7.83236122	-9.38419533	0.00000000	0.00000000	0.00000000	0.20349038	0.27826333	0.38193378	0.00000000	0.25714689	0.00000000	-1.76125240	0.76023215	0.00000000	0.00000000	-1.05069995	0.00000000	-0.33145559	8.80555725	0.00000000	0.00000000	-1.39091849	0.00000000	-0.12300241	-10.03570557	0.00000000	1.24179649	0.00000000	0.00000000	-0.01852006		0.00000000	-0.27103201	-0.01279682	-0.41752434	-0.16230243			0.57219642		0.00000000	-0.62990201	-0.16570154	0.00000000	-0.49377447	0.51099873	0.23146453	0.00000000	0.51770127	0.42121586	0.00000000	0.13337030	-0.84543633	0.25160903		0.00000000	-0.45950928	0.00000000	-0.95740879	-0.16630110		0.67233086	0.00000000	0.00000000	-0.62343830	0.00000000	0.55526841	-0.51760834	0.00000000	0.32435024	0.00000000	-10.62031174	-2.01484370	0.34898317	0.88885742	0.00000000	0.90878224	0.00000000	-8.42733860	-9.66461182	0.00000000	0.00000000	0.00000000	0.00000000	-1.20834255	8.59036446	0.07514453	8.86709499	0.00000000	10.31423569	0.00000000	0.00000000	-1.01464891	0.04901846	-0.62435651	0.00000000	0.00000000	0.50416648	0.00000000	0.00000000	0.00000000	0.44234145	-0.14887220	0.00000000	0.27281180	0.00000000	0.00000000	0.00000000	0.00000000	-0.00814933	-0.22576630	-0.24645674	0.00000000	-2.36785221	0.00000000	0.41031420	-7.91683865	-0.09879626	-0.72990417	0.00000000	0.00000000	0.00000000	-0.64407408	0.00000000		0.25377187	0.00000000	1.48353887	0.00000000	0.38473529	-0.32043445	0.00000000	-10.18341351	-0.22116780	-0.96625113	-1.38439870	0.00000000	-1.97271729	-0.97940958	0.00000000	0.00000000		0.00000000	0.00000000
chr10	89624244	passenage	A	T	0.00000000	0.00000000	-0.03216875	0.08011262	-0.16236050	0.00000000	-0.33151340	-0.11769223	0.00000000	0.00000000	-0.37965274	-0.14490575	0.00000000	0.00000000	0.00000000	0.01092617	0.00000000	0.00000000	-0.93790936	0.40413105	-0.10952812	0.11900285	0.00000000	0.00000000	-0.93845648	1.82540929	-0.08790636	0.01991916	0.00000000	-0.00866441	0.20459908	0.28762957	-4.95524836	0.00000000	-8.30930042	1.06399632	5.30000877	0.00000000	0.00000000	0.00000000	-0.35940376	-0.48627460	0.00000000	0.00000000	0.00000000	0.00000000	0.00000000	0.00000000	0.14200383	-11.62508488	0.07066216		-0.04677618	0.00000000	-1.05408335	0.00000000	-0.04097636	-0.00061187	0.00000000	0.00000000	0.66741443	-0.15369877	0.00000000	-0.31799692	-9.20801926	0.22511369	-0.20661205	0.46923840	-0.11176267	-8.17522430	-0.13202250	0.00000000		-0.04314327	0.00000000	-0.21142748	0.00000000	0.36671865	0.32355040	0.00000000	0.00000000	-0.27356941	0.00000000	0.00000000	8.47098541	-1.10372460	0.00000000	0.19581057	9.72444057	0.00000000	-0.00085944	-0.28009754	0.00000000	0.00000000	0.00000000	0.00000000	0.00000000	0.00000000	0.00000000	-0.22989744	0.00000000	0.80663109	0.17290950	0.00000000	0.44455349	0.28988957	-0.19646907	0.00000000	-0.55048490	0.02577603	0.07715935	0.00000000	-0.05611876	-0.25606358	0.00000000	-7.18380880	0.00000000	8.40434361	0.00000000	-0.10812208	0.00000000	-0.60409015	0.00000000	0.21891814	-0.05018576	0.00000000	0.00000000	9.27229691	-0.02084768	0.19649690	0.00000000	0.00000000	0.00000000	0.00000000	0.00000000	-0.24477074	0.09468251	0.00000000	0.26221663	0.00000000	0.00000000	-8.71168423		0.00000000	9.62884045	1.66363835	-0.24789155	-0.13628778	-0.08573307		0.28552878	-9.05730343	0.00000000	0.00000000	0.27559903	0.00000000	-8.35297680	-0.17991233	9.10502815	-9.31172180	0.59955734	1.01537728	0.00000000	-0.15130693	0.00000000	0.55111611	0.33279267	-8.64328575	-0.17692074	0.00000000		-0.32886186		-0.01422745	0.00000000	0.00000000	0.14683221	-9.43926620	-0.02223213	0.06226420	0.00000000	0.00000000	0.00000000	0.49333042	7.59108925	0.03744221	0.00000000	-9.00499153	-0.02375935	0.00000000	0.00000000	0.00000000	0.00000000	0.00000000	-0.25189209	0.33825767	-7.03563023	9.66659737	-0.07265139	-0.19947815	0.00000000	0.00000000	0.00000000	0.00000000	0.00000000	0.13282922	10.47334099	0.00000000	0.00000000	-0.01520067	0.00000000	0.00000000	0.00000000	0.21710241	0.29587516	0.73334676	1.55687666	0.00000000	1.49945915	0.00000000	0.00000000	-0.17031255	0.13288832	0.19787073	8.39254665	-3.42606878	0.00000000	0.00000000	0.00000000	0.02219139	0.90704894	0.00000000	0.00000000	-0.12020910	-0.49524504	0.00000000	0.12624526	0.08132029	0.00000000		0.00000000	-0.26774079	0.29996455	0.00000000	-0.16784754	0.14510727	-0.02388215	-0.03139904	0.22270274	-0.06441948	0.16588232	0.00000000	0.00000000		0.00000000	0.00000000
chr10	89711900	passenage	G	A	-0.00131080	0.00000000	-10.70145988	-0.01751015	0.00035997	-0.46681869	-0.14332962	-0.98969620	0.00000000	0.00000000	0.25378728	-0.06764397	0.00000000	0.00000000	0.00000000	-0.05371585	9.10500145	0.00000000	0.43852624	-0.33033925	0.11458856	0.66059917	-1.19660938	0.00000000	-0.72779417	0.85934472	0.46589446	-0.02466616	-7.84737206	0.05671495	-9.16611099	0.11715187	-0.20065767	0.00000000	0.32279789	-8.38476276	-0.15603757	0.00000000	0.00000000	0.00000000	-0.06121033	0.50264072	-0.62108123	0.00000000	0.00000000	0.00000000	0.00000000	0.00000000	0.01482194	-0.27283922	0.00000000		0.00000000	0.00000000	-0.20684560	0.00000000	-0.41368282	-0.08837450	-8.95250416	-0.17328861	-2.50576067	-1.11791909	0.00000000		0.15034199	-0.16591680	-1.02261639	0.35806197	-1.86871982	9.46806717	0.20563120	0.00000000		0.29490441	0.00000000	0.41678512	0.00000000	0.68714714	-8.71014786	0.00000000	0.23451561	0.09552364	0.00000000	0.36350727	1.83427215	0.28838575	0.00000000	0.65263724	-8.69986820	0.00000000	-0.23151426	0.27480620	0.00000000	0.00000000	0.00000000	-0.09739077	-0.14886186	0.00000000	0.00000000	-0.05300775	0.67059541	-0.16426754	-0.24408941	0.00000000	0.36608347	0.00000000	0.07471249	0.00000000	-0.40859169	0.14086652	-0.15535140	0.00000000	0.49549416	-0.46993947	0.00000000	0.00000000	0.00000000	0.17449474	-0.29636633	2.77145219	0.00000000	0.09993576	0.00000000	-0.00034504	0.36324111	0.00000000	-0.06069857	-0.45546556	0.00000000	0.00000000	0.00000000	0.00000000	0.00000000	-0.47663683	0.00000000	-0.12820290	-0.05001076	0.00000000	-0.05860347	0.00000000	-0.20337057	-0.31951213		0.14446831	-0.07329047	-0.29107213	0.27669182	-0.74323308			-0.00194490	-0.38098234	0.00000000	0.00000000	0.05391032	0.00000000	-0.01829911	0.00000000	-0.05083968	0.00000000	-0.27737370	0.73930860	0.00000000	0.38082117	0.00000000	0.05447298	-0.00219515	-9.61549568	-0.54038644	0.00000000		0.43878984		0.12454760	0.00000000	0.00000000	-0.12353882	0.00000000	0.22000027	-0.00888789	-2.39988494	0.31775069	0.00000000	0.10180090	-0.20733431	-0.24783877	0.00000000	0.00000000	-0.24100766	0.00000000	-8.21627808	-0.28549314	0.00000000	0.00000000	0.32098186	0.00000000	0.31213164	0.21386385	0.87642896	-0.53254187	0.00000000	0.00000000	0.00000000	0.00000000	-0.20722285	0.51302916	0.07738441	0.00000000	1.06928349	-0.07868728	0.00000000	0.00000000	0.00000000	0.29910022	-0.11864328	-0.58097702	0.32181728	0.00000000	-0.09617221	-9.18447208	0.00000000	-0.12586692	0.56134760	-0.10224694	0.19428980	0.70404166	0.00000000	0.00000000	0.00000000	0.20232022	-8.12963772	0.00000000	0.00000000	0.00000000	-0.25910240	0.00000000	-0.26479077	-0.14567608	0.00000000	1.67061687	0.00000000	0.13663489	0.06063950	0.00000000	0.23195577	0.90958679	-0.36001825	-0.27463701	0.00000000	-0.40209305	-0.43945032	0.00000000	0.00000000		0.11631906	0.00000000
chr17	47699360	driver	C	T	0.06492265	0.00000000	0.70999622	0.31142533	0.07002054	0.00000000	-0.14254117	-10.09324837	0.00000000	0.00000000	0.80785716	-0.26524305	0.00000000	0.00000000	0.00000000	-0.18570219	0.00000000	0.00000000	0.16250157	0.45188397	9.98209286	-0.32357362	0.06351566	0.00000000	0.04356277	0.00000000	0.00000000	0.05650401	0.00000000	-0.08655909	0.13381609	-0.03582459	0.80381608	0.00000000	0.17536338		0.48022091	0.00000000	0.00000000	0.00000000	-0.10947219	0.17649932	0.00000000	0.00000000	0.00000000	0.00000000	0.00000000	0.00000000	-0.02320620	0.38251707	9.53844929		0.00000000	0.00000000	0.40503806	0.00000000	-0.48292577	-0.19046223	0.00000000	-0.42065379	0.00000000	-0.48436916	0.00000000	-0.39294484	-9.88496304	-9.47684574	0.00000000	0.41803610	0.00000000	0.41838428	0.41791895	0.00000000	-1.37239051	0.20651585	-0.45219529	0.16387974	0.00000000	0.32450444	0.45249695	0.00000000	0.05280927	0.16801098	0.00000000	0.00000000	0.00000000	0.00000000	0.00000000	10.36806488	-0.27431908	0.00000000	-0.43297079	0.06918675	-0.09555948	0.00000000	0.00000000	-0.50925314	-0.44328082	0.00000000	0.00000000	-0.14155999	0.62989420	0.00000000	-10.34803009	0.00000000	0.22588283	0.00000000	0.01508996	0.00000000	0.66048241	0.69366503	0.14499211	0.00000000		-9.76918602	-8.08760262	8.40382767	0.00000000	0.34402931	-0.10395777	-0.01309809	0.00000000	-0.13887072	0.00000000	0.32520080		0.00000000	0.00000000	0.25001392	0.00000000	0.00000000	0.00000000	0.00000000	0.00000000	0.49283481	0.00000000	-0.43636766	-0.19179782	0.00000000	-0.57551998	0.00000000	-8.82662392	0.43809891		0.00000000	-0.06782193	-9.93337250	-0.12430553	-0.01877796			0.11034492	-0.02191190	0.00000000	-8.27311611	0.32029104	0.00000000	0.00000000	0.00000000	0.27593181	0.00000000	-0.15079635	0.54349923	0.00000000	8.71259499	-0.53680950	0.07384399	0.05421478	0.00000000	0.49379975	0.00000000	-10.15828037	-0.21173458		0.08192861	0.00000000	0.00000000	-0.26626080	0.00000000	0.17344502	0.05999041	0.00000000	0.88655543	0.00000000	-0.10237317	0.84874809	0.12621444	0.00000000	0.00000000	9.02625370	0.00000000	0.00000000	0.00000000	0.00000000	9.63414192	-0.06342688	0.00000000	0.00000000	0.06790316	0.55728662	-9.43197727	0.00000000	0.00000000	0.00000000	0.00000000	-0.16306327	0.33069056	0.94738418	0.00000000	0.00000000	-0.09359664	0.00000000	0.00000000	0.00000000	-0.16552643	0.29717046	0.00000000	0.56965268	0.00000000	0.88930368	0.00000000	0.00000000	-0.34738910	1.16640520	-0.19290721	0.00000000	0.07842907	0.08738327	-0.05031043	1.24794853	-0.04236734	0.12625989	0.00000000	0.00000000	0.00000000	-0.08200270	0.00000000	0.43621099	-0.32972205	0.00000000	0.46832198	0.00000000	-0.67251086	0.44118178	-0.56145412	-0.34271976		0.12603177	0.36204800	0.00000000	-0.38694820	-0.02689391	0.00000000	-0.06955564		0.53049374	0.00000000
chr17	47696432	driver	A	C	10.30697250	0.00000000	-8.46435642	0.29889917	-0.10324615	-0.16737223	0.09019601	-18.89552116	0.00000000	0.00000000	0.16404194	0.03268385	0.00000000	0.00000000	0.00000000	-0.34414268	0.00000000	0.00000000	0.06395853	0.18710786	-0.01835549		-7.23139477	0.00000000	-0.28339007	0.00000000	0.00000000	0.21827990	0.00000000	0.02021813	-0.22315803	-0.03512263	-0.34640136	0.00000000	0.10133374	-0.44609267	-9.24668217	0.00000000	0.00000000	0.00000000	-0.74538016	0.54092461	0.00000000	0.00000000	0.00000000	0.00000000	0.00000000	0.00000000		0.47248635	0.00000000		0.00000000	0.00000000	-0.26664340	0.00000000	-0.16920660	-0.27622950	0.00000000	-1.46993625	0.00000000	-0.28907755	0.00000000	-0.14856333	0.13814986	-0.03669757	0.00000000	0.50256920	0.00000000	-10.04742908	0.24050552	0.00000000	-1.16772461	0.23183846	0.00000000	0.06738707	0.00000000	0.48492277	-0.22387390	0.00000000	-0.12597354	-0.47905296	0.00000000	0.00000000	0.72500753	0.00000000	0.00000000	0.53713667	-0.60855544	0.00000000	-10.11462402	-0.04564160	0.00000000	0.00000000	0.00000000	0.00000000	-0.18790770	0.00000000	0.00000000	-0.05528998	9.03943920	0.00000000	-0.57080609	-0.00564292	0.15315104	0.00000000	-0.16618159	0.00000000	-0.11194181	1.53408575	-0.27950591	0.00000000	0.00482701	-9.74088478	1.82063532	9.12429619	0.00000000	0.00000000	0.42984515	-0.35852945	0.00000000	-0.29597053	0.00000000	-9.41133499	0.37058401	0.00000000	0.00000000	-1.74078488	0.00000000	0.81621289	0.00000000	0.00000000	0.00000000	-18.85391808	0.00000000	0.19730020	-0.13538238	0.00000000	0.80685854	0.00000000	0.00000000	0.07436961		0.00000000	-0.24005681		0.50160956	-0.44549280		-0.92093545	-0.03451943	-0.01948018	0.00000000	0.00000000	-0.04273340	0.00000000	-9.72078896	9.07600307	0.30624861	0.00000000	-10.20144939	-0.08187553	0.00000000	-0.12069920	0.00000000	-0.05428711	0.73172766	0.00000000	-0.24659953	0.00000000	-0.90761966	0.02629074		-7.00936031	0.00000000	0.00000000	-0.49459344	0.00000000		-0.65430105	0.00000000	0.58613229	0.00000000	0.09958407	-0.15200359	0.00515391	-0.76947659	0.00000000	0.11904311	0.00000000	0.00000000	0.57802486	0.00000000	0.35257572	-0.82665223	0.00000000	10.15737057	0.05775058	-0.46076149	-11.12520981	0.41647506	0.00000000	0.00000000	0.00000000	0.69626689	0.17433952	-0.27687281	0.00000000	0.00000000	-0.01445064	0.00000000	0.00000000	0.00000000	-0.27846798	0.54282773	0.00000000	0.41594619	0.00000000	0.00000000	0.00000000	0.00000000	0.62266469	0.84852248	-8.11095619	0.00000000	-0.20470142	8.54781151	0.14236277	0.00000000		-0.55476379	0.00000000	0.00000000	0.00000000	-0.38238382	0.00000000	-0.38368976	0.06294788	0.00000000	1.05248666	0.00000000	-0.06650665	1.12004733	0.47463572	0.02426654		-0.98166144	-0.36520118	0.00000000	-0.17629513	0.05110383	0.00000000	0.04174399		0.67426491	0.00000000
chr17	47696643	driver	A	C	0.06106830	0.00000000	0.13771772	-0.26257867	0.06227213	0.00000000	-0.12395942	0.60064781	0.00000000	0.00000000	-0.02586553	0.44752401	0.00000000	0.00000000	0.00000000	-0.05624461	0.00000000	0.00000000	0.91731417	0.58539164	-0.29965597	-0.34626383	0.80749500	0.00000000	-0.05524689	0.00000000	0.00000000	-0.28640777	0.00000000	0.08637083	-0.06561011	-0.01103529	-0.33551711	-1.29806805	-0.09847149	-0.23591003	8.75078201	0.00000000	0.00000000	0.00000000	0.12876385	0.22934000	0.00000000	0.00000000	0.00000000	0.00000000	0.00000000	0.00000000	-0.61202025	0.31020582	-0.26050234		0.00000000	0.00000000	0.16175614	0.00000000	-0.11333436	-0.19510455	-0.41638601	-0.07837597	0.00000000	0.15955994	0.00000000		1.88770080	-0.98272324	0.00000000	-0.13451159	8.99264431	-0.04145926	0.20514446	0.00000000		-1.78812540	0.00000000	-0.55897009	0.00000000	-0.38315791	0.03800082	0.00000000	-0.46656945	-0.15580651	0.00000000	0.00000000	0.00000000	0.00000000	0.00000000	-0.80987960	0.22253007	0.00000000	0.22497129	0.25639623	0.00000000	0.00000000	-1.71179342	-0.06630635	0.05524661	0.00000000	0.00000000	0.24257979	0.60514033	0.00000000	-0.08237810	0.00000000	-0.07435772	0.00000000	0.06661439	0.00000000	-0.29767251	-8.76066875	0.04973297	0.00000000	-0.38779336	0.18151486	-0.09427631	0.09926355	0.00000000	-0.29218650	-0.93302691	0.17949247	0.00000000	0.37791213	0.00000000	0.14490223	2.40542865	0.00000000	0.00000000	0.40709174	0.00000000	-0.11741528	0.00000000	0.00000000	0.00000000	0.07174855	0.00000000	0.17859083	0.09979890	0.00000000	0.23320925	0.00000000	0.00000000	0.00000000		0.00000000	-0.28523099	-0.17671138	-0.25835145	0.39308876			-8.96959686	-0.37664175	0.00000000	0.00000000	-0.28891033	0.00000000	-0.02975672	0.00000000	-0.32489070	0.00000000	-0.10571942	-0.31760037	0.00000000	-0.51745719	0.00000000	-0.27920011	-0.11497094	0.00000000	0.29062611	0.00000000	0.64536208	-0.03696933		-0.21174192	0.00000000	0.00000000	-0.68060040	0.00000000	-0.49959648	-0.07067651	0.00000000	-1.96017075	0.00000000	0.15403582	0.06082448	0.18727277	0.00000000	0.00000000	-0.46060938	0.00000000	0.00000000	-0.01793844	0.00000000	-0.33968371	0.00000000	0.00000000	-0.29221213	0.10760772	0.15792634	0.48965693	0.00000000	0.00000000	0.00000000	0.00000000	-0.76975334	0.03095780	-0.23077163	0.00000000	0.00000000	-0.07871523	0.00000000	0.00000000	0.00000000	-0.34192282	-0.60279989	-9.16646385	-0.35467470	0.00000000	0.00000000	0.00000000	0.00000000	-0.04803362	-0.27173376	0.58962715	-0.01228678	-0.20521519	0.00000000	-0.04262125	0.00000000	-0.14692062	-0.03222525	0.00000000	0.00000000	0.00000000	0.23545545	-0.35425496	-1.09297276	0.04523036	0.00000000	0.17938893	0.00000000	-0.93778563	-0.25463796	0.00000000	0.16686094	-0.19029862	-0.48589206	0.04236650	0.00000000	0.05722433	-0.17456309	0.00000000	8.62456417		-7.46132517	0.00000000
chr17	47696425	driver	A	G	10.23398495	0.00000000	0.13299549	-0.52645791	0.22002517	0.00000000	-0.01352823	-10.58881855	0.00000000	0.00000000	0.32357472	0.13411769	0.00000000	0.00000000	0.00000000	-0.14561313	0.00000000	0.00000000	0.93701023	-3.07516551	0.34976691		0.00000000	0.00000000	-0.22683495	0.00000000	0.00000000		0.00000000	0.06142926	-0.17500174	-0.23669715	-0.04718781	8.81066036		-0.01394646	0.00000000	0.00000000	0.00000000	0.00000000	9.02189922	0.07207423	0.00000000	0.00000000	0.00000000	0.00000000	0.00000000	0.00000000	-0.97117567	0.37110424	0.00000000		-8.61777496	0.00000000	0.48250729	0.00000000	0.25408363	0.04972903	8.95303535	-0.89431989	0.00000000	0.49283031	0.00000000	-0.05918351	0.16333139	0.13569160	-9.55329132	1.79192507	0.00000000	9.98785400	0.87424624	0.00000000		9.58585167	0.00000000	0.84480119	0.00000000	-0.08214343	-0.42581144	0.00000000	0.06664342	0.18024179	0.00000000	0.00000000	0.00000000	0.00000000	0.00000000	0.75369561	-0.46298605	0.00000000	8.80167866	-0.38710061	0.00000000	0.00000000	-8.17867661	0.00000000	0.14309233	0.00000000	0.00000000	9.75445557	-0.21451724	0.00000000	0.03487897	-0.58922511	0.07243943	0.00000000	-0.05344118	0.00000000	0.23168629	0.51069218	-0.01005271	0.00000000	0.46593016	0.31429666	-0.13868999	0.25996518	0.00000000	-0.07796681	-0.10535598	0.48405728	0.00000000	0.34253365	-0.60815030	-0.21329194	0.15706593	0.00000000	0.00000000	0.19191152	0.00000000	-0.70315337	0.00000000	0.00000000	0.00000000	0.62301183	0.00000000	0.01898371	0.36652112	0.00000000	-0.13779879	0.00000000	0.00000000	0.50163728		0.00000000	0.16666953		0.49411368	-0.17348248			-0.20071977	-0.20766163	0.00000000	0.00000000	-0.09654160	0.00000000	-1.63089371	0.00000000	0.06647514	0.00000000	-1.28870821	-0.48457167	0.00000000	-0.07497291	0.00000000	-0.22387001	-0.33884144	0.00000000	-0.34610429	0.00000000	-0.75169408	0.65326506		-0.00138307	0.00000000	0.00000000	-0.08991101	0.00000000		-0.12017247	0.00000000	0.00000000	0.00000000	0.19300887	-0.22957265	0.47168493	-0.60973191	0.00000000	0.15276200	0.00000000	0.00000000	0.00000000	0.00000000	-0.31487632	0.00000000	0.00000000	0.00000000	0.13237244	-8.48703575	-1.25039566	0.00000000	0.00000000	0.00000000	0.00000000	0.73563612	0.75271875	0.17874783	0.00000000	0.00000000	-0.04856890	0.00000000	0.00000000	0.00000000	0.01113112	9.81479549	0.00000000	-0.05267039	0.00000000	8.36158943	0.00000000	0.00000000	0.30009267	0.57801944	0.19259572	0.00000000	0.26851785	0.00000000	0.25046408	0.00000000	-0.29648501	-0.50685412	0.00000000	0.00000000	0.00000000	0.39673108	0.00000000	0.60191607	-0.18763185	0.00000000	-0.12216072	0.00000000	-0.98698103	0.00000000	-0.00409949	-0.08504599		-0.33109069	-0.47329575	0.00000000	-0.41085595	0.08112329	0.00000000	-0.57622480		0.26278794	0.00000000
chr17	47696646	passenage	T	A	0.50551963	0.00000000	0.15529561	-0.29003939	0.15582156	0.00000000	-0.89037061	0.94155508	0.00000000	0.00000000	-0.75441360	0.14806199	0.00000000	0.00000000	0.00000000	0.24187541	9.21111679	0.00000000	2.25308847	0.01561022	0.01736283	-0.37645161	-0.60207450	0.00000000	-0.29713568	0.00000000	0.00000000	0.18231612	0.00000000	0.03588820	0.07978605	0.22949299	0.08628097	0.00000000	0.18783292	0.79199374	0.00539005	0.00000000	0.00000000	0.00000000	0.09604099	0.13449839	0.00000000	0.00000000	0.00000000	0.00000000	0.00000000	0.00000000	-0.11960644	-0.36282700	-0.37646431		0.00000000	0.00000000	0.00447585	0.65769875	-0.04345194	-0.17171153	0.00000000	0.14482357	0.00000000	-0.56609285	0.00000000		0.97313118	0.26169845	0.00000000	-0.43595380	0.72763944	0.30924666	0.05979040	0.00000000	0.66823769	0.07505053	0.00000000	-0.00106375	0.00000000	-0.28963721	-0.19672751	0.00000000	-0.09520563	-0.16771357	0.00000000	0.00000000	0.00000000	0.00000000	0.00000000	-0.33883399	0.30420861	0.00000000	-0.34714800	-0.08703640	0.00000000	0.00000000	-0.05004424	8.25493431	-0.02421595	0.00000000	0.00000000	1.42500150	-0.54115176	0.00000000	0.08872114	0.00000000	-0.35681450	0.00000000	0.31318876	0.00000000	-0.31051999	-1.93405509	-0.04348493	0.00000000	-0.06980474	1.78214979	0.00000000	0.28047073	0.00000000	0.06826282	-0.46526772	-0.10619890	0.00000000	0.63441741	0.00000000	1.02208424	-8.54690647	0.00000000	0.00000000	9.93479443	0.00000000	-0.94078863	0.00000000	0.00000000	0.00000000	10.00259209	0.00000000	0.08744830	0.38252965	0.00000000	-0.00741744	0.00000000	-8.70635796	0.00000000		0.00000000	-0.13563019	-0.00975598	0.36182636	-0.40324312			-0.03585044	0.11541080	0.00000000	0.00000000	0.07157034	0.00000000	0.52798939	0.00000000	0.03373278	0.00000000	0.14533505	0.11118092	0.00000000	-0.40279198	0.00000000	0.00399572	-0.31251821	-0.26293850	0.28144807	0.00000000	4.22622395	0.15739839		-0.30126393	0.00000000	0.00000000	0.42343837	0.00000000	0.37220037	0.52019542	0.00000000	-0.35782218	0.00000000	0.71731377	0.30376613	0.11734869	0.00000000	0.00000000	-0.00087012	0.00000000	0.00000000	-0.35721838	0.00000000	-0.00523826	0.00000000	0.00000000	0.00000000	-0.22551954	-0.23680484	10.18775368	0.00000000	0.00000000	0.00000000	0.00000000	10.29733086	-0.30497557	0.11523944	0.00000000	0.00000000	-0.18991113	0.00000000	0.00000000	0.00000000	-0.30908576	0.02442019	-0.00185509	-0.38575715	0.00000000	0.00000000	0.00000000	0.00000000	0.02773893	-0.67819208	0.00000000	-0.27206305	0.08197154	0.00000000	-0.32857084	0.00000000	-0.21208012	0.46880022	0.00000000	0.00000000	0.00000000	0.01985840	-0.57266879	-0.93712950	0.26600504	0.00000000	-7.72463322	0.00000000	-0.08521679	-8.61470222	0.00000000	0.11095285	-0.15981320	0.74786717	-0.06096524	0.00000000	0.30842078	-0.17430252	0.00000000	0.06478941		-0.52490199	0.00000000
chr17	47696430	driver	C	A	-0.26686192	0.00000000	-0.02537775	-0.06205797	-0.08552784	-9.17083931	8.83737278	1.87172735	0.00000000	0.00000000	-0.26786053	-0.25484836	0.00000000	0.00000000	0.00000000	-0.39196196	0.00000000	0.00000000	8.77021217	1.30729604	-0.00612801		10.65338707	0.00000000	0.45374596	0.00000000	0.00000000	0.02282262	0.00000000	-0.01082084	0.06799132	-0.00799535	-0.06304213	0.00000000	0.55167490	-0.66339725	0.00000000	0.00000000	0.00000000	0.00000000	-0.34618199	0.26558334	0.00000000	0.00000000	0.00000000	0.00000000	0.00000000	0.00000000	-1.20055056	0.08219920	0.00000000		0.00000000	0.00000000		0.00000000	-0.28553435	-0.13414989	0.00000000	0.16784489	0.00000000	-0.84822786	0.00000000	0.73441541	0.06332618	-0.60833186	0.00000000	-8.51404190	0.00000000	-0.17254364	-0.05495611	0.00000000	0.29359710	-0.34510425	0.00000000	-0.25335172	0.00000000	0.02814335	0.04366627	0.00000000	0.19634607	-0.05381833	0.00000000	0.00000000	0.00000000	0.00000000	0.00000000	-0.61004949	0.30122843	0.00000000	-0.09032650	-0.00221473	0.00000000	0.00000000	0.00000000	0.00000000	-0.16363043	0.00000000	0.00000000	-1.10862517	-0.85811508	0.00000000	-0.03947020	0.06064039	-0.55544734	0.00000000	0.32710391	0.00000000	-0.03903803	0.07068825	0.66188812	0.00000000	-9.68955135	-0.24260816	0.00000000	0.99077106	0.00000000	0.00000000	0.00139236	-0.01304609	0.00000000	0.20010340	0.00000000	0.19567963	-0.27467525	0.00000000	0.00000000	0.20740348	0.00000000	0.27489781	0.00000000	0.00000000	0.00000000	0.02946568	0.00000000	-0.21800911	-0.22295684	0.00000000	0.22291991	0.00000000	0.00000000	0.10614413		0.00000000	-0.21841186		-0.03750861	-0.29855055			0.33188772	0.09302694	0.00000000	0.00000000	-0.00011830	0.00000000	0.38110134	0.00000000	0.04829964	0.00000000	0.24103308	0.33838528	0.00000000	0.58714896	0.00000000	0.02288850	0.05429979	0.00000000	0.18783346	0.00000000	0.28740829	-0.22841853		-9.20117283	0.00000000	0.00000000	-0.19750059	0.00000000		-0.05083221	0.00000000	0.24942017	0.00000000	0.04592372	-0.14475060	0.09062944	0.26633856	0.00000000	0.28134373	0.00000000	0.00000000	-9.71051502	0.00000000	0.06282717	-8.93927288	0.00000000	0.03950882	-0.10792828	0.00551325	0.57791483	-0.08423901	0.00000000	0.00000000	0.00000000	7.61791277	-0.29295230	-0.32251108	11.25192833	0.00000000	-0.00147851	0.00000000	0.00000000	0.00000000	-0.20063499	0.14111966	-1.80923176	0.14268769	0.00000000	0.00000000	0.00000000	0.00000000	-0.21345711	-0.57134128	-0.11759531	0.00000000	-0.04133376	0.00000000	-0.01910013	0.00000000	0.56877697	-0.08425003	0.00000000	0.00000000	0.00000000	-0.38349470	-7.11888695		0.12616003	0.00000000	-0.53740823	0.00000000	0.28093937	7.95228672	-0.05714011	0.07106836		-0.03058928	-0.48925859	0.00000000	0.21398780	-0.34541750	0.00000000	-0.64607835		-0.14414167	0.00000000
chr17	47699368	driver	T	G	-0.31179392	0.00000000	-0.06267452	-0.52364606	-0.03410806	1.22783089	-0.27722478	0.00000000	0.00000000	0.00000000	7.75709057	-0.45851326	0.00000000	0.00000000	0.00000000	-0.00440487	0.00000000	0.00000000	-0.35243067	-1.50546622	1.06308579	0.19425800	-0.79177225	0.00000000	0.42008406	0.00000000	0.00000000	0.57698530	0.00000000	0.03813331	-0.10972545	0.08787713	0.41457555	0.00000000	-0.08947340		-19.10612106	0.00000000	0.00000000	0.00000000	0.28683454	-0.00446558	0.00000000	0.00000000	0.00000000	0.00000000	0.00000000	0.00000000	0.60112810	-0.55247557	0.00000000		1.64141393	0.00000000	0.11908479	0.00000000	0.79645789	0.65050328	0.00000000	1.55802143	0.00000000	0.53383875	0.00000000	-0.38868886	0.00000000	-0.07457963	0.00000000	0.20931160	0.00000000	-0.14642286	0.18503031	0.00000000	-0.93714958	0.45031005	-0.88193512	0.15558997	0.00000000	-0.23169345	0.15504184	0.00000000	0.49396813	0.15719953	0.00000000	0.00000000	0.00000000	0.00000000	0.00000000	9.27151680	-0.01187702	0.00000000	-0.08631700	-0.21756041	-0.18896079	0.00000000	0.00000000	9.04391861	0.10662109	0.00000000	0.00000000	0.28743830	0.00560880	0.00000000	0.28058586	0.00000000	0.32088521	0.00000000	-0.13544527	0.00000000	0.14601511	0.00563335	0.35140294	0.00000000	-0.84795046	0.37870151	0.20794159	0.00000000	0.00000000	1.36426723	0.03050818	0.12533605	0.00000000	-1.16151452	0.00000000	0.86873472		0.00000000	0.00000000	0.92700934	0.00000000	0.21883917	0.00000000	0.00000000	0.00000000	-0.01141346	0.00000000	0.15896851	0.15197852	0.00000000	0.09579474	0.00000000	0.00000000	1.74668670		0.00000000	0.29781681	0.39006755	0.22737315	-0.07322714		-0.44856715	0.07126135	0.51237053	0.00000000	0.00000000	0.05474031	0.00000000	7.83319378	0.00000000	-1.09958434	0.00000000	-0.20039892	-0.07297280	0.00000000	-1.33134973	0.19432229	0.32202417	-0.11135685	0.00000000	-0.23238653	0.00000000	-0.72132051	0.14155227		-0.09164977	0.00000000	0.00000000	0.65601647	-0.37555861	0.78921771	0.29356974	0.00000000	0.40024519	0.00000000	0.14963406	0.20745376	-0.01037522	0.00000000	-4.65262461	10.49049187	0.00000000	0.00000000	0.00000000	0.00000000	0.00000000	-0.04890513	0.00000000	0.00000000	-0.69960171	-9.31573677	0.49564302	0.00000000	0.00000000	0.00000000	0.00000000	9.66008091	0.09286302	-0.03666738	0.00000000	0.00000000	-0.13151135	0.00000000	0.00000000	0.00000000	0.55251598	-0.36331201	0.00000000	0.21592823	0.00000000	0.00000000	0.00000000	0.00000000	-0.03832835	0.24791154	0.10054111	0.00000000	0.04269889	-0.11983645	-0.22158229	-9.06340504	-0.20384151	0.24545632	0.00000000	0.00000000	0.00000000	-0.54311955	0.00000000	1.26030350	0.39983487	0.00000000	-0.24100068	0.00000000	0.04601756	0.16561878	-0.04486340	-0.09830409		-0.19595912	0.08816242	0.00000000	0.12433753	-0.30446896	0.00000000	-0.66769731		-6.99846029	0.00000000
chr17	47696421	driver	C	G	0.10990429	0.00000000	9.84765530	0.16745755	0.07263525	0.00000000	-0.21836293	-0.82493669	0.00000000	0.00000000	0.10999960	0.09339532	0.00000000	0.00000000	0.00000000	-0.06894712	0.00000000	0.00000000	0.08744378	0.44298750	0.38691401		10.19044781	0.00000000	-0.23141444	0.00000000	0.00000000	3.56901169	0.00000000	-0.03604183	0.01785532	0.17462911	0.31802434	-0.12141776		-0.74518627	2.71155667	0.00000000	0.00000000	0.00000000	0.17056167	0.22981459	0.00000000	0.00000000	0.00000000	0.00000000	0.00000000	0.00000000	-0.62478036	0.14011434	0.00000000		-9.22568893	0.00000000	-0.51983786	0.00000000	-0.11694640	-0.50220317	0.00000000	-0.26995638	0.00000000	-0.21562396	0.00000000	-0.04281805	-0.00887442	0.14893031	-9.82062149	0.05880499	0.00000000	0.03901780	-0.61993885	0.00000000	-4.01447058	0.41733611	0.00000000	0.05272940	0.00000000	0.01516503	-0.42268136	0.00000000	0.71952432	0.25207502	0.00000000	0.00000000	0.00000000	0.00000000	0.00000000	0.92725110	-0.68846935	0.00000000	0.43984908	-0.42703527	0.00000000	0.00000000	0.00000000	0.00000000	0.02002767	0.00000000	0.00000000	-1.01452339	-0.53651834	0.00000000	-0.26665637	-0.33059001	0.23048095	0.00000000	0.05575983	0.00000000	0.08618717	0.09929883	0.32786235	0.00000000	0.07833138	0.28781205	-9.74534607	0.08307636	0.00000000	-8.75413227	-0.20776953	-0.07654303	0.00000000	-0.11994797	-3.35985279	-0.23065326	-0.30823463	0.00000000	0.00000000	-0.40448600	0.00000000	1.58378923	0.00000000	0.00000000	0.00000000	0.07344830	0.00000000	0.25249562	-0.37900549	0.00000000	0.73951393	0.00000000	0.00000000	-0.07213616		0.00000000	0.34324437		-0.03033510	0.19619095			0.73903811	0.18843295	0.00000000	0.00000000	-0.09005504	0.00000000	-10.26861286	0.00000000	0.04204594	0.00000000	-0.07606433	0.22424600	0.00000000	-0.22107024	0.00000000	-0.26642066	-0.12146029	0.00000000	-0.16344556	0.00000000	-0.47939530	0.06463358		0.23284543	0.00000000	0.00000000	-0.30110508	0.00000000	-1.29471993	-0.22743331	0.00000000	0.00000000	0.00000000	0.15718722	-8.57945442	0.50369316	-0.48445332	0.00000000	0.52058160	0.00000000	0.00000000	-9.74412441	0.00000000	-9.37979412	0.00000000	0.00000000	0.00000000	0.20158744	0.42893729	-0.76407188	0.00000000	0.00000000	0.00000000	0.00000000	-0.40740633	-0.14260554	0.00599577	0.00000000	0.00000000	-0.03908390	0.00000000	0.00000000	0.00000000	-0.22823712	-9.42769909	-0.67555451	0.14758268	0.00000000	0.00000000	0.00000000	0.00000000		0.20950755	0.10626602	0.00000000	-0.25847220	0.00000000	-0.32765687	0.00000000	0.01771605	-0.45250446	0.00000000	0.00000000	0.00000000	-0.82547003	0.36752415	0.26216632	0.19636336	0.00000000	-0.37613422	0.00000000	-0.08334997	0.00000000	0.00000000	0.12454942		-0.45570087	-0.29697558	0.00000000	-0.18699586	-0.38964534	0.00000000	0.01330352		0.45086694	0.00000000
