chr	pos	Label	ref	alt	0	1	2	3	4	5	6	7	8	9	10	11	12	13	14	15	16	17	18	19	20	21	22	23	24	25	26	27	28	29	30	31	32	33	34	35	36	37	38	39	40	41	42	43	44	45	46	47	48	49	50	51	52	53	54	55	56	57	58	59	60	61	62	63	64	65	66	67	68	69	70	71	72	73	74	75	76	77	78	79	80	81	82	83	84	85	86	87	88	89	90	91	92	93	94	95	96	97	98	99	100	101	102	103	104	105	106	107	108	109	110	111	112	113	114	115	116	117	118	119	120	121	122	123	124	125	126	127	128	129	130	131	132	133	134	135	136	137	138	139	140	141	142	143	144	145	146	147	148	149	150	151	152	153	154	155	156	157	158	159	160	161	162	163	164	165	166	167	168	169	170	171	172	173	174	175	176	177	178	179	180	181	182	183	184	185	186	187	188	189	190	191	192	193	194	195	196	197	198	199	200	201	202	203	204	205	206	207	208	209	210	211	212	213	214	215	216	217	218	219	220	221	222	223	224	225	226	227	228	229	230	231	232	233	234	235	236	237	238	239	240	241	242	243	244	245	246	247	248	249	250	251	252	253	254	255
chr14	105239279	driver	G	A	0.00000010	0.00000010	0.00000010	0.37269062	0.40739384	0.18223798	0.00000010	0.00691481	0.00000010	0.08078576	0.25057885	0.23986790	0.00000010	0.00000010	0.00000010	1.25923061	0.11180738	0.00000010	0.76795506	0.68453085	0.30233386	1.55601239	0.00000010	0.00000010	0.51982641	0.20059064	0.28919914	0.53443956	0.10319817	0.48220026	0.23298617	0.32502759	0.06013265	0.00000010	0.30534256	0.00000010	0.00000010	0.04456241	0.00000010	0.00000010	1.18664145	0.42453301	0.00000010	0.00000010	0.00000010	0.00000010	0.00000010	0.00000010	0.26866880	0.13000298	0.69696224	0.23652944	0.05429726	0.00000010	0.49721807	0.00000010	0.42656642	0.00000010	0.00000010	0.39673120	0.00000010	0.19946745	0.00000010	0.00000010	0.27852479	0.11049172	0.00000010	0.24027817	0.11687966	0.00000010	0.34270844	0.00000010	0.07986446	0.52277637	0.05072689	0.73255825	0.00000010	1.33124816	0.55779052	0.05600789	0.35829693	0.36395270	0.00000010	0.02091582	0.01344703	0.00000010	0.42733130	0.69616938	0.03709601	0.00000010	0.67640698	0.05121921	0.00000010	0.00000010	0.00000010	0.00000010	0.00000010	0.00000010	0.08722871	0.17180943	0.00699538	0.00765453	0.27858549	0.00000010	0.46522284	0.00000010	0.13609877	0.00000010	0.37051672	0.46092021	0.85837632	0.00000010	0.16026184	0.82047820	0.00000010	0.00000010	0.00000010	0.00000010	0.03989493	0.75625098	0.00000010	0.31491411	0.00000010	0.07987078	0.44623053	0.00000010	0.00000010	0.00000010	0.15337440	0.07836108	0.00000010	0.00000010	0.10049500	0.34470847	0.00000010	0.62935376	0.43214858	0.00000010	0.00000010	0.00000010	0.00000010	0.18438435	0.20030721	0.00000010	0.00000010	1.08393312	0.64127254	0.00734902	0.68247056	0.12462228	0.20374326	0.31325537	0.00000010	0.00000010	0.50884324	0.00000010	0.02022548	0.55993795	0.34975576	0.00000010	0.00000010	0.76510596	0.00000010	0.50427890	0.00000010	0.13807625	0.53608096	0.00000010	0.65097928	0.00000010	0.03436103	0.82500279	0.61521006	0.58083361	0.05914217	0.70914763	0.92514956	0.00000010	0.88942546	0.36206174	0.00000010	0.10689790	0.00000010	0.28670880	0.03084934	0.17212987	0.00000010	0.00000010	0.03627888	0.00000010	0.00000010	0.00000010	0.00328139	0.03727852	0.00000010	0.00000010	0.00639319	0.18917699	0.25994697	0.00000010	0.12139572	0.00000010	0.00000010	0.00000010	0.00000010	1.02608585	0.47597185	0.00000010	0.06424581	0.15416180	0.00000010	0.00000010	0.00000010	0.15782057	0.00000010	0.07540348	0.34338182	0.00000010	0.28243786	0.00000010	0.00000010	0.91262734	0.90477431	0.14798626	0.00000010	0.20842868	0.06275899	0.06677879	0.16860002	0.61335790	0.00000010	0.00000010	0.00000010	0.50641125	0.34470180	0.00000010	0.55150127	0.08024733	0.00000010	1.04298246	0.00000010	0.68288553	0.28534216	0.00000010	0.00000010	0.75504637	0.02114808	0.35880345	0.00000010	0.19212475	0.23423280	0.00000010	0.00000010	0.92696172	0.05436523	0.00000010
chr14	105246470	passenage	C	T	0.00000010	0.00000010	0.00000010	0.31950682	0.48923743	0.13061334	0.00000010	0.00000010	0.00000010	0.15016216	0.47678068	0.25473106	0.00000010	0.00000010	0.00000010	0.94579417	0.11517110	0.00000010	0.72094995	0.94088817	0.53659439	1.15801620	0.00000010	0.00000010	0.56380033	0.36068246	0.42417639	0.46193069	0.11411497	0.42002302	0.61383551	0.32562783	0.19430016	0.00000010	0.21922016	0.00000010	0.00000010	0.18215577	0.00000010	0.00000010	0.87066489	0.42970595	0.00000010	0.00000010	0.00000010	0.00000010	0.00000010	0.00000010	0.31979030	0.00000010	0.76858270	0.00000010	0.05836066	0.00000010	0.38192815	0.00000010	0.10432674	0.04778519	0.00000010	0.39060301	0.00000010	0.29031235	0.00000010	0.21447998	0.17166387	0.28275216	0.00000010	0.52551413	0.04838314	0.05845480	0.56090087	0.08947666	0.00000010	0.35881335	0.00000010	0.67025650	0.00000010	0.92894113	0.45772997	0.00000010	0.20808615	0.32659435	0.00000010	0.00000010	0.00000010	0.00000010	0.64074957	0.86865973	0.00000010	0.00000010	0.76836252	0.00000010	0.00000010	0.00000010	0.00000010	0.05065383	0.01067665	0.00000010	0.00000010	0.02699181	0.00000010	0.00000010	0.03401517	0.00000010	0.42920178	0.00993136	0.27561796	0.00000010	0.23710552	0.68218571	0.61954051	0.00000010	0.11404134	0.73580003	0.01724074	0.03337735	0.00000010	0.00000010	0.01389695	0.84648585	0.00000010	0.32687649	0.03380752	0.09806260	0.06499180	0.00000010	0.04604575	0.00000010	0.21656880	0.01000988	0.00000010	0.00000010	0.00000010	0.57055610	0.00000010	0.41055131	0.47588933	0.00000010	0.07672422	0.00000010	0.00000010	0.26931056	0.16341782	0.00000010	0.00000010	0.66286027	0.68124616	0.01925746	0.58491975	0.07575187	0.17982905	0.20667294	0.02860061	0.00000010	0.58522654	0.00000010	0.10895550	0.56941557	0.79227889	0.00000010	0.00000010	0.77907801	0.00000010	0.59857333	0.00000010	0.07231420	0.62063414	0.00227589	0.52580059	0.00000010	0.00000010	0.80333936	0.44457382	0.41602230	0.11735567	0.50472736	0.58879352	0.00000010	0.63302106	0.44458619	0.00000010	0.12098286	0.00000010	0.27033132	0.00000010	0.02473545	0.03363961	0.01848452	0.37857085	0.00000010	0.00000010	0.00000010	0.01832469	0.01197340	0.00000010	0.00000010	0.00000010	0.23343490	0.41454434	0.00000010	0.00000010	0.00000010	0.00000010	0.00000010	0.00000010	0.91176486	0.46025959	0.00000010	0.03183257	0.20841670	0.00000010	0.00000010	0.00000010	0.05486623	0.06630446	0.16851747	0.23747334	0.00000010	0.16350171	0.00000010	0.00000010	0.87427688	1.31983304	0.00000010	0.00101842	0.22352062	0.03026999	0.04234864	0.07629208	0.51461726	0.00000010	0.00000010	0.00000010	0.20291634	0.22506344	0.00000010	0.40197486	0.02476281	0.00000010	0.59864008	0.01239437	0.69883513	0.15012071	0.00000010	0.01164301	0.71049243	0.01552560	0.34380019	0.00000010	0.02426035	0.21711637	0.00000010	0.05139709	0.39413115	0.00000010	0.00000010
chr14	105246551	driver	C	T	0.00000010	0.00000010	0.00000010	0.28828728	0.56049514	0.08963262	0.00000010	0.00000010	0.00000010	0.03824512	0.64261973	0.29870486	0.00000010	0.00000010	0.00000010	1.00983858	0.11800604	0.00000010	0.60727394	1.08686709	0.49515846	1.19274306	0.00000010	0.00000010	0.43858784	0.28288087	0.20127910	0.59250456	0.02202472	0.42630541	0.43377995	0.43588859	0.22430842	0.00000010	0.14601761	0.00000010	0.00000010	0.08909094	0.00000010	0.00000010	1.03729796	0.35795745	0.00000010	0.00000010	0.00000010	0.00000010	0.00000010	0.00000010	0.40027016	0.00000010	0.58165377	0.00000010	0.07084666	0.00000010	0.35249287	0.00000010	0.08809383	0.14963952	0.00000010	0.36607003	0.00000010	0.24360333	0.00000010	0.00000010	0.23370260	0.45474395	0.00000010	0.29982826	0.03921362	0.04424315	0.67471910	0.00000010	0.01933206	0.49361736	0.00000010	0.74968338	0.00000010	0.94630253	0.68129480	0.04948177	0.30524081	0.37622479	0.00000010	0.00000010	0.00000010	0.00000010	0.49817258	0.75499332	0.00000010	0.00000010	0.78174162	0.00000010	0.00000010	0.00000010	0.00000010	0.08672392	0.02226066	0.00000010	0.12541099	0.13738334	0.00000010	0.00000010	0.19182810	0.00000010	0.45348167	0.00000010	0.14231011	0.00000010	0.22863315	0.60963738	0.73556852	0.00000010	0.06020633	0.83395523	0.04626325	0.00000010	0.00000010	0.00000010	0.05051989	0.90694809	0.00000010	0.43819234	0.00000010	0.05582675	0.03062670	0.00000010	0.00000010	0.00000010	0.23572424	0.04185060	0.00000010	0.00000010	0.00000010	0.61153948	0.00000010	0.44001567	0.54165602	0.00000010	0.03424602	0.00000010	0.00000010	0.28279239	0.32349706	0.00000010	0.00000010	0.94783741	0.74461061	0.00160756	0.63666451	0.12546544	0.18176961	0.10290357	0.02354257	0.00000010	0.51667756	0.00000010	0.03282914	0.60560697	0.61761743	0.00000010	0.00000010	0.60099697	0.00000010	0.46937257	0.16603148	0.20211494	0.56682521	0.00000010	0.70566040	0.00000010	0.00000010	0.91681814	0.52933908	0.42027742	0.00000010	0.39113638	0.65197462	0.00000010	0.62991214	0.47908044	0.00000010	0.04430536	0.00000010	0.18008384	0.00000010	0.00557159	0.00000010	0.00000010	0.19192211	0.00000010	0.00000010	0.00000010	0.00000010	0.00000010	0.00000010	0.00000010	0.10143130	0.16970605	0.24197027	0.00000010	0.08508583	0.00793949	0.00000010	0.00000010	0.00000010	0.90969265	0.29541266	0.00000010	0.00000010	0.21184236	0.01463400	0.00000010	0.00000010	0.23110253	0.00000010	0.19470602	0.30625969	0.00000010	0.15275234	0.00000010	0.00000010	0.64152831	1.21322680	0.02182472	0.00000010	0.36413300	0.03822196	0.05039197	0.06901650	0.51610601	0.00000010	0.00000010	0.00000010	0.26496240	0.47508663	0.00000010	0.27702531	0.00000010	0.00000010	0.60355312	0.00000010	0.67280823	0.13026698	0.00000010	0.00000010	0.77289236	0.10905614	0.04448766	0.00000010	0.16128497	0.49236065	0.00000010	0.00000010	0.66197938	0.00000010	0.00000010
chr14	105241307	passenage	C	T	0.00000010	0.00000010	0.00000010	0.25103796	0.64843702	0.10360791	0.00000010	0.00000010	0.00000010	0.00000010	0.66292286	0.25464660	0.00000010	0.00000010	0.00000010	1.27049756	0.08781365	0.00000010	0.68485743	0.95017958	0.53447843	1.51351106	0.00000010	0.04967900	0.59767002	0.36840945	0.02688955	0.71262676	0.00000010	0.42770970	0.28643724	0.38633046	0.23690394	0.00000010	0.31760794	0.07845132	0.00000010	0.00000010	0.00000010	0.00000010	0.81424564	0.09388606	0.00000010	0.00000010	0.00000010	0.00000010	0.00000010	0.00000010	0.40162963	0.00000010	0.41469294	0.09707914	0.11515521	0.00000010	0.45200345	0.00000010	0.15919203	0.07360401	0.03405763	0.66800356	0.00000010	0.09177684	0.00000010	0.20093387	0.22539029	0.46200049	0.00000010	0.29386091	0.00168624	0.20279504	0.47588181	0.00000010	0.09379156	0.68982613	0.07040759	0.79876900	0.00000010	1.21412444	0.71197176	0.00000010	0.33105996	0.48482352	0.00000010	0.00000010	0.00000010	0.00000010	0.18210772	0.68304044	0.00000010	0.00000010	0.57744205	0.00000010	0.00000010	0.00000010	0.00000010	0.00000010	0.11243129	0.00000010	0.00000010	0.26530164	0.00000010	0.00000010	0.15242535	0.00000010	0.48558229	0.00000010	0.09029763	0.00000010	0.26308140	0.54936630	0.81917632	0.00000010	0.52920687	0.77329487	0.02261238	0.00000010	0.00000010	0.00000010	0.09485383	0.78693664	0.00000010	0.37795797	0.00000010	0.24932566	0.03658672	0.00000010	0.00000010	0.00000010	0.25577402	0.00000010	0.00000010	0.00000010	0.16146445	0.40353310	0.00000010	0.61701405	0.42109525	0.00000010	0.00000010	0.00000010	0.00000010	0.05727856	0.31652498	0.00000010	0.00000010	0.97575581	0.97869909	0.00000010	0.98883700	0.18640089	0.27986839	0.17857926	0.00095415	0.00000010	0.40281385	0.00000010	0.13205858	0.49907613	0.68929780	0.00000010	0.00000010	0.66419184	0.00000010	0.53483790	0.18855122	0.15898196	0.73986542	0.03508214	0.68595451	0.00000010	0.00000010	1.03615761	0.69804072	0.29757464	0.06075301	0.41348028	1.00598824	0.00000010	0.78550482	0.52007592	0.00000010	0.00000010	0.00000010	0.53668469	0.00000010	0.13602726	0.00000010	0.23115665	0.09655765	0.00000010	0.00000010	0.00000010	0.00000010	0.00000010	0.00000010	0.00000010	0.02237884	0.04128107	0.42328250	0.00000010	0.14627698	0.00000010	0.00000010	0.00000010	0.00000010	1.08834982	0.38230366	0.00000010	0.00000010	0.12857984	0.00000010	0.00000010	0.00000010	0.39703357	0.12565295	0.05382800	0.24525635	0.00000010	0.14504102	0.00000010	0.00000010	1.18096089	1.17497945	0.00000010	0.05004384	0.29919395	0.01784730	0.01355245	0.00000010	0.75012457	0.00000010	0.00000010	0.00000010	0.18877193	0.57080698	0.03578576	0.71524429	0.03431592	0.00000010	0.62994635	0.00000010	0.47257203	0.17971735	0.00000010	0.06199961	0.72345495	0.09780271	0.13567764	0.00000010	0.28986931	0.40676168	0.00000010	0.00000010	0.93264186	0.00000010	0.00000010
chr14	105239820	driver	T	C	0.00000010	0.00562722	0.00000010	0.15305200	0.49103540	0.03360068	0.00000010	0.00000010	0.00000010	0.08691856	0.46591431	0.30737197	0.00000010	0.00000010	0.00000010	0.96293801	0.31441575	0.00000010	0.64554185	1.03404117	0.32487419	1.61398387	0.00000010	0.01364361	0.75587440	0.56596738	0.78896034	0.46635872	0.00000010	0.50688696	0.26050669	0.29056340	0.11324735	0.00000010	0.35116398	0.00000010	0.02427066	0.50666320	0.01980582	0.00000010	0.88410050	0.28222042	0.00000010	0.00000010	0.00000010	0.00000010	0.00000010	0.00000010	0.49610132	0.00000010	1.14660752	0.00000010	0.13384733	0.00000010	0.78729916	0.07195051	0.14875965	0.12372710	0.00000010	0.39277008	0.00000010	0.24800369	0.00000010	0.33048230	0.27835765	0.05590336	0.00000010	0.78393334	0.27679947	0.08950327	0.51895344	0.00000010	0.00000010	0.51095653	0.06032744	0.89680570	0.00000010	1.63517237	0.46464980	0.01864727	0.36481684	0.61681986	0.00000010	0.06449612	0.00337407	0.00000010	1.15021527	1.23693776	0.00000010	0.00000010	0.82895935	0.00000010	0.00000010	0.00000010	0.00000010	0.00000010	0.05479801	0.00000010	0.04098743	0.22952674	0.03383236	0.08179875	0.19440080	0.00000010	0.57344687	0.09870755	0.14151229	0.00000010	0.06338263	0.70875269	0.79395986	0.00000010	0.13383213	0.49058086	0.00000010	0.00000010	0.00000010	0.00000010	0.08692612	0.79647243	0.00000010	0.42496625	0.00000010	0.10774564	0.35702598	0.00000010	0.05923660	0.00000010	0.25200379	0.00000010	0.00000010	0.00000010	0.00000010	0.14888728	0.00000010	0.58566761	0.22010961	0.00000010	0.04285093	0.00000010	0.00000010	0.06269061	0.00000010	0.00000010	0.00000010	1.08492184	0.91451931	0.02349435	0.66409969	0.00000010	0.02654807	0.41890457	0.00000010	0.00000010	0.67974561	0.00000010	0.00000010	0.73774111	0.55347681	0.00000010	0.00000010	0.75391442	0.00000010	0.68059170	0.00000010	0.14766686	0.79561722	0.00000010	0.56422055	0.00000010	0.00000010	0.92878842	0.07150140	0.54353637	0.07753559	0.59335995	0.68678474	0.00000010	0.82116735	0.50288856	0.00000010	0.19778971	0.00000010	0.26529542	0.06265073	0.19892778	0.00000010	0.12218559	0.31304425	0.00000010	0.00000010	0.00000010	0.00000010	0.15846020	0.00000010	0.00000010	0.11161681	0.40889764	0.30140489	0.00000010	0.00000010	0.00000010	0.00000010	0.00000010	0.00000010	1.09647775	0.29169983	0.00000010	0.00000010	0.07945749	0.00890530	0.00000010	0.00000010	0.21676067	0.04778607	0.00000010	0.26541024	0.00000010	0.41449630	0.00000010	0.00000010	1.02237678	1.47214425	0.08191332	0.00000010	0.09775917	0.00000010	0.06256342	0.08931676	0.52817649	0.00000010	0.00000010	0.00000010	0.47750831	0.29248077	0.00000010	0.75931215	0.00000010	0.00000010	1.13322544	0.00000010	0.68231612	0.30953848	0.03211787	0.00000010	0.93546915	0.00000010	0.38016391	0.00000010	0.10647598	0.22993970	0.00000010	0.00000010	0.35409039	0.22275960	0.00000010
chr14	105243048	driver	G	T	0.00000010	0.05782560	0.00000010	0.23765740	0.54068893	0.20152827	0.00000010	0.00000010	0.00000010	0.09868058	0.48251587	0.21256958	0.00000010	0.00000010	0.00000010	1.24199438	0.05607112	0.00000010	0.22440022	0.63626844	0.53787559	1.05568385	0.00000010	0.05270066	0.17287782	0.26541284	0.21408808	0.55027860	0.04982582	0.46638858	0.17142993	0.32755849	0.16349338	0.00000010	0.03800017	0.00000010	0.01262703	0.29720482	0.00000010	0.00000010	0.85385776	0.28477988	0.00000010	0.00000010	0.00000010	0.00000010	0.00000010	0.00000010	0.25203279	0.15997100	0.65249598	0.00000010	0.08633171	0.00000010	0.25969541	0.00000010	0.30782908	0.08627221	0.08098391	0.41872248	0.00000010	0.12101441	0.00000010	0.24791187	0.03800453	0.39053911	0.00000010	0.37303975	0.02767042	0.06369939	0.50388914	0.00000010	0.00000010	0.67303360	0.00000010	1.00109351	0.00000010	0.95327425	1.11536336	0.00000010	0.54964805	0.62426543	0.00000010	0.00000010	0.00000010	0.09464952	0.72391498	0.73853242	0.00000010	0.00000010	0.26323640	0.00000010	0.00000010	0.00000010	0.00000010	0.02464058	0.00000010	0.00000010	0.00000010	0.18199123	0.00000010	0.00000010	0.18309905	0.00000010	0.46248859	0.00000010	0.22942165	0.00000010	0.41642508	0.63755679	0.87039471	0.00000010	0.06419352	0.94311851	0.00000010	0.00000010	0.00000010	0.02227554	0.13384314	0.69628561	0.00000010	0.22636956	0.00000010	0.17247230	0.00000010	0.00000010	0.00000010	0.00000010	0.05237137	0.10139995	0.00000010	0.00000010	0.00000010	0.53037339	0.00000010	0.60746974	0.43998668	0.00000010	0.04947913	0.00000010	0.00000010	0.18380740	0.22471230	0.00000010	0.00000010	0.91681004	0.73259062	0.19175057	0.65725005	0.05660224	0.29579067	0.13972919	0.06475231	0.00000010	0.53259957	0.00000010	0.01848847	0.42256120	0.36806467	0.00000010	0.00000010	0.47279418	0.00000010	0.53055704	0.00000010	0.28784776	0.59947670	0.06241414	0.94576359	0.00000010	0.00000010	0.62724799	0.40846539	0.32480088	0.00000010	0.33088991	0.81336522	0.00000010	0.57840139	0.57864809	0.00000010	0.16757797	0.00000010	0.00000010	0.11230918	0.23224661	0.00000010	0.08454366	0.24431907	0.00000010	0.00000010	0.00000010	0.02406633	0.00000010	0.00000010	0.00000010	0.01395199	0.01715273	0.17022976	0.00000010	0.00163336	0.07183847	0.00000010	0.00000010	0.00000010	0.93464351	0.33549747	0.00000010	0.00000010	0.32038558	0.20278290	0.00000010	0.00000010	0.43396157	0.20528641	0.20324068	0.28403208	0.00000010	0.12563740	0.00000010	0.00000010	0.50606310	1.38223684	0.00000010	0.04701577	0.11440185	0.00000010	0.00000010	0.00000010	0.45566052	0.00000010	0.00000010	0.00000010	0.11310014	0.59078330	0.00000010	0.55553019	0.29816830	0.00000010	0.50608569	0.00000010	0.53903949	0.03337330	0.00000010	0.00000010	1.15546608	0.00000010	0.09165745	0.00000010	0.13064921	0.39184511	0.00000010	0.00643680	0.88979846	0.00000010	0.00000010
chr14	105246445	driver	A	C	0.00000010	0.00000010	0.00000010	0.37225342	0.58019543	0.11179578	0.00000010	0.00000010	0.00000010	0.10904893	0.39150190	0.31396970	0.00000010	0.00000010	0.00000010	0.95507121	0.15614003	0.00000010	0.73794097	0.74253559	0.46156314	1.12405550	0.00000010	0.00000010	0.53466821	0.42665648	0.22020374	0.41985846	0.14151596	0.43039870	0.48639566	0.23237056	0.06113289	0.00000010	0.24265482	0.00000010	0.01997810	0.09257755	0.00000010	0.00000010	0.85276973	0.27070194	0.00000010	0.00000010	0.00000010	0.00000010	0.00000010	0.02083857	0.47092807	0.00000010	0.71626091	0.01423305	0.17962343	0.00000010	0.25588471	0.00000010	0.16108221	0.20201346	0.00000010	0.27387890	0.00000010	0.26671129	0.00000010	0.06421542	0.12985158	0.17856194	0.00000010	0.37882584	0.04719484	0.00000010	0.66002339	0.00000010	0.00000010	0.40812102	0.10761489	0.68642122	0.00000010	0.88762558	0.61684012	0.00000010	0.14905858	0.27246410	0.00000010	0.00000010	0.00000010	0.00000010	0.42117932	0.85292518	0.00000010	0.00000010	0.75497240	0.00000010	0.00000010	0.00000010	0.00000010	0.13812968	0.04062968	0.00000010	0.08857822	0.19217265	0.00000010	0.00000010	0.08910362	0.00000010	0.33811998	0.00000010	0.17728631	0.00000010	0.13145307	0.66080189	0.54920846	0.00000010	0.11994310	0.76117218	0.00000010	0.00000010	0.00000010	0.00000010	0.07302185	0.94817853	0.00000010	0.44676328	0.01233304	0.04803378	0.07004783	0.00000010	0.17368150	0.00000010	0.27758986	0.03572214	0.00000010	0.00000010	0.00000010	0.50382042	0.00000010	0.48882747	0.36218792	0.00000010	0.00411792	0.00000010	0.00000010	0.39335263	0.26680639	0.00000010	0.00000010	0.62331790	0.57107502	0.00000010	0.55915654	0.00000010	0.09141173	0.07441361	0.08828657	0.00000010	0.66106552	0.00000010	0.13512519	0.59005421	0.66497499	0.00000010	0.00000010	0.59349573	0.00000010	0.51443553	0.04213245	0.19997732	0.47485948	0.02873482	0.55147529	0.00000010	0.00000010	0.84619260	0.47617948	0.53091717	0.16822056	0.50129020	0.54943216	0.00000010	0.51366186	0.37964195	0.00000010	0.13090758	0.00000010	0.10263796	0.00000010	0.03161787	0.19349453	0.00000010	0.35841432	0.00000010	0.00000010	0.00000010	0.00000010	0.00000010	0.05703698	0.00000010	0.07439636	0.22343394	0.38667724	0.00000010	0.14082274	0.05307182	0.00000010	0.00000010	0.00000010	0.78036261	0.14529696	0.00000010	0.00000010	0.25765586	0.00000010	0.00000010	0.00000010	0.13213255	0.00013727	0.16838542	0.18095568	0.00000010	0.15791954	0.00000010	0.00000010	0.77763939	1.25208187	0.00000010	0.00000010	0.17702258	0.00000010	0.13706744	0.12187923	0.50084651	0.00000010	0.00000010	0.00000010	0.26854104	0.37510905	0.00953689	0.31838727	0.00000010	0.00000010	0.59727919	0.00000010	0.50236160	0.19183935	0.00000010	0.00000010	0.61902499	0.05436559	0.15549225	0.00000010	0.06670234	0.30885950	0.00000010	0.07614366	0.59858441	0.03199672	0.00000010
chr4	153247297	passenage	G	A	0.16210505	0.00000010	0.05116704	0.46705085	0.44114941	0.00000010	0.19219849	0.66738307	0.00000010	0.05470916	0.55378497	0.40038475	0.00000010	0.00000010	0.00000010	0.30888668	0.05356998	0.00000010	0.13893637	0.24681801	0.06755342	0.39961040	0.00000010	0.00000010	0.00004385	0.00000010	0.00000010	0.51841033	0.00000010	0.40492243	0.21624826	0.62130141	0.21517000	0.00000010	0.57156932	0.42062080	0.30125815	0.00000010	0.00000010	0.00000010	0.14261115	0.39975411	0.04937722	0.00000010	0.04342899	0.00000010	0.00000010	0.00000010	0.67966378	0.15776843	0.00000010	0.90742111	0.00000010	0.00000010	0.43904239	0.00000010	0.42824340	0.71364152	0.04998154	0.41902885	0.22622882	0.27036294	0.00000010	0.32563493	0.10194260	0.23677053	0.50344038	0.00000010	0.00000010	0.55900180	0.29690170	0.00000010	1.11914062	0.15080871	0.00000010	0.30052441	0.00000010	0.16926472	0.09602650	0.00000010	0.37485892	0.37531292	0.00000010	0.10646716	0.00000010	0.00000010	0.00000010	0.01306616	0.68082750	0.00000010	0.16239099	0.42402771	0.10088452	0.00000010	0.05392129	0.26966965	0.49084085	0.00000010	0.00000010	0.68084669	0.00000010	0.05160843	0.39088327	0.00000010	0.14519832	0.00000010	0.27705744	0.04144510	0.41543031	0.00000010	0.37784368	0.00000010	0.39500630	0.35722962	0.00000010	0.02633008	0.00000010	0.01963382	0.39447784	0.47179282	0.00000010	0.14268404	0.00000010	0.62783682	0.47786033	0.00000010	0.09168505	0.21024434	0.00000010	0.00000010	0.00000010	0.00000010	0.00000010	0.39826858	0.00000010	0.66589975	0.69279474	0.00000010	0.19623730	0.00000010	0.03044689	0.26462695	0.95827442	0.00000010	0.02426785	0.40682262	0.47445482	0.46428543	1.23060417	1.52496386	0.21512908	0.72085011	0.07728485	0.00000010	0.16888419	0.00000010	0.38183033	0.00000010	0.28922042	0.00000010	0.31714949	0.39020529	0.00000010	0.38983226	0.00000010	0.56258488	0.30514237	0.01344811	0.32745394	0.00000010	0.89041662	0.67727172	1.43437731	0.00000010	0.00000010	0.00000010	0.87152576	0.00518229	0.34091637	0.36734843	0.08681031	0.02803614	0.00826063	0.71992278	0.07634866	0.00000010	0.05145986	0.00000010	0.06472358	0.00000010	0.00000010	0.09789619	0.00000010	0.00000010	0.00000010	0.00000010	0.00000010	0.07901661	0.32273638	0.60637420	0.00000010	0.00000010	0.00000010	0.00000010	0.56337339	0.26954699	0.09973630	0.01013552	0.00000010	0.41645491	0.00000010	0.00000010	0.08286797	0.25528479	0.26187301	0.00000010	0.23070791	0.00000010	0.00000010	0.00000010	0.00000010	0.23013596	0.01415213	0.25851244	0.00000010	0.33001855	0.00000010	0.00209716	0.00000010	0.14632073	0.42021421	0.00000010	0.00000010	0.00000010	0.31874397	0.00000010	0.68941236	0.38409364	0.00000010	0.32119924	0.00000010	0.37731034	0.00000010	0.13065620	0.36855024	0.22713092	0.53341109	0.40869623	0.00000010	0.80732632	0.24900359	0.00000010	0.00044518	1.75125110	0.00000010	0.00000010
chr4	153244184	passenage	C	T	0.35853884	0.00000010	0.05062186	0.14917549	0.41447127	0.00000010	0.13972089	0.07878828	0.00000010	0.00000010	0.19350767	0.09584168	0.00000010	0.00000010	0.00000010	0.52450371	0.00000010	0.03020668	0.19048524	0.02124560	0.42257059	0.55556810	0.01620652	0.00000010	0.40370971	0.00000010	0.09583642	0.71272707	0.00000010	0.38077700	0.25784403	0.34860730	0.14040558	0.00000010	0.42819723	0.40968609	0.05850518	0.25578216	0.00000010	0.00000010	0.41255063	0.06515258	0.00000010	0.00000010	0.00000010	0.00000010	0.00000010	0.00000010	0.56129563	0.68050230	0.15271768	0.32521433	0.00000010	0.01730867	0.61926031	0.00000010	0.20636481	0.73150647	0.00000010	0.48660582	0.00000010	0.51348412	0.00000010	1.04434049	0.15813024	0.00000010	0.00000010	0.44135743	0.01721582	0.25383943	0.58107710	0.00000010	0.38201123	0.51017171	0.00000010	0.78581738	0.00000010	0.61102509	0.41389978	0.00000010	0.46983474	0.69534719	0.07482864	0.00000010	0.00000010	0.00000010	0.27923897	0.64149934	0.28586021	0.00000010	0.13790220	0.15176921	0.00000010	0.00000010	0.00000010	0.12585382	0.33169436	0.00000010	0.00000010	0.51902926	0.04326770	0.03472198	0.45181009	0.04139953	0.55024648	0.00000010	0.46639785	0.00000010	0.40832108	0.31338644	0.93387306	0.00000010	0.80080485	0.46138731	0.10903390	0.06345924	0.00000010	0.06564541	0.37582055	0.57561296	0.00000010	0.01155661	0.00000010	0.53420782	0.31690213	0.00000010	0.00000010	0.07249911	0.06391613	0.02781894	0.00000010	0.00000010	0.00000010	0.13984582	0.00000010	0.45928252	0.62667716	0.00000010	0.14931741	0.00000010	0.00000010	0.00000010	0.74344707	0.00000010	0.11592738	0.17186728	0.80098754	0.23957244	1.04986024	0.43272427	0.19864449	0.43741554	0.00000010	0.00000010	0.48576033	0.00000010	0.02464513	0.00000010	0.50415051	0.02914586	0.12668829	0.25228703	0.02199681	0.36108512	0.00000010	0.53502750	0.62686706	0.05181338	0.70523393	0.00000010	0.23304801	0.29669300	0.59416562	0.06377461	0.00000010	0.00000010	0.76071173	0.00000010	0.43481308	0.33350435	0.00000010	0.09529459	0.00000010	0.21412662	0.43012208	0.82877123	0.00000010	0.00000010	0.29397029	0.00000010	0.00000010	0.07526805	0.00000010	0.18842959	0.21934436	0.00000010	0.00000010	0.14380889	0.53549790	0.19207287	0.00000010	0.00000010	0.00000010	0.00000010	0.09919214	0.79122126	0.17112558	0.00000010	0.03757517	0.76334095	0.00000010	0.00000010	0.00000010	0.22428334	0.55756301	0.04703641	0.57251453	0.00000010	0.10724347	0.00000010	0.00000010	0.37216085	0.92121726	0.00000010	0.00000010	0.45339531	0.00000010	0.23326296	0.00000010	0.73418760	0.14895838	0.00000010	0.00000010	0.12318696	0.54426771	0.00000010	1.10838771	0.18579572	0.00000010	0.53759414	0.00000010	0.13325845	0.09963161	0.00370270	0.06855276	0.98064995	0.00000010	0.19184144	0.00000010	0.33267364	0.32940120	0.00000010	0.00000010	1.17389393	0.18334186	0.00000010
chr4	153249385	driver	G	A	0.35512382	0.00000010	0.15002239	0.50921178	0.55378282	0.00000010	0.01288605	0.36720747	0.00000010	0.00000010	0.31406644	0.42176017	0.00000010	0.00000010	0.00000010	0.43034044	0.00000010	0.00000010	0.32240692	0.39168531	0.28468332	0.73630261	0.03508046	0.00000010	0.31480280	0.00000010	0.00000010	0.84892333	0.00000010	0.41423836	0.15091227	0.75462365	0.23589680	0.05402814	0.31246215	0.51214027	0.20281886	0.00000010	0.00000010	0.00000010	0.29851717	0.52769977	0.00000010	0.00000010	0.00000010	0.00000010	0.00000010	0.00000010	0.68810648	0.15263501	0.00000010	1.05446243	0.00000010	0.00000010	0.39591414	0.00000010	0.45550042	0.61964995	0.03099778	0.44129962	0.30154231	0.28181091	0.00000010	0.42367804	0.12043026	0.33613920	0.14138097	0.00000010	0.00000010	0.57756305	0.37817881	0.00000010	0.92850828	0.44386357	0.00000010	0.48960161	0.00000010	0.63230836	0.00915579	0.00000010	0.45328489	0.29434556	0.00000010	0.00000010	0.00000010	0.06358304	0.00000010	0.00000010	0.69178796	0.00000010	0.25274888	0.41467360	0.00000010	0.00000010	0.00000010	0.13489088	0.70467263	0.00000010	0.00000010	0.79801428	0.00000010	0.00000010	0.18887416	0.00000010	0.21050847	0.00000010	0.41390622	0.02060677	0.15803909	0.00000010	0.49199006	0.00000010	0.31324595	0.34481984	0.00068340	0.00000010	0.00000010	0.09497808	0.20895860	0.59407479	0.00000010	0.39651763	0.01195239	0.82147914	0.73343694	0.00000010	0.00000010	0.43097511	0.00000010	0.06211331	0.00000010	0.00000010	0.00000010	0.35425025	0.00000010	0.61193240	0.69166356	0.00000010	0.35115707	0.00000010	0.00000010	0.11707796	1.04464352	0.00000010	0.39981952	0.28839222	0.67998707	0.14472714	1.21849155	1.00503778	0.13220876	0.37113091	0.00000010	0.09382601	0.22073060	0.00000010	0.22149047	0.00000010	0.25926575	0.00000010	0.34990695	0.41432506	0.00000010	0.13487726	0.00000010	0.57334554	0.39202243	0.00000010	0.53972983	0.00000010	0.53699017	0.52446997	1.13122988	0.00000010	0.00000010	0.00000010	0.69871008	0.00000010	0.30756772	0.37780643	0.00000010	0.00000010	0.00000010	0.72710556	0.11027429	0.51692080	0.00000010	0.00000010	0.01923695	0.00000010	0.05068930	0.02148692	0.00000010	0.00000010	0.05211564	0.00000010	0.06364520	0.11276808	0.59020966	0.61186182	0.00000010	0.00000010	0.00000010	0.00000010	0.55387205	0.40520251	0.01628144	0.00000010	0.00000010	0.49244916	0.00000010	0.11149485	0.00000010	0.45417672	0.42424187	0.00000010	0.54332101	0.00000010	0.00000010	0.00000010	0.00000010	0.21836926	0.00000010	0.29181939	0.00000010	0.35938281	0.00000010	0.01502762	0.00000010	0.47355670	0.33259073	0.00000010	0.00000010	0.00000010	0.47856766	0.00000010	0.78490508	0.35472411	0.00000010	0.34990317	0.00000010	0.17157902	0.00000010	0.00000010	0.47535843	0.33809620	0.50215429	0.23210847	0.00000010	0.76912946	0.38659084	0.00000010	0.00000010	1.60634303	0.00000010	0.00000010
chr4	153247289	driver	G	A	0.13337073	0.00000010	0.11049629	0.58965993	0.47570285	0.00000010	0.21926479	0.60552961	0.00000010	0.07835711	0.49859673	0.31445792	0.00000010	0.00000010	0.00000010	0.29675564	0.04385957	0.00000010	0.20247272	0.30322686	0.01775043	0.54500818	0.00000010	0.00000010	0.07407108	0.00000010	0.00000010	0.50624132	0.00000010	0.40008605	0.16471902	0.55967629	0.28865132	0.05270439	0.55067623	0.37989283	0.15404017	0.00000010	0.00000010	0.00000010	0.20897441	0.28511289	0.01917104	0.00000010	0.15365958	0.00000010	0.02221572	0.00000010	0.80691624	0.17080310	0.00000010	0.86178678	0.00971083	0.00000010	0.49049085	0.00000010	0.29793698	0.61380744	0.05406060	0.47203380	0.01839659	0.36052838	0.00000010	0.26018080	0.08763865	0.33374149	0.35306600	0.00000010	0.00000010	0.55410814	0.36151025	0.00000010	1.06528616	0.18192753	0.00000010	0.28464401	0.00000010	0.23143095	0.04838141	0.00000010	0.36860794	0.37636176	0.00000010	0.20786768	0.00000010	0.00000010	0.00000010	0.00000010	0.79967988	0.00000010	0.28199002	0.43040198	0.00000010	0.00000010	0.00606338	0.14738232	0.47172707	0.00000010	0.00000010	0.62604612	0.00000010	0.00420696	0.35072687	0.00000010	0.12784921	0.00000010	0.28176451	0.08803529	0.46502519	0.00000010	0.46924436	0.00000010	0.20168877	0.28607088	0.00000010	0.09104618	0.00000010	0.00000010	0.48299205	0.48927289	0.00000010	0.12095943	0.00000010	0.57648063	0.66505206	0.00000010	0.10728697	0.30411255	0.00000010	0.00000010	0.00000010	0.00000010	0.00000010	0.37161025	0.00000010	0.70788515	0.61989796	0.00000010	0.19768079	0.00000010	0.04730123	0.13005228	1.06585050	0.00000010	0.15512292	0.42371675	0.47383815	0.35779849	1.11106277	1.47276449	0.29364970	0.72970432	0.00000010	0.00000010	0.19295922	0.00000010	0.32191122	0.00117449	0.29232934	0.00000010	0.32399079	0.29892990	0.00000010	0.35910928	0.00000010	0.66513139	0.34475067	0.00000010	0.42122918	0.00000010	0.65721130	0.64578533	1.30452311	0.00000010	0.00000010	0.00000010	0.82490712	0.00000010	0.41606128	0.25292164	0.06600774	0.01985671	0.00000010	0.83740866	0.03767294	0.11167672	0.00000010	0.00000010	0.12460651	0.00000010	0.03151447	0.07455163	0.00000010	0.00000010	0.00000010	0.00000010	0.00000010	0.05458672	0.36911747	0.53757638	0.00000010	0.00000010	0.00000010	0.00000010	0.20482706	0.31481540	0.11876576	0.00000010	0.00000010	0.38503993	0.00000010	0.00000010	0.19220746	0.13929296	0.26347178	0.00000010	0.37191427	0.00000010	0.00000010	0.00000010	0.00000010	0.29536742	0.00000010	0.24930429	0.00000010	0.30206496	0.00000010	0.05394082	0.00000010	0.36529142	0.39239043	0.00000010	0.00000010	0.00000010	0.25838485	0.00000010	0.69597983	0.46730393	0.00000010	0.38240805	0.00000010	0.30105907	0.00000010	0.09390128	0.38309610	0.37696767	0.60509217	0.37902486	0.00000010	0.81076837	0.28231373	0.00000010	0.03137206	1.60581124	0.00000010	0.00000010
chr4	153244091	passenage	C	T	0.26274094	0.00000010	0.16740303	0.23310268	0.59252977	0.00000010	0.20570841	0.27408791	0.00000010	0.00000010	0.32720965	0.06080983	0.00000010	0.00000010	0.00000010	0.53780985	0.00000010	0.00000010	0.12420195	0.20448102	0.33340725	0.44437331	0.02989603	0.00000010	0.31779048	0.00000010	0.00000010	0.67138362	0.00000010	0.32352227	0.31638992	0.41640157	0.16232532	0.00000010	0.35572132	0.67919534	0.00000010	0.06775557	0.00000010	0.00000010	0.38623157	0.06384291	0.00000010	0.00000010	0.00000010	0.00000010	0.00000010	0.00000010	0.45090485	0.41200018	0.00000010	0.58020478	0.00000010	0.00000010	0.50249678	0.00000010	0.30978471	0.66031295	0.04947903	0.39577359	0.00000010	0.32516819	0.00000010	0.99869454	0.19734298	0.16394560	0.00000010	0.11051201	0.00000010	0.55539250	0.35303730	0.00000010	0.69353378	0.56204498	0.00000010	0.79021180	0.00000010	0.37787926	0.61786497	0.00000010	0.29699627	0.56349176	0.03027168	0.00000010	0.00328293	0.00000010	0.08004555	0.47239438	0.45145044	0.00000010	0.06466153	0.09277127	0.00000010	0.00000010	0.00000010	0.19325605	0.37318575	0.00000010	0.00000010	0.72862434	0.00000010	0.00000010	0.36274531	0.00000010	0.37747183	0.00000010	0.39840597	0.00000010	0.36845839	0.17214510	0.87850386	0.00000010	0.83968300	0.60064781	0.00000010	0.07420249	0.00000010	0.14201652	0.16104473	0.55513346	0.00000010	0.02385274	0.02341302	0.72238219	0.30589551	0.00000010	0.00000010	0.34444046	0.00000010	0.08389837	0.00000010	0.00000010	0.00000010	0.30720615	0.00000010	0.27266422	0.47689676	0.00000010	0.39455992	0.00000010	0.00000010	0.00000010	0.85281175	0.00000010	0.10565241	0.12625614	0.93934035	0.18116240	1.16479337	0.96522439	0.37281427	0.20698272	0.00000010	0.00000010	0.42437410	0.00000010	0.10887387	0.00000010	0.28591681	0.11288902	0.23783503	0.23174912	0.00000010	0.29028568	0.08950964	0.44783592	0.62418216	0.05416054	0.67628270	0.00000010	0.36974528	0.29631135	0.94223583	0.10456445	0.00000010	0.00000010	0.86106598	0.00000010	0.38112909	0.41540381	0.00000010	0.05537177	0.00000010	0.23298723	0.45893371	0.57018828	0.01911829	0.00000010	0.21075246	0.00000010	0.00000010	0.00000010	0.00000010	0.00000010	0.01611568	0.00000010	0.00000010	0.07795654	0.44772875	0.45201221	0.00000010	0.00000010	0.00000010	0.00000010	0.33326578	0.67538118	0.16492450	0.03955983	0.00000010	0.72214466	0.00000010	0.00000010	0.00000010	0.24544099	0.38913852	0.07559319	0.61036807	0.00000010	0.03840107	0.00000010	0.00000010	0.43789893	0.47524551	0.00000010	0.00000010	0.37948358	0.00000010	0.03722263	0.00000010	0.51709718	0.22401714	0.00000010	0.00000010	0.00000010	0.54803801	0.00000010	0.94817924	0.23432808	0.00000010	0.28294596	0.00000010	0.08944995	0.05788633	0.00000010	0.18468918	0.65109694	0.23795295	0.22072950	0.00000010	0.47380978	0.63631141	0.00000010	0.00000010	1.38425720	0.16036731	0.00000010
chr4	153249393	passenage	G	T	0.55737996	0.00000010	0.17475159	0.54605055	0.55836648	0.03557296	0.00831062	0.46267885	0.00000010	0.00000010	0.22235124	0.32103077	0.00000010	0.00000010	0.00000010	0.29361588	0.00000010	0.00000010	0.35350078	0.30850077	0.25941157	0.82753897	0.02251324	0.00000010	0.35565361	0.00000010	0.00000010	0.77688909	0.00000010	0.41022930	0.12533316	0.75998020	0.30097538	0.05462821	0.20625874	0.51614481	0.23289283	0.00000010	0.00000010	0.00000010	0.42893097	0.57964331	0.00000010	0.00000010	0.00000010	0.00000010	0.00000010	0.00000010	0.77829981	0.18035494	0.00000010	1.01703799	0.00197116	0.00000010	0.37141615	0.00000010	0.46789080	0.61811578	0.01037140	0.38580444	0.12783235	0.42711121	0.00000010	0.63331407	0.09343673	0.32401130	0.00000010	0.00000010	0.00000010	0.63866729	0.33505169	0.00000010	0.81625253	0.35547125	0.00000010	0.51759362	0.00000010	0.63951957	0.11501061	0.00000010	0.51134777	0.28876522	0.00000010	0.00000010	0.00000010	0.02950642	0.00000010	0.00000010	0.76151764	0.00000010	0.35260564	0.43005842	0.00000010	0.00000010	0.00000010	0.02238175	0.75617951	0.00000010	0.00000010	0.75885540	0.06032430	0.01229289	0.23052976	0.00000010	0.29998362	0.00000010	0.43663469	0.00000010	0.13489850	0.00000010	0.59188414	0.00000010	0.32711381	0.28598130	0.04144528	0.03314881	0.00000010	0.21630679	0.16778572	0.47834808	0.00000010	0.31780881	0.01310178	0.69114637	0.78353417	0.00000010	0.00000010	0.52837336	0.00000010	0.00000010	0.00000010	0.00000010	0.00000010	0.33252740	0.00000010	0.50361007	0.54667968	0.00000010	0.33278823	0.00000010	0.00000010	0.04688080	1.15171576	0.00000010	0.39236799	0.35922274	0.61579227	0.37005442	1.29210305	1.14990520	0.21885374	0.27465603	0.00000010	0.00000010	0.18150797	0.00000010	0.27036980	0.00000010	0.18586883	0.00000010	0.38553637	0.32859620	0.00000010	0.04353765	0.00000010	0.54861826	0.51810789	0.00000010	0.52326554	0.00000010	0.48098961	0.37168366	1.16306853	0.00000010	0.00000010	0.00000010	0.71393216	0.00000010	0.34688187	0.37635571	0.00000010	0.00000010	0.00000010	0.58760560	0.21109986	0.48059958	0.00000010	0.00000010	0.13203351	0.00000010	0.02931240	0.00000010	0.00000010	0.00000010	0.00000010	0.00000010	0.02389412	0.05331758	0.63518822	0.57991248	0.00000010	0.00000010	0.00000010	0.00000010	0.48597342	0.42327446	0.18364742	0.00000010	0.08275378	0.45798779	0.00000010	0.10355452	0.00000010	0.42741859	0.51382893	0.00000010	0.65121233	0.00000010	0.00000010	0.00000010	0.00000010	0.37767997	0.00000010	0.32512683	0.00000010	0.28455842	0.00000010	0.06531578	0.00000010	0.59655070	0.40440893	0.00000010	0.00000010	0.00000010	0.60892266	0.00000010	0.84606695	0.37084550	0.00000010	0.33959192	0.00000010	0.22641870	0.00000010	0.00000010	0.38439852	0.41214770	0.48994356	0.42498425	0.00000010	0.70117694	0.25193465	0.01048650	0.00000010	1.67828822	0.02913984	0.00000010
chr4	153249384	driver	C	T	0.38726032	0.00000010	0.17935757	0.49336711	0.52192467	0.00297158	0.05187930	0.49330711	0.00000010	0.00000010	0.28972194	0.42850325	0.00000010	0.00000010	0.00000010	0.42942601	0.00671284	0.00000010	0.35328922	0.44633996	0.17332667	0.65429479	0.05014607	0.00000010	0.34433737	0.00000010	0.00000010	0.83789742	0.00000010	0.41379645	0.13900200	0.75645852	0.29311460	0.05811932	0.29196241	0.38459721	0.15338126	0.00000010	0.00000010	0.00000010	0.32625332	0.54169464	0.00000010	0.00000010	0.00000010	0.00000010	0.00000010	0.00000010	0.66191375	0.11893274	0.00000010	1.06059825	0.00000010	0.00000010	0.43272072	0.00000010	0.48510927	0.59036219	0.01855600	0.43175060	0.18321215	0.23049323	0.00000010	0.40998888	0.16599229	0.21807905	0.07985735	0.00000010	0.00000010	0.57851577	0.33021504	0.00000010	0.99195719	0.46131098	0.00000010	0.44326186	0.00000010	0.63586485	0.00000010	0.00000010	0.47239381	0.33313790	0.00000010	0.00000010	0.00000010	0.00000010	0.00000010	0.00000010	0.77891999	0.00000010	0.28600568	0.43212444	0.00000010	0.00000010	0.00000010	0.11215632	0.74202722	0.00000010	0.00000010	0.72209483	0.02814214	0.00000010	0.20666999	0.00000010	0.23640664	0.00000010	0.38395679	0.12358880	0.16604702	0.00000010	0.51263350	0.00000010	0.28543207	0.36310831	0.00000010	0.00000010	0.00000010	0.12417480	0.18078172	0.50390029	0.00000010	0.42090386	0.00000010	0.81600767	0.72132087	0.00000010	0.00000010	0.42522490	0.00000010	0.00074621	0.00000010	0.00000010	0.00000010	0.33024859	0.00000010	0.68214357	0.68007737	0.00000010	0.29415327	0.00000010	0.00000010	0.11506815	1.08202195	0.00000010	0.36263654	0.31593138	0.64314240	0.12541908	1.27173209	1.10815835	0.19988027	0.43372095	0.00000010	0.14686257	0.21820733	0.00000010	0.28979191	0.00000010	0.20554671	0.00000010	0.43002409	0.41485456	0.00000010	0.16959375	0.00000010	0.52868944	0.34401965	0.00000010	0.47930396	0.00000010	0.61657131	0.38692412	1.24579883	0.00000010	0.00000010	0.00000010	0.72080839	0.00000010	0.41125253	0.29346925	0.00000010	0.01187093	0.00000010	0.73960829	0.14778486	0.48395574	0.00000010	0.00000010	0.06672997	0.00000010	0.10723852	0.01321896	0.00000010	0.00000010	0.03126881	0.00000010	0.03755751	0.15077601	0.60413158	0.68037784	0.00000010	0.00000010	0.00000010	0.00000010	0.49857119	0.39572182	0.00000010	0.00000010	0.00000010	0.48017538	0.00000010	0.08238360	0.00000010	0.40312809	0.37398353	0.00000010	0.48424780	0.00000010	0.00000010	0.00000010	0.00000010	0.19957040	0.00000010	0.35829681	0.00000010	0.30803865	0.00000010	0.00889757	0.00000010	0.45930880	0.36292881	0.00000010	0.00000010	0.00000010	0.46889561	0.00000010	0.79623187	0.41252518	0.00000010	0.38855854	0.00000010	0.10306935	0.00000010	0.00522717	0.46181607	0.32592332	0.57558405	0.14119741	0.00000010	0.80129534	0.44762015	0.00000010	0.00000010	1.64619470	0.00126461	0.00000010
chr4	153251965	passenage	T	C	0.25899407	0.00000010	0.09121609	0.51356846	0.74311310	0.00000010	0.10408466	0.73022914	0.00000010	0.00000010	0.23516482	0.42314976	0.00000010	0.03472304	0.00000010	0.08531930	0.00000010	0.00000010	0.13762799	0.74570131	0.08834808	0.55987060	0.00000010	0.00000010	0.36925316	0.00000010	0.00000010	0.53750074	0.00000010	0.37330168	0.38421243	0.66165757	0.15080723	0.00000010	0.57680529	0.45189363	0.18838939	0.00000010	0.00000010	0.00000010	0.20468698	0.34276557	0.00000010	0.00000010	0.00000010	0.00000010	0.00000010	0.00000010	0.71886361	0.36886191	0.00000010	1.55904496	0.01227858	0.00366238	0.65718234	0.00000010	0.46965438	0.47505364	0.01574964	0.47667593	0.19852076	0.46523666	0.00000010	0.62958425	0.26565069	0.21203928	0.55883801	0.00000010	0.00000010	0.79435480	0.02308517	0.00000010	1.31350946	0.21991937	0.00000010	0.28739756	0.00000010	0.21433046	0.44477308	0.00000010	0.32266384	0.28838482	0.00000010	0.00000010	0.00000010	0.00000010	0.00000010	0.00000010	0.78614992	0.00000010	0.34423831	0.57033056	0.00000010	0.00000010	0.00000010	0.10544333	0.85654533	0.00000010	0.00000010	0.67354751	0.00000010	0.05313293	0.47416967	0.00000010	0.08715506	0.00000010	0.43381977	0.00019854	0.38200533	0.00000010	0.48116589	0.00000010	0.31697649	0.41470867	0.00000010	0.00000010	0.00000010	0.08451506	0.17042322	0.08369361	0.00000010	0.40908343	0.00000010	0.75940728	0.69594789	0.00000010	0.00000010	0.62069428	0.00000010	0.00000010	0.00000010	0.00000010	0.00000010	0.22585031	0.00000010	0.59484208	0.51560199	0.00000010	0.22160748	0.00000010	0.00000010	0.08725910	1.07476640	0.00000010	0.00000010	0.56339759	0.39896765	0.37463406	1.03958654	1.37927532	0.25804222	0.67037845	0.00626950	0.00000010	0.50029296	0.00000010	0.33532575	0.00000010	0.14276697	0.00000010	0.35593340	0.16696221	0.00000010	0.10272102	0.00000010	0.70004892	0.25098854	0.00000010	0.65215290	0.00000010	0.70655686	0.28779125	1.27534938	0.00000010	0.00000010	0.00000010	0.63185668	0.03522887	0.20142007	0.35012537	0.00000010	0.00000010	0.00000010	0.72142267	0.44191694	0.34289700	0.00000010	0.00000010	0.23370621	0.00000010	0.00000010	0.00000010	0.00000010	0.00000010	0.00000010	0.00000010	0.00000010	0.09243293	0.46405181	0.72615302	0.04866697	0.00000010	0.00000010	0.00000010	0.43822300	0.20331383	0.01003859	0.00000010	0.00482349	0.36146063	0.00000010	0.00000010	0.11420228	0.00000010	0.37708008	0.00000010	0.41541830	0.00000010	0.00000010	0.00000010	0.00000010	0.73224574	0.00000010	0.39475998	0.00000010	0.33014107	0.00000010	0.05363448	0.00000010	0.45224631	0.39090997	0.00000010	0.00000010	0.00000010	0.54165387	0.00000010	0.66769016	0.32526556	0.00000010	0.27873784	0.00000010	0.00000010	0.00000010	0.12107982	0.37348604	0.34114233	0.41181356	0.37828201	0.00000010	0.82024550	0.21751320	0.00000010	0.02369110	1.55447626	0.00000010	0.00000010
chr2	209116179	passenage	G	A	0.68981504	0.00000010	0.00865685	0.42920160	0.26015455	0.02186117	0.03670128	0.00000010	0.00000010	0.08549517	0.25731426	0.41291636	0.00000010	0.00000010	0.00000010	0.63449728	0.02637449	0.00000010	0.29250592	0.00521677	0.65574145	0.85033214	0.00000010	0.00000010	0.39731666	0.00000010	0.18697183	0.79222733	0.00000010	0.40932447	0.26003072	0.44559675	0.39419681	0.00000010	0.23106591	0.15403150	0.10024245	0.09626313	0.00000010	0.00000010	0.46772200	0.41463301	0.00000010	0.00000010	0.00000010	0.00000010	0.00000010	0.00000010	0.67842358	0.74887538	0.54086053	0.12310281	0.01134191	0.00000010	0.30508775	0.00000010	0.43481994	0.51713896	0.00000010	0.49167764	0.00000010	0.74520636	0.00000010	0.47128028	0.09389304	0.02300392	0.00000010	0.50922298	0.00000010	0.16646966	0.49406332	0.00000010	0.00000010	0.43164113	0.00000010	0.88562787	0.00000010	0.55063504	0.39993972	0.00000010	0.55593818	0.46023870	0.00000010	0.00000010	0.00000010	0.03532225	0.38557494	0.91312253	0.08102961	0.00000010	0.19321752	0.40959340	0.00000010	0.00000010	0.29438922	0.00000010	0.51679194	0.00000010	0.00000010	0.33173916	0.04330087	0.00000010	0.76701021	0.00000010	0.46856844	0.00000010	0.11950243	0.00000010	0.39680392	0.60586429	0.76368940	0.00000010	0.45199114	0.36080927	0.00000010	0.00000010	0.00000010	0.05537840	0.22067721	0.47390658	0.00000010	0.12277602	0.00000010	0.03205480	0.73178995	0.00000010	0.00000010	0.08280906	0.05187475	0.00000010	0.00000010	0.00000010	0.00000010	0.19253625	0.00000010	0.52487618	0.34465176	0.00000010	0.00716882	0.00000010	0.00000010	0.08828667	0.47742021	0.00000010	0.28585339	0.33309278	0.60583174	0.47430962	0.75624156	0.21329671	0.08130375	0.47491878	0.00000010	0.00000010	0.38875630	0.00000010	0.00000010	0.20865154	0.38743579	0.00000010	0.00000010	0.42699140	0.08026040	0.27559221	0.00000010	0.48903322	0.57040519	0.00020343	0.49801949	0.00000010	0.04659719	0.41080284	0.41887659	0.06024051	0.00000010	0.00000010	0.51679540	0.00000010	0.55595040	0.40193906	0.02194898	0.04895838	0.00000010	0.34244010	0.18396974	0.49978828	0.00000010	0.00000010	0.37653857	0.00000010	0.00000010	0.00000010	0.00000010	0.05897806	0.00000010	0.00000010	0.01729601	0.17796215	0.48085207	0.00000010	0.00000010	0.00000010	0.00000010	0.00000010	0.31395620	0.78846943	0.25846642	0.00000010	0.00000010	0.50717878	0.00000010	0.00000010	0.00000010	0.34083080	0.31032696	0.00000010	0.30331644	0.00000010	0.10958379	0.00000010	0.00000010	0.67806315	0.91349411	0.14438203	0.00000010	0.01472536	0.00000010	0.18786146	0.03463056	0.45341915	0.23212156	0.00000010	0.00000010	0.05081022	0.53842640	0.00000010	0.98320448	0.30493546	0.00000010	0.42814028	0.00000010	0.27898568	0.19497392	0.00060244	0.15010074	1.36463535	0.02798271	0.10558178	0.00000010	0.39412254	0.44380990	0.00000010	0.00000010	0.89392620	0.05345815	0.00000010
chr2	209113112	driver	C	A	0.30497563	0.00000010	0.22099522	0.22868323	0.54738444	0.00000010	0.06138046	0.00000010	0.00000010	0.00000010	0.38389185	0.38606635	0.00000010	0.00000010	0.00000010	0.54927349	0.01525179	0.00000010	0.33513483	0.21667631	0.72321773	0.60822618	0.00000010	0.00000010	0.51470929	0.00000010	0.13311848	0.91499865	0.00000010	0.40320933	0.03071519	0.65164548	0.43117422	0.00000010	0.77228332	0.41970414	0.00000010	0.17359877	0.00000010	0.00000010	0.47814411	0.24183565	0.00000010	0.00000010	0.00000010	0.00000010	0.00000010	0.00000010	0.67302930	0.31937748	0.26347435	0.10388663	0.00000010	0.00000010	0.88211167	0.00000010	0.48437390	0.51636213	0.05558570	0.51839608	0.00000010	0.36134714	0.00000010	0.53431654	0.16528742	0.34569499	0.00000010	0.32797125	0.00000010	0.34354401	0.24138409	0.00000010	0.16010517	0.70296770	0.00000010	0.82619011	0.00000010	0.39918351	0.19298032	0.00000010	0.75691855	0.67642343	0.00000010	0.00000010	0.00000010	0.00000010	0.41032511	0.81707895	0.25946733	0.00000010	0.04355312	0.61999184	0.12652354	0.00235002	0.00000010	0.28858930	0.50907665	0.00000010	0.00000010	0.18204474	0.16414823	0.02713120	0.53923130	0.01581110	0.59376574	0.00000010	0.54363453	0.00000010	0.63357812	0.38318056	0.82421625	0.00000010	0.28666851	0.42831802	0.06239846	0.00000010	0.00000010	0.00000010	0.43296680	0.54881740	0.00000010	0.39195535	0.00000010	0.57739806	0.90962744	0.00000010	0.00000010	0.27543512	0.00000010	0.00000010	0.00000010	0.00000010	0.00000010	0.30934122	0.00000010	0.61953557	0.80691475	0.00000010	0.15905996	0.00000010	0.00000010	0.09041937	0.60324121	0.00000010	0.01359342	0.74758869	0.91617072	0.35717443	1.11076474	0.51506090	0.07410453	0.74927604	0.00000010	0.00000010	0.32921401	0.00000010	0.14904794	0.08949627	0.56377202	0.00000010	0.12515984	0.24369287	0.00000010	0.19172497	0.00000010	0.86873215	0.06485632	0.00000010	0.55322099	0.00000010	0.00000010	0.59763443	0.64336783	0.02352083	0.00000010	0.00000010	0.68023789	0.00000010	0.82122755	0.30267292	0.00000010	0.10043751	0.00000010	0.98108876	0.14473143	0.70913345	0.00000010	0.00000010	0.03628451	0.00673612	0.00429739	0.00000010	0.00000010	0.00000010	0.23792818	0.00000010	0.00000010	0.23543827	0.50616753	0.01586584	0.00103521	0.00000010	0.00000010	0.00000010	0.18064430	0.68511683	0.24586639	0.17463861	0.05160577	0.38911957	0.00000010	0.00000010	0.00000010	0.22531579	0.48840219	0.00000010	0.45896849	0.00000010	0.02445730	0.00000010	0.00000010	0.40816915	0.81634527	0.36912671	0.00000010	0.40748426	0.00000010	0.11566725	0.00000010	0.69088358	0.19014323	0.00000010	0.00000010	0.00000010	0.54861784	0.00000010	1.09801102	0.32391489	0.00000010	0.58222115	0.00000010	0.38994169	0.25101432	0.01941560	0.28278038	1.16855133	0.07954023	0.13136294	0.00000010	0.60862148	0.18058407	0.00000010	0.00000010	1.04267025	0.18961304	0.00000010
chr2	209113112	driver	C	T	0.26543370	0.00000010	0.24887431	0.28781080	0.53183198	0.00096925	0.08352266	0.02405842	0.00000010	0.00000010	0.36008283	0.41821328	0.00000010	0.00000010	0.00000010	0.48152566	0.01552435	0.00000010	0.23911382	0.21069647	0.77435499	0.65737540	0.00000010	0.00000010	0.55230975	0.00000010	0.20310494	0.90392745	0.00000010	0.39757329	0.00423219	0.64271683	0.38082308	0.00000010	0.72929668	0.44290608	0.00000010	0.27723482	0.00000010	0.00000010	0.44286591	0.22416359	0.00000010	0.00000010	0.00000010	0.00000010	0.00000010	0.00000010	0.69391680	0.37498778	0.31725892	0.08318738	0.00000010	0.00000010	0.82898355	0.00000010	0.52443230	0.50723732	0.05441142	0.45951325	0.00000010	0.32960930	0.00000010	0.53094780	0.22961658	0.31861326	0.00000010	0.36248356	0.00000010	0.23682475	0.29515353	0.00000010	0.21004866	0.73652411	0.00000010	0.83979803	0.00000010	0.41356701	0.31610137	0.00000010	0.71020961	0.71258032	0.00000010	0.00000010	0.00000010	0.00000010	0.47516853	0.87792021	0.23541117	0.00000010	0.02835718	0.63400245	0.13243133	0.00000010	0.00000010	0.34108567	0.52516288	0.00000010	0.00000010	0.26093966	0.16572991	0.04868747	0.58596671	0.02600357	0.61169827	0.00000010	0.56039852	0.00000010	0.63850099	0.44417191	0.83805871	0.00000010	0.22956130	0.41819072	0.00000010	0.00000010	0.00000010	0.00000010	0.45767641	0.52912033	0.00000010	0.44412631	0.00000010	0.43157184	0.91435182	0.00000010	0.03743158	0.24578916	0.00000010	0.00000010	0.00000010	0.00000010	0.00000010	0.29820454	0.00000010	0.53042120	0.68880016	0.00532664	0.18835430	0.00000010	0.00000010	0.04230328	0.50728887	0.00000010	0.00468560	0.71959209	0.93974829	0.37914309	1.03980064	0.52852714	0.07593635	0.68538147	0.00000010	0.00000010	0.34409964	0.00000010	0.09766439	0.11423793	0.51560730	0.00000010	0.08900495	0.14421265	0.00000010	0.14665179	0.00000010	0.86035144	0.19981875	0.00000010	0.58857816	0.00000010	0.05528902	0.58889139	0.52076346	0.07348505	0.00000010	0.00000010	0.66239494	0.00000010	0.80083966	0.33690721	0.05291750	0.15141043	0.00000010	0.92617774	0.21035257	0.71751064	0.00000010	0.00000010	0.11261763	0.02916119	0.00000010	0.00000010	0.00000010	0.00000010	0.21281497	0.00000010	0.00000010	0.21045224	0.58280575	0.00000010	0.00000010	0.00000010	0.00000010	0.00000010	0.19859336	0.62108630	0.19321282	0.19917768	0.06032397	0.41001916	0.00000010	0.00000010	0.00000010	0.21520865	0.51763093	0.00000010	0.50652111	0.00000010	0.02452536	0.00000010	0.00000010	0.48137569	0.87715071	0.35576850	0.00000010	0.30694795	0.00000010	0.11223304	0.00000010	0.68861449	0.14323817	0.00000010	0.00000010	0.00000010	0.49581468	0.00000010	1.09756124	0.26002696	0.00000010	0.56773174	0.00000010	0.31534123	0.27721891	0.00000010	0.22916895	1.22394323	0.09364794	0.20761901	0.00000010	0.54687870	0.20666492	0.00000010	0.00000010	0.96785456	0.24102144	0.00000010
chr2	209108281	passenage	C	T	0.69599324	0.00000010	0.00469699	0.40658072	0.36536342	0.00847621	0.04999284	0.00000010	0.00000010	0.00000010	0.27941826	0.37824023	0.00000010	0.00000010	0.00000010	0.63404173	0.00000010	0.00000010	0.21680987	0.20067607	0.47485763	0.82292819	0.02437011	0.00000010	0.50257188	0.00000010	0.19961439	0.67470682	0.00000010	0.36869946	0.20470592	0.49874514	0.20008014	0.00000010	0.43557546	0.23210877	0.04042240	0.42792600	0.00000010	0.00328253	0.28668979	0.14743951	0.00000010	0.00000010	0.00000010	0.00000010	0.00000010	0.00000010	0.73945272	0.13755228	0.53081572	0.31092790	0.00000010	0.00000010	0.67806137	0.00000010	0.23609804	0.59784430	0.00000010	0.37426546	0.00000010	0.56515622	0.00000010	0.61203766	0.00000010	0.12468188	0.00000010	0.44397733	0.00000010	0.16324525	0.42063642	0.00000010	0.35731751	0.37297818	0.00000010	0.72337115	0.00000010	0.88711590	0.27321631	0.00000010	0.34656912	0.50174201	0.00000010	0.00000010	0.07210754	0.00000010	0.58079147	0.96425551	0.36648446	0.00000010	0.41527712	0.31509426	0.10089558	0.00000010	0.04188759	0.04696322	0.38146853	0.00000010	0.00000010	0.41237342	0.23758039	0.01429406	0.47733781	0.00000010	0.66046184	0.00000010	0.36779600	0.00000010	0.39310062	0.41770175	0.91822636	0.00000010	0.61805308	0.17985092	0.02006653	0.00000010	0.00000010	0.04563503	0.37856552	0.87838840	0.00000010	0.21417958	0.00000010	0.17555162	0.83582902	0.00000010	0.00523090	0.13361578	0.00000010	0.03052899	0.00000010	0.00000010	0.00000010	0.14649284	0.00000010	0.67689109	0.43506584	0.00000010	0.01776194	0.00000010	0.00027578	0.00812277	0.49306378	0.00000010	0.09165323	0.61304599	0.54205251	0.20736974	0.86375964	0.47590420	0.32095528	0.35919744	0.00000010	0.00000010	0.24391229	0.00000010	0.11063297	0.12616292	0.67624170	0.00000010	0.21809417	0.33156568	0.00000010	0.20270386	0.07476418	0.66214216	0.52926934	0.00000010	0.82686108	0.00000010	0.25293770	0.34008557	0.49993309	0.30012858	0.00000010	0.00000010	0.73842025	0.00000010	0.65008163	0.22417098	0.00000010	0.11160260	0.00000010	0.50455189	0.22801396	0.85215259	0.00000010	0.00000010	0.25193605	0.00000010	0.02128021	0.00000010	0.00000010	0.00000010	0.09905016	0.00000010	0.13133880	0.22647057	0.41958427	0.16278830	0.00000010	0.00000010	0.00000010	0.00000010	0.16403325	0.90648484	0.33333999	0.00000010	0.00000010	0.68651599	0.00000010	0.00000010	0.00000010	0.34319913	0.40604779	0.00000010	0.60310262	0.00000010	0.06589374	0.00000010	0.00000010	0.49454466	0.89979768	0.06123431	0.00000010	0.12495475	0.00000010	0.29654288	0.00000010	0.75163746	0.26800457	0.11150693	0.00000010	0.15793598	0.33002844	0.00000010	1.03328037	0.18918435	0.00000010	0.63830906	0.00725876	0.24020824	0.17753355	0.05268342	0.20674050	0.79033446	0.05031969	0.31527632	0.09470345	0.34419933	0.32163140	0.00000010	0.06628069	1.07586026	0.30259186	0.00000010
chr2	209113113	driver	G	A	0.35199195	0.00000010	0.20722237	0.26489100	0.58833700	0.00000010	0.08620855	0.08098467	0.00000010	0.00000010	0.37658927	0.40366757	0.00000010	0.00000010	0.00000010	0.56877893	0.00186908	0.00000010	0.30217978	0.32174584	0.73239064	0.68860757	0.00000010	0.00000010	0.59948826	0.00000010	0.17040330	0.90613246	0.00000010	0.39892548	0.00030694	0.61057067	0.39786425	0.00000010	0.72103339	0.51400912	0.00492350	0.26832119	0.00000010	0.00000010	0.43248555	0.20314196	0.00000010	0.00000010	0.00000010	0.00000010	0.00000010	0.00000010	0.63087875	0.31079471	0.31430358	0.21642196	0.00000010	0.00000010	0.84557068	0.00000010	0.49174100	0.46770808	0.09306683	0.58066374	0.00000010	0.29009584	0.00000010	0.68283284	0.20553434	0.25678262	0.00000010	0.35177127	0.00000010	0.36693758	0.25688773	0.00000010	0.32969162	0.84240806	0.00000010	0.94262612	0.00000010	0.47807485	0.20538887	0.00000010	0.79849422	0.66229904	0.00000010	0.00000010	0.00000010	0.00000010	0.45281902	0.81576401	0.32104141	0.00000010	0.03586557	0.61475599	0.08452231	0.00000010	0.00000010	0.29360646	0.55793542	0.00000010	0.00000010	0.32345015	0.13097559	0.00000010	0.58777475	0.00000010	0.62422097	0.00000010	0.59792793	0.00000010	0.71578306	0.35574540	0.79182273	0.00000010	0.23620477	0.40858543	0.04907837	0.00000010	0.00000010	0.00000010	0.33243763	0.47474736	0.00000010	0.52221197	0.00000010	0.50466812	0.97321600	0.00000010	0.04917872	0.26767439	0.00000010	0.00000010	0.00000010	0.00000010	0.00000010	0.26204917	0.00000010	0.61308289	0.68689346	0.02092178	0.22947219	0.00000010	0.00000010	0.07842851	0.60336143	0.00000010	0.02501024	0.67084599	1.08701324	0.39002341	1.09471703	0.64717388	0.13646331	0.69823897	0.00000010	0.00000010	0.30926743	0.00000010	0.20203981	0.10667243	0.46972585	0.00000010	0.19483547	0.20347293	0.00000010	0.21959113	0.00000010	0.82567120	0.26158425	0.01710998	0.67986536	0.00000010	0.05670968	0.62832344	0.64573568	0.05708125	0.00000010	0.00000010	0.71910352	0.00000010	0.84617466	0.26896358	0.00000010	0.16561058	0.00000010	0.90735257	0.25026780	0.65202749	0.00000010	0.00000010	0.06657481	0.00000010	0.00000010	0.00000010	0.00000010	0.00000010	0.17199084	0.00000010	0.00000010	0.20989893	0.55627751	0.08665515	0.00000010	0.00000010	0.00000010	0.00000010	0.28312197	0.65435070	0.19184572	0.19882691	0.05132291	0.37901551	0.00000010	0.00000010	0.00000010	0.28937796	0.51110560	0.00000010	0.43484432	0.00000010	0.03602852	0.00000010	0.00000010	0.64172977	0.89277816	0.21758088	0.00000010	0.36043358	0.00000010	0.11088984	0.00000010	0.73280239	0.21427135	0.00000010	0.00000010	0.00000010	0.58371568	0.00000010	1.01878476	0.35237637	0.00000010	0.66815162	0.00000010	0.30113390	0.21240661	0.00000010	0.29360637	1.19867897	0.13505650	0.18754070	0.00000010	0.61448175	0.30652961	0.00000010	0.00000010	1.09997046	0.23404859	0.00000010
chr2	209113113	driver	G	T	0.35217106	0.00000010	0.24345809	0.25496927	0.58407128	0.00000010	0.08938538	0.09472670	0.00000010	0.00000010	0.39974219	0.39752376	0.00000010	0.00000010	0.00000010	0.56060106	0.00447640	0.00000010	0.36804089	0.24159160	0.71116501	0.66869736	0.00000010	0.00000010	0.56269860	0.00000010	0.15706679	0.93585527	0.00000010	0.39285231	0.02831083	0.60372245	0.37265104	0.00000010	0.73723078	0.45366684	0.01319448	0.23744744	0.00000010	0.00000010	0.46934485	0.12914319	0.00000010	0.00000010	0.00000010	0.00000010	0.00000010	0.00000010	0.63955641	0.35679078	0.32891670	0.23894404	0.00000010	0.00000010	0.88383567	0.00000010	0.44608787	0.48108381	0.08677463	0.59864360	0.00000010	0.29789612	0.00000010	0.61764228	0.21118009	0.35491171	0.00000010	0.36509535	0.00000010	0.42593697	0.16941881	0.00000010	0.35213265	0.75958502	0.00000010	0.87998253	0.00000010	0.49491203	0.23953933	0.00000010	0.72872561	0.65585530	0.00000010	0.00000010	0.00000010	0.00000010	0.46766287	0.72346443	0.29915848	0.00000010	0.02302213	0.57333243	0.13136271	0.00000010	0.00000010	0.27615458	0.52547312	0.00000010	0.00000010	0.22727427	0.10019831	0.04632427	0.60175180	0.00000010	0.57868528	0.00000010	0.58709222	0.00000010	0.73684645	0.35647070	0.77925187	0.00000010	0.31909242	0.44436491	0.04390863	0.00000010	0.00000010	0.00000010	0.39325565	0.51661330	0.00000010	0.43132639	0.00000010	0.52149904	0.88034439	0.00000010	0.00000010	0.27751163	0.00000010	0.00000010	0.01041971	0.00000010	0.00000010	0.29601842	0.00000010	0.58396351	0.68628597	0.04357011	0.18785959	0.00000010	0.00000010	0.06706326	0.58759725	0.00000010	0.04856938	0.70556736	1.02539134	0.34109157	1.13732851	0.69186550	0.10579008	0.69432724	0.00000010	0.00000010	0.30893356	0.00000010	0.20981252	0.09388199	0.50217873	0.00000010	0.20995204	0.21891624	0.00000010	0.21381404	0.00000010	0.78724182	0.24408191	0.01238546	0.62651467	0.00000010	0.09444788	0.66131997	0.69384551	0.06723861	0.00000010	0.00000010	0.75108159	0.00000010	0.79242033	0.26145294	0.00000010	0.11733343	0.00000010	0.87595361	0.28308025	0.61313373	0.00000010	0.00000010	0.08527717	0.00000010	0.00741296	0.00000010	0.00000010	0.00000010	0.23876938	0.00000010	0.00000010	0.21265921	0.56681764	0.13507330	0.00000010	0.00000010	0.00000010	0.00000010	0.26346907	0.61862063	0.26398632	0.17004538	0.03986490	0.37804508	0.00000010	0.00000010	0.00000010	0.21001086	0.57171690	0.00000010	0.50049680	0.00000010	0.02023967	0.00000010	0.00000010	0.61662829	0.84263903	0.27293256	0.00000010	0.40922743	0.00000010	0.14203353	0.00000010	0.72868633	0.21442543	0.00000010	0.00000010	0.00000010	0.63563663	0.00000010	1.04166198	0.32998314	0.00000010	0.63868153	0.00000010	0.28791556	0.26455787	0.00000010	0.28202525	1.11804509	0.14930816	0.21670565	0.00000010	0.64334846	0.21944696	0.00000010	0.00000010	1.09377992	0.24870782	0.00000010
chr15	90631943	passenage	C	T	0.18874921	0.00000010	0.00000010	0.26805636	0.38656670	0.09396731	0.00000010	0.00000010	0.00000010	0.00000010	0.54244179	0.27558407	0.00000010	0.00000010	0.00000010	1.02204502	0.12754229	0.00000010	0.53139246	0.50314081	0.46299702	0.99993145	0.00000010	0.05578926	0.70580375	0.30344844	0.27231073	0.51594317	0.00000010	0.43297908	0.44219351	0.32459968	0.28379023	0.00000010	0.36628839	0.25207928	0.02515689	0.49893251	0.00000010	0.08337148	0.42907721	0.20552222	0.00000010	0.00000010	0.00000010	0.00000010	0.00000010	0.00000010	0.47741753	0.03417149	0.64481091	0.29481396	0.00000010	0.00000010	0.10529535	0.00000010	0.34366286	0.10353543	0.00000010	0.65308505	0.00000010	0.03554359	0.00000010	0.58729398	0.00480897	0.06651700	0.00000010	0.45488423	0.00000010	0.10456584	0.58307290	0.10529722	0.43589443	0.48212975	0.00000010	0.54110622	0.00000010	0.78623086	0.95793295	0.00000010	0.33846599	0.57558692	0.00000010	0.00000010	0.02369481	0.00000010	0.55372673	0.86946201	0.11426597	0.00000010	0.34999517	0.05778925	0.00000010	0.00000010	0.17318362	0.03440339	0.00000010	0.00000010	0.02211095	0.00000010	0.08130893	0.00000010	0.26423925	0.00000010	0.33473879	0.00000010	0.16898361	0.00000010	0.14750609	0.63735151	0.81785899	0.00000010	0.08211578	0.58352989	0.00000010	0.00000010	0.00000010	0.08365938	0.41241416	0.56782019	0.00000010	0.42405373	0.06540881	0.09186541	0.18953626	0.00000010	0.00285519	0.08975926	0.05631538	0.22565646	0.00000010	0.00000010	0.00000010	0.31080118	0.00000010	0.51153511	0.24792776	0.00000010	0.12142387	0.00000010	0.00000010	0.09249818	0.29119459	0.00000010	0.05202180	0.41964757	0.44033107	0.13673444	0.56520128	0.42272717	0.07939592	0.27092102	0.00000010	0.00000010	0.61202449	0.00000010	0.05933691	0.27438980	0.87627017	0.00000010	0.07218890	0.71779788	0.00000010	0.39191809	0.00000010	0.30328700	0.82155538	0.00000010	0.43928868	0.00000010	0.06573662	0.59853905	0.39415690	0.14687720	0.00000010	0.00000010	0.63635403	0.00000010	0.70915872	0.32305866	0.00000010	0.05803518	0.00000010	0.15314531	0.12646332	0.42901593	0.00000010	0.00000010	0.46893969	0.00000010	0.00000010	0.00000010	0.00000010	0.13842788	0.24753907	0.01368946	0.00000010	0.13916460	0.66994089	0.15916534	0.01682920	0.02134017	0.00000010	0.00000010	0.00000010	0.78672469	0.49493098	0.00000010	0.00000010	0.59004146	0.00000010	0.00000010	0.10108039	0.50212276	0.20007750	0.01810521	0.47179729	0.00000010	0.09771727	0.00000010	0.00000010	0.67161596	1.27571678	0.02724289	0.00000010	0.00000010	0.03275894	0.23219001	0.02567680	0.58555013	0.06818148	0.00000010	0.00000010	0.10926060	0.16497800	0.00000010	0.58648592	0.22913767	0.00000010	0.49446964	0.08784109	0.68929476	0.28660229	0.00000010	0.16372785	1.08291197	0.06631520	0.00007892	0.01443553	0.38152596	0.20150612	0.00000010	0.00000010	0.64439887	0.20330255	0.00000010
chr15	90631838	driver	C	T	0.15306497	0.00000010	0.00709526	0.22203450	0.46955246	0.00000010	0.01959522	0.00000010	0.00000010	0.00000010	0.41651326	0.17853053	0.02620138	0.00000010	0.00000010	0.63337529	0.06085018	0.00000010	0.50585765	0.78772616	0.52437747	1.00211155	0.00000010	0.01583909	0.63706505	0.30338407	0.25268549	0.52045035	0.00000010	0.41370136	0.32702011	0.34804511	0.29003531	0.00000010	0.23578641	0.17317055	0.05369942	0.29932299	0.00000010	0.00000010	0.41859251	0.22185633	0.00000010	0.00000010	0.00000010	0.00000010	0.00000010	0.00000010	0.55934656	0.12019511	0.51273286	0.33571532	0.00000010	0.00000010	0.11426070	0.00000010	0.10745980	0.23325121	0.00000010	0.61885899	0.00000010	0.03606287	0.00000010	0.54307294	0.07510564	0.07205879	0.00000010	0.29079133	0.00000010	0.06575022	0.63136923	0.00000010	0.35656947	0.43176270	0.07139236	0.58221841	0.00000010	0.83422124	0.86666697	0.00000010	0.25027168	0.69560456	0.00000010	0.00000010	0.00000010	0.00000010	0.46161491	0.78886420	0.09299754	0.00000010	0.60426986	0.03881852	0.00000010	0.00000010	0.00000010	0.04262239	0.01896131	0.00000010	0.00000010	0.00000010	0.02015153	0.00000010	0.26647481	0.00000010	0.32510877	0.00000010	0.29681149	0.01785467	0.06189776	0.47574890	0.83803612	0.00000010	0.40069813	0.35025173	0.00000010	0.00000010	0.00000010	0.14688675	0.18992516	0.56598347	0.00000010	0.49446875	0.00000010	0.34090340	0.29100892	0.00000010	0.00330491	0.07663354	0.09394017	0.40000337	0.00000010	0.00000010	0.01009968	0.31693056	0.00000010	0.39351994	0.36850542	0.00000010	0.11550074	0.00000010	0.00000010	0.00000010	0.33542979	0.00000010	0.15680915	0.65156960	0.59144753	0.16076916	0.81659609	0.37812015	0.08344340	0.23195724	0.00000010	0.00000010	0.64709985	0.00000010	0.00304475	0.28954995	0.72699726	0.00000010	0.00000010	0.73072124	0.00000010	0.66271049	0.00000010	0.39245710	0.70263165	0.00000010	0.57493055	0.00000010	0.04248634	0.57828271	0.36968306	0.17813295	0.00000010	0.00000010	0.72134846	0.01629395	0.56304538	0.26077655	0.00000010	0.00000010	0.00000010	0.25512171	0.01193606	0.48349047	0.00000010	0.00000010	0.36384645	0.00000010	0.00000010	0.02204621	0.00000010	0.13537976	0.20891473	0.00000010	0.00000010	0.15300682	0.54288900	0.07764312	0.00000010	0.00000010	0.00000010	0.00000010	0.00000010	0.83169568	0.49387702	0.00000010	0.00000010	0.48194754	0.00000010	0.00000010	0.12125374	0.27875710	0.15792480	0.11060393	0.54860002	0.00000010	0.13578783	0.00000010	0.00000010	0.48716953	1.22118938	0.01147955	0.00000010	0.04543322	0.07678848	0.21071194	0.00000010	0.54891646	0.03481588	0.00000010	0.00000010	0.22999394	0.28160745	0.00000010	0.61930752	0.21438919	0.00000010	0.46588987	0.00902902	0.67708308	0.23740163	0.00000010	0.21202922	1.10029280	0.09298711	0.05653684	0.00000010	0.45136222	0.08969363	0.00000010	0.00000010	0.71928126	0.14203368	0.00000010
chr15	90630682	passenage	C	A	0.08460976	0.00000010	0.07773829	0.06659156	0.50470066	0.01968544	0.00000010	0.00000010	0.00000010	0.07598665	0.45445359	0.06841719	0.00000010	0.00000010	0.00000010	0.71752381	0.14358333	0.00000010	0.86455309	0.75865960	0.51427025	1.00467575	0.00000010	0.00000010	0.34269536	0.05369462	0.47201136	0.74259114	0.00000010	0.44172883	0.43952724	0.49301174	0.26469907	0.00000010	0.36812812	0.33920658	0.00000010	0.61970502	0.00000010	0.11720791	0.63939613	0.51266837	0.00000010	0.00000010	0.00000010	0.00000010	0.00000010	0.00000010	0.56285697	0.00000010	0.58740282	0.38510397	0.06997541	0.00000010	0.37008005	0.00000010	0.20649660	0.24769357	0.00000010	0.31924793	0.00000010	0.42265698	0.00000010	0.54329836	0.19259232	0.01451468	0.00000010	0.47421783	0.04479697	0.09633943	0.57955980	0.00000010	0.19648360	0.81600833	0.00000010	0.88832939	0.00000010	0.90417129	0.58003825	0.00000010	0.10441335	0.49570125	0.00000010	0.00000010	0.00000010	0.00000010	0.65811002	0.89149922	0.09189153	0.00000010	0.41826910	0.00000010	0.00000010	0.00000010	0.00000010	0.00820302	0.06054524	0.00000010	0.00000010	0.22783914	0.00000010	0.06378224	0.35822511	0.00000010	0.77139270	0.00000010	0.10677256	0.00000010	0.06896901	0.65181130	0.74828631	0.00000010	0.26527625	0.60160613	0.01710457	0.00000010	0.00000010	0.09087098	0.00000010	0.38278210	0.00000010	0.59576726	0.00000010	0.51519406	0.40722179	0.00000010	0.00000010	0.00000010	0.14829309	0.16313827	0.00000010	0.00000010	0.00000010	0.13286261	0.00000010	0.67648721	0.74918866	0.00000010	0.05776550	0.00000010	0.00000010	0.21677303	0.48612842	0.00000010	0.00000010	0.65949088	0.82218373	0.05151457	0.81127030	0.31225914	0.00375906	0.27735028	0.00000010	0.00000010	0.39843282	0.00000010	0.09836128	0.36036721	0.51429725	0.00000010	0.00015927	0.86004573	0.00000010	0.76858640	0.00000010	0.37219483	0.74305761	0.00000010	0.83177578	0.00000010	0.08457352	0.58187288	0.49101216	0.24677372	0.00000010	0.03884409	0.86337674	0.00000010	0.75605184	0.40186179	0.00000010	0.05564181	0.00000010	0.58353245	0.00364676	0.39574644	0.00000010	0.00000010	0.34644434	0.00000010	0.00000010	0.27663147	0.00000010	0.00000010	0.14040968	0.00000010	0.11741546	0.12234445	0.22468826	0.01427240	0.06050207	0.00000010	0.00000010	0.00000010	0.00000010	0.87293547	0.59462953	0.00000010	0.00000010	0.42406097	0.00000010	0.00000010	0.00000010	0.00000010	0.23829919	0.11739424	0.53248084	0.00000010	0.16924804	0.00000010	0.00000010	0.67463142	1.06725740	0.10495102	0.00000010	0.33403093	0.00000010	0.00000010	0.00000010	0.71957123	0.00000010	0.00000010	0.00000010	0.26018485	0.41354123	0.00000010	0.61504209	0.12267959	0.00000010	0.52434725	0.00000010	0.38244721	0.08168766	0.00000010	0.03293722	1.32098460	0.00000010	0.21151398	0.00000010	0.25578442	0.00000010	0.00000010	0.00000010	0.67774391	0.15169057	0.00000010
chr15	90628072	passenage	G	A	0.00000010	0.00207001	0.00000010	0.18527287	0.57525194	0.02126410	0.00000010	0.00000010	0.00000010	0.01459159	0.23455448	0.33239013	0.00000010	0.00000010	0.00000010	1.24656439	0.10032883	0.00000010	0.75143623	1.08567309	0.56712782	1.32628238	0.00000010	0.00000010	0.29415938	0.20580922	0.32451072	0.84676838	0.00000010	0.46806484	0.25304759	0.48539537	0.13538514	0.00000010	0.19690073	0.15934096	0.01881525	0.47612140	0.00000010	0.00000010	0.89471495	0.06414828	0.00000010	0.00000010	0.00000010	0.00000010	0.00000010	0.01868510	0.48673230	0.05593872	0.59522694	0.10982031	0.01455770	0.00000010	0.53465796	0.00000010	0.16218115	0.20212884	0.00000010	0.38907382	0.00000010	0.23816451	0.00000010	0.33046353	0.21485087	0.26700050	0.00000010	0.66375744	0.00000010	0.03991159	0.46558481	0.04189406	0.17227936	0.73854780	0.00000010	1.11323309	0.00000010	1.00681937	0.76616353	0.00000010	0.66348493	0.62929130	0.00000010	0.00000010	0.00000010	0.00000010	0.76840764	1.17633963	0.00000010	0.00000010	0.51411128	0.00000010	0.00000010	0.00000010	0.00000010	0.01736812	0.11201508	0.00000010	0.00000010	0.27428645	0.00000010	0.00000010	0.05551966	0.00000010	0.63598895	0.00000010	0.07371031	0.00000010	0.00000010	0.73500448	0.81322080	0.00000010	0.21969631	0.80299014	0.00000010	0.00000010	0.00000010	0.00000010	0.12586248	0.94136560	0.00000010	0.22101003	0.00000010	0.35286742	0.12761961	0.00000010	0.03079911	0.04417190	0.20366664	0.00000010	0.00000010	0.00000010	0.06326725	0.50168926	0.00000010	0.75022763	0.51783061	0.00000010	0.10990854	0.00000010	0.00000010	0.16422740	0.32399309	0.00705488	0.00000010	0.82595825	0.99943948	0.00000010	0.93370438	0.09536551	0.17049362	0.01435557	0.05225395	0.00000010	0.51669908	0.00000010	0.02863705	0.61594421	0.81953442	0.00000010	0.00000010	0.65153211	0.00000010	0.43825644	0.00000010	0.14099534	0.72230685	0.04499904	0.90764475	0.00000010	0.00000010	0.81051159	0.51825088	0.32531893	0.00000010	0.33046573	0.91119313	0.00000010	0.85738456	0.41052780	0.00000010	0.15144888	0.00000010	0.38066906	0.00000010	0.32730913	0.00000010	0.05478830	0.35965991	0.00000010	0.00000010	0.05844228	0.00000010	0.07207092	0.00000010	0.00000010	0.23929775	0.15880448	0.22931048	0.00000010	0.02537237	0.00961494	0.00000010	0.00000010	0.00000010	0.95804429	0.34417480	0.00000010	0.05218812	0.25358889	0.00000010	0.00000010	0.00000010	0.25906897	0.02721084	0.09283474	0.43880522	0.00000010	0.20564052	0.00000010	0.00000010	0.63830185	1.52334809	0.00000010	0.14570713	0.20530254	0.04163552	0.02461646	0.00000010	0.56211114	0.00000010	0.00000010	0.02355221	0.18997426	0.28381854	0.00000010	0.59433264	0.14115353	0.00000010	0.77525342	0.00000010	0.47733673	0.13450480	0.00000010	0.01451458	1.22408462	0.00183463	0.05586939	0.00000010	0.22550824	0.19669203	0.00000010	0.05431616	0.92102522	0.03608305	0.00000010
chr15	90634852	passenage	G	A	0.14474434	0.00000010	0.00000010	0.05560865	0.57210088	0.01040108	0.03432011	0.00000010	0.00000010	0.00000010	0.65249276	0.22474813	0.00000010	0.00000010	0.00000010	0.87395954	0.11271978	0.00000010	0.71878040	0.68102974	0.67457867	1.27276301	0.00000010	0.00000010	0.69311041	0.00000010	0.43915126	0.76236629	0.00000010	0.42806688	0.23867370	0.48484164	0.15324530	0.00000010	0.19407302	0.23642211	0.03331703	0.58609825	0.00000010	0.00635817	0.61181021	0.24715981	0.00000010	0.00000010	0.00000010	0.00000010	0.00000010	0.00000010	0.54513121	0.39891079	0.58667582	0.66569817	0.01810016	0.00000010	0.42680407	0.01716655	0.26866275	0.16542739	0.00642753	0.78136265	0.00000010	0.17692380	0.00000010	0.17693682	0.27307975	0.17535013	0.00000010	0.55108285	0.06823738	0.07918283	0.47624695	0.05243246	0.45163628	0.70580697	0.02476264	0.82935214	0.00000010	1.04318261	0.77217174	0.00000010	0.61125880	0.55261177	0.03674399	0.00000010	0.04039535	0.00000010	0.68529499	1.17942047	0.15241510	0.00000010	0.49172229	0.00000010	0.00000010	0.00000010	0.00000010	0.02893725	0.15840769	0.00000010	0.00000010	0.21537773	0.00000010	0.02571108	0.28973019	0.00000010	0.54910970	0.00000010	0.28541413	0.00000010	0.21041805	0.57365209	0.79773152	0.00000010	0.77699471	0.59477150	0.00000010	0.00000010	0.00000010	0.07926236	0.01667651	0.80428529	0.00000010	0.32338363	0.13515529	0.17455292	0.31690603	0.00000010	0.25201267	0.00000010	0.10159868	0.02148743	0.00000010	0.00000010	0.00000010	0.49311471	0.00000010	0.48990685	0.65405023	0.00000010	0.00797428	0.00000010	0.00000010	0.10759591	0.48644456	0.00000010	0.01620259	0.74609709	0.90954030	0.00464839	1.01857269	0.37565389	0.14843753	0.08337545	0.05158334	0.00000010	0.43594843	0.00000010	0.05157999	0.38773519	0.65163922	0.00000010	0.08462000	0.98396033	0.00000010	0.57229114	0.00000010	0.32315329	0.69376510	0.01885769	0.59699208	0.00000010	0.26433137	0.80966806	0.72464854	0.38394982	0.08765450	0.20540988	0.85617179	0.00000010	0.80830151	0.67986262	0.00000010	0.00147526	0.00000010	0.28296551	0.17620456	0.23673233	0.00000010	0.02505481	0.40088370	0.00000010	0.00000010	0.00000010	0.00000010	0.17908809	0.00000010	0.00000010	0.00000010	0.20268728	0.27373964	0.12589939	0.05696412	0.00000010	0.00000010	0.00000010	0.00000010	1.04002452	0.31261045	0.00000010	0.00000010	0.39854014	0.00000010	0.00000010	0.00000010	0.00000010	0.26247844	0.00000010	0.36273941	0.00000010	0.10232418	0.00000010	0.00000010	0.52870882	1.43116426	0.18349896	0.00000010	0.02604064	0.00316218	0.19625318	0.05671162	0.68839383	0.00000010	0.03485557	0.00000010	0.21010649	0.52522075	0.00000010	0.70512986	0.07000558	0.00000010	0.39587766	0.00000010	0.75748736	0.22455545	0.00000010	0.00708814	1.12545848	0.06366734	0.25523701	0.00000010	0.31486216	0.29577741	0.00000010	0.00000010	0.99256790	0.18803923	0.00000010
chr15	90631838	driver	C	A	0.18769085	0.00000010	0.01992664	0.18124273	0.44637179	0.00000010	0.01213468	0.00000010	0.00000010	0.00000010	0.38095227	0.17600301	0.00000010	0.00000010	0.00000010	0.67304486	0.04609036	0.00000010	0.48010665	0.78540689	0.48007327	1.01744044	0.00000010	0.01084054	0.66644996	0.35996363	0.23009394	0.53014410	0.00000010	0.41276318	0.35275236	0.33502108	0.28194380	0.00000010	0.22881004	0.13032717	0.02516767	0.28293535	0.00000010	0.00000010	0.39798456	0.26566190	0.00000010	0.00000010	0.00000010	0.00000010	0.00000010	0.00000010	0.57596546	0.10189481	0.48180366	0.38721448	0.00000010	0.00000010	0.12600131	0.00000010	0.08453023	0.22592387	0.00000010	0.66347009	0.00000010	0.05200099	0.00000010	0.54213721	0.06232721	0.06995927	0.00000010	0.26510760	0.00000010	0.06919003	0.63337314	0.00000010	0.42064711	0.42486304	0.11512526	0.58417028	0.00000010	0.80315459	0.88678741	0.00000010	0.23317313	0.73899132	0.00000010	0.00000010	0.00000010	0.00000010	0.40255478	0.74150300	0.11347897	0.00000010	0.59131789	0.03718179	0.00000010	0.00000010	0.00000010	0.01703808	0.00000010	0.00000010	0.00000010	0.00000010	0.02882564	0.00000010	0.27256316	0.00000010	0.30935293	0.00000010	0.29728490	0.04513538	0.05048994	0.45444030	0.88453573	0.00000010	0.47155356	0.31194156	0.00000010	0.00000010	0.00000010	0.16898474	0.22778210	0.54123431	0.00000010	0.53259832	0.02467541	0.32381403	0.32365158	0.00000010	0.00000010	0.07756139	0.08697352	0.34686005	0.00000010	0.00000010	0.00000010	0.31366345	0.00000010	0.39182830	0.34211218	0.00000010	0.11089184	0.00000010	0.00000010	0.00000010	0.38676435	0.00000010	0.16674654	0.68548369	0.58990377	0.19095401	0.83258927	0.40573257	0.05255516	0.19460335	0.00000010	0.00000010	0.64884901	0.00000010	0.00000010	0.26254109	0.68795598	0.00000010	0.00000010	0.77527475	0.00000010	0.69554496	0.00000010	0.39392334	0.74829865	0.00000010	0.54221880	0.00000010	0.06338002	0.50816464	0.40388981	0.16165596	0.00000010	0.00000010	0.71803176	0.03105040	0.57362217	0.26852000	0.00000010	0.00000010	0.00000010	0.22668073	0.05676419	0.50045645	0.00000010	0.00000010	0.38445961	0.00000010	0.00000010	0.00949696	0.00000010	0.12051108	0.19432536	0.00000010	0.00000010	0.10371776	0.54300743	0.14760029	0.01071488	0.00000010	0.00000010	0.00000010	0.00000010	0.86184716	0.53734267	0.00000010	0.00000010	0.47311899	0.00000010	0.00000010	0.10739179	0.33754358	0.16274646	0.10993204	0.57068086	0.00000010	0.14348510	0.00000010	0.00000010	0.52363205	1.19153380	0.00923216	0.00000010	0.03151749	0.06813764	0.17305867	0.00549963	0.55482721	0.05477891	0.00000010	0.00000010	0.20590565	0.27019551	0.00000010	0.64700341	0.27738777	0.00000010	0.45584828	0.00000010	0.71338725	0.24160318	0.00000010	0.23006105	1.05963707	0.12718165	0.03343521	0.00000010	0.47341344	0.09319090	0.00000010	0.00000010	0.75562561	0.11978780	0.00000010
chr15	90631938	passenage	T	A	0.22542244	0.00000010	0.00000010	0.24489757	0.38796806	0.11083397	0.00000010	0.00000010	0.00000010	0.00000010	0.49068105	0.25062710	0.06438549	0.00000010	0.00000010	0.97210824	0.11333402	0.00000010	0.55855644	0.51866990	0.45372781	0.96765286	0.00000010	0.00665293	0.71747261	0.23638278	0.23598874	0.57373476	0.06186464	0.42368531	0.49267066	0.30232209	0.34155858	0.00000010	0.33992952	0.21019594	0.00000010	0.40036401	0.00000010	0.02630551	0.45964611	0.19532639	0.00000010	0.00000010	0.00000010	0.00000010	0.00000010	0.00000010	0.46061808	0.20848006	0.65918785	0.16464975	0.00000010	0.00000010	0.13683750	0.00000010	0.37416464	0.14879428	0.00000010	0.62238109	0.00000010	0.03417285	0.00000010	0.52743453	0.00000010	0.09985235	0.00000010	0.36476466	0.00000010	0.07698427	0.50742078	0.00000010	0.42950159	0.35364461	0.00000010	0.59186643	0.00000010	0.79853916	0.90684533	0.00000010	0.39610863	0.66557467	0.01065724	0.00000010	0.02581478	0.00000010	0.48465738	0.82026970	0.07341964	0.00000010	0.39453718	0.02856395	0.00000010	0.00000010	0.28153974	0.00943037	0.00000010	0.00000010	0.08382021	0.00000010	0.13637854	0.01099215	0.31223726	0.00000010	0.30589932	0.00000010	0.17759193	0.00000010	0.22840497	0.66406995	0.85543513	0.00000010	0.18854322	0.61580110	0.00000010	0.00000010	0.00000010	0.01758667	0.39552948	0.59265083	0.00000010	0.45001727	0.10313933	0.00000010	0.21922390	0.00000010	0.01445246	0.12042157	0.09166439	0.21091627	0.00000010	0.00000010	0.00000010	0.38160506	0.00000010	0.48811781	0.19581160	0.00000010	0.13163659	0.00000010	0.00000010	0.05130282	0.28560472	0.00000010	0.02584461	0.51818585	0.51791894	0.09235089	0.59634936	0.40506783	0.19202445	0.25982329	0.00000010	0.00000010	0.55801415	0.00000010	0.00000010	0.31951615	0.93681860	0.00000010	0.00976028	0.64903629	0.00000010	0.43671864	0.00000010	0.36680949	0.71978664	0.00000010	0.52765560	0.00000010	0.01613446	0.56774288	0.36406729	0.11926812	0.00000010	0.00000010	0.60697806	0.00000010	0.67528510	0.34710789	0.00000010	0.04551069	0.00000010	0.10207762	0.15010132	0.67095470	0.00000010	0.00000010	0.50751728	0.00000010	0.00000010	0.00000010	0.00000010	0.12117879	0.15618484	0.00000010	0.00000010	0.10845443	0.74541700	0.08874457	0.02417230	0.00833035	0.00000010	0.00000010	0.00000010	0.79446113	0.51632351	0.00000010	0.00000010	0.63211644	0.00000010	0.00000010	0.08052945	0.45900214	0.08828989	0.00000010	0.37309062	0.00000010	0.09128223	0.00000010	0.00000010	0.53990102	1.29116201	0.05468462	0.02505437	0.00000010	0.12086901	0.20124522	0.00000010	0.53350860	0.08481057	0.00000010	0.00000010	0.09916846	0.17206371	0.00000010	0.65257108	0.28157917	0.00000010	0.57717568	0.00000010	0.64614534	0.25884965	0.10700138	0.11054981	1.18620253	0.00000010	0.00000010	0.00000010	0.38488701	0.22041087	0.00000010	0.00000010	0.67649162	0.21509537	0.00000010
chr15	90628595	passenage	G	A	0.00000010	0.04342994	0.00000010	0.32548040	0.49009454	0.14372292	0.02421201	0.27824357	0.00000010	0.01850548	0.49268126	0.28741020	0.00000010	0.00000010	0.00000010	1.07046771	0.04202303	0.00000010	0.65092295	0.87567657	0.53717500	1.20500946	0.07494503	0.11180266	0.35696989	0.19604635	0.42445034	0.70441854	0.00000010	0.45946294	0.17860696	0.40611714	0.10947541	0.00000010	0.10086103	0.08997183	0.00000010	0.51908678	0.00000010	0.00000010	0.91942221	0.17170694	0.00000010	0.00000010	0.00000010	0.00000010	0.00000010	0.00000010	0.43646622	0.18625602	0.53770244	0.50355881	0.17561294	0.00000010	0.45514816	0.03963255	0.19739237	0.20142519	0.04410778	0.48190364	0.05953625	0.12130935	0.00000010	0.33827898	0.30094463	0.16642976	0.17964023	0.39939553	0.00000010	0.19872689	0.58249575	0.00000010	0.50848705	0.75653136	0.11513534	0.87408787	0.00000010	0.78406978	0.96845639	0.00000010	0.62910628	0.69066978	0.00004280	0.00000010	0.00000010	0.00000010	0.54276633	0.65800130	0.20456731	0.00000010	0.33893356	0.00000010	0.00000010	0.00000010	0.00000010	0.07718357	0.03408642	0.00000010	0.00000010	0.33650675	0.00000010	0.00000010	0.22977351	0.00000010	0.38350630	0.00000010	0.31141937	0.00000010	0.26784399	0.46549442	0.88085437	0.00000010	0.30756143	0.79571819	0.00000010	0.00978759	0.00000010	0.01596668	0.00000010	0.80406582	0.00000010	0.43559211	0.00000010	0.31497207	0.16729602	0.00000010	0.10941330	0.01914822	0.11159106	0.00000010	0.00000010	0.00000010	0.01661478	0.42718789	0.00000010	0.50678670	0.55462635	0.00000010	0.00000010	0.00000010	0.00000010	0.11288311	0.44071630	0.00000010	0.00000010	0.87465608	0.74703658	0.05151138	0.95011890	0.46115354	0.27444464	0.00000010	0.04503478	0.00000010	0.51552010	0.00000010	0.13074704	0.33123091	0.25107247	0.00000010	0.00000010	0.69562352	0.00000010	0.68298650	0.02097697	0.21730533	0.72429860	0.11640459	0.95372611	0.00000010	0.30491433	0.58213300	0.68769288	0.29941064	0.00000010	0.39338094	0.97766656	0.00000010	0.93967938	0.43956256	0.00000010	0.10951824	0.00000010	0.15408881	0.14785527	0.00801394	0.00000010	0.05689408	0.27608749	0.00000010	0.00000010	0.00000010	0.00000010	0.00000010	0.00000010	0.00000010	0.36252618	0.10218878	0.21486209	0.30610386	0.04624001	0.03496529	0.00000010	0.00000010	0.00000010	0.91140020	0.31656939	0.00000010	0.00000010	0.20502959	0.00000010	0.00000010	0.00000010	0.36267239	0.04964339	0.00000010	0.29151729	0.00000010	0.15092574	0.00000010	0.03002974	0.53346634	0.98215097	0.05890704	0.04456322	0.16111211	0.18155234	0.00000010	0.00000010	0.48532349	0.00000010	0.00000010	0.00000010	0.06089414	0.48144239	0.00000010	0.58150846	0.17498574	0.00000010	0.58598423	0.00000010	0.38063255	0.13080576	0.00000010	0.04563332	0.83511347	0.17066227	0.10842344	0.00000010	0.40128630	0.39680579	0.00000010	0.04169262	1.08345246	0.00000010	0.00000010
chr12	25398285	driver	C	T	0.14057389	0.00000010	0.00615465	0.54808378	0.42349827	0.28058714	0.06684382	0.00000010	0.00000010	0.04584213	0.49390322	0.45851955	0.00000010	0.07804278	0.00000010	0.34625471	0.18856031	0.00000010	0.00000010	0.37273002	0.48414367	0.58190477	0.00000010	0.00000010	0.58538872	0.00000010	0.20433840	0.58143330	0.00000010	0.41252559	0.11312099	0.53246874	0.31005812	0.00000010	0.51431698	0.52956462	0.14233145	0.00000010	0.00000010	0.00000010	0.11116673	0.35595363	0.00000010	0.00000010	0.00000010	0.00000010	0.00000010	0.00000010	0.50211430	0.20910501	0.10173735	0.40175629	0.21792622	0.02606247	0.58996600	0.00000010	0.45491415	0.74924481	0.09884947	0.38082308	0.00000010	0.41730759	0.00000010	0.71715552	0.23902389	0.00000010	0.00000010	0.09616989	0.00000010	0.66955954	0.25849438	0.00000010	0.41761169	0.51371437	0.00000010	0.55294490	0.00000010	0.65606982	0.00000010	0.00000010	0.75083864	0.57577002	0.00000010	0.36333701	0.00000010	0.21369766	0.03843434	0.36021903	0.17400712	0.00000010	0.00000010	0.37841773	0.00000010	0.00000010	0.00000010	0.24738163	0.42876804	0.00000010	0.00000010	0.52739024	0.05046052	0.00000010	0.68668395	0.00000010	0.50219363	0.00000010	0.14456981	0.00000010	0.37964496	0.09121361	0.52163160	0.00000010	0.31651744	0.46991211	0.00000010	0.00000010	0.00000010	0.10982271	0.21722382	0.09712873	0.00000010	0.37790263	0.11944025	0.46130311	0.62918055	0.00000010	0.23681359	0.11895511	0.07923251	0.00000010	0.00699544	0.00000010	0.00000010	0.04876922	0.00000010	0.60939896	0.43633896	0.00000010	0.00000010	0.00000010	0.02313310	0.29134709	0.47865182	0.00000010	0.08541324	0.35555211	0.83591378	0.28476682	1.03373015	0.58710968	0.11066854	0.83570212	0.01300899	0.13318907	0.33096498	0.00000010	0.00000010	0.09608279	0.16988948	0.00000010	0.11357749	0.42661932	0.00000010	0.03550423	0.00000010	0.43401641	0.58818561	0.00000010	0.37196022	0.00000010	0.13875777	0.61021054	0.59869468	0.07045040	0.00000010	0.00000010	0.60401022	0.00000010	0.51687753	0.10368656	0.00000010	0.23263004	0.00000010	0.60695809	0.17997889	0.23001128	0.00000010	0.00000010	0.27020434	0.00000010	0.01019240	0.00000010	0.05774925	0.00000010	0.00000010	0.00000010	0.23475096	0.50647670	0.20998101	0.03528636	0.01068615	0.00000010	0.00000010	0.00000010	0.35051951	0.48818544	0.03691066	0.00000010	0.17506361	0.60227889	0.00000010	0.00158028	0.18256171	0.17597762	0.33305228	0.08770135	0.41538399	0.00000010	0.00000010	0.00000010	0.00000010	0.58676398	0.46022177	0.41222408	0.08506408	0.24922925	0.00000010	0.00000010	0.00000010	0.31840760	0.05683597	0.00000010	0.00000010	0.00000010	0.48457098	0.00000010	0.92107981	0.24537297	0.00000010	0.35128468	0.00000010	0.08410119	0.01630981	0.08244596	0.14880280	0.76407534	0.15393344	0.05973672	0.00000010	0.52277583	0.42091933	0.00000010	0.00000010	0.86711758	0.07982148	0.00000010
chr12	25398220	driver	A	T	0.14423597	0.00000010	0.01488364	0.54441351	0.44854438	0.22877994	0.00000010	0.01970204	0.00000010	0.02708029	0.27644885	0.37981832	0.05420639	0.01155429	0.00000010	0.32866806	0.11269434	0.00000010	0.00000010	0.13448803	0.36762148	0.40129626	0.03776437	0.04199375	0.55723071	0.04328401	0.24793071	0.60409641	0.00000010	0.43083113	0.20032428	0.53196037	0.27657843	0.00000010	0.29816523	0.33473957	0.21147250	0.02153819	0.00000010	0.00000010	0.16024661	0.39645508	0.00000010	0.00000010	0.00000010	0.00237581	0.00000010	0.00000010	0.57754970	0.11798458	0.18611149	0.29062554	0.17486130	0.05419480	0.64002985	0.00000010	0.39596018	0.83351576	0.06505563	0.24775699	0.00000010	0.42891473	0.00000010	0.70296729	0.33588791	0.00000010	0.00000010	0.19092762	0.00752634	0.52915138	0.30181873	0.00000010	0.41123882	0.48612839	0.00000010	0.65272242	0.00000010	0.80551207	0.00000010	0.00000010	0.62605304	0.43022642	0.00000010	0.35345438	0.00000010	0.16439214	0.10529239	0.54415244	0.34346130	0.00000010	0.00000010	0.32105139	0.00000010	0.00000010	0.00000010	0.16831532	0.44465011	0.00000010	0.00000010	0.70498592	0.02576773	0.00000010	0.64026588	0.13604741	0.49802846	0.00000010	0.14137831	0.00000010	0.24229209	0.16652122	0.62455606	0.00000010	0.32555968	0.35040548	0.00000010	0.00334008	0.00000010	0.09939861	0.20631866	0.20136750	0.00000010	0.11437656	0.09223452	0.46227077	0.77752745	0.00000010	0.25337455	0.23924239	0.06969099	0.00000010	0.07419440	0.00000010	0.00000010	0.00000010	0.00000010	0.63639057	0.34153751	0.00000010	0.00000010	0.00000010	0.00000010	0.28275186	0.53258657	0.00392452	0.16855328	0.23285156	0.74032080	0.34268147	0.78733647	0.65637714	0.07323729	0.74661171	0.00000010	0.12453502	0.28104416	0.00000010	0.04678184	0.05123486	0.30975240	0.00000010	0.12679935	0.27672881	0.00000010	0.00000010	0.00000010	0.62945461	0.45176211	0.00000010	0.44917318	0.00000010	0.16074882	0.58389425	0.58816290	0.06358405	0.00000010	0.00000010	0.57843745	0.00000010	0.43667984	0.06935145	0.00000010	0.25319341	0.00000010	0.54718876	0.27896589	0.45400301	0.00000010	0.00000010	0.29323855	0.00000010	0.16790472	0.00000010	0.00000010	0.00000010	0.00000010	0.00000010	0.22452074	0.40469840	0.15758541	0.05568925	0.00000010	0.00000010	0.00000010	0.00000010	0.46649176	0.48615429	0.05067446	0.00000010	0.15353644	0.57321680	0.00000010	0.00000010	0.00000010	0.17947029	0.37811813	0.00000010	0.46288157	0.00000010	0.02392363	0.00000010	0.00000010	0.30310002	0.52631569	0.22966158	0.02679214	0.32693100	0.00000010	0.00000010	0.00000010	0.29062784	0.09415790	0.00000010	0.00000010	0.00000010	0.64517367	0.00000010	0.94400132	0.20915338	0.00000010	0.52041727	0.00000010	0.07589234	0.13716012	0.08403425	0.15064067	0.55379295	0.22253260	0.00276237	0.17720824	0.53430325	0.55178940	0.00000010	0.00000010	0.83120656	0.15432744	0.00000010
chr12	25398284	driver	C	T	0.18858403	0.00000010	0.00842674	0.47697926	0.44368923	0.18921544	0.05633589	0.05472754	0.00000010	0.03743753	0.57224327	0.48058596	0.00000010	0.06121577	0.00000010	0.33270678	0.21380565	0.00000010	0.00000010	0.43671846	0.48218846	0.67739916	0.00000010	0.00000010	0.60314989	0.00000010	0.28556386	0.62686503	0.00000010	0.40805757	0.15308742	0.53364110	0.31707978	0.00000010	0.53258884	0.61506355	0.14026701	0.00000010	0.00000010	0.00000010	0.12192664	0.26876771	0.00000010	0.00000010	0.00000010	0.00000010	0.00000010	0.00000010	0.59232640	0.25388607	0.11207419	0.45845959	0.22601169	0.02014605	0.73660403	0.00000010	0.42545170	0.77551532	0.11668436	0.35245976	0.00000010	0.43330005	0.00000010	0.69577098	0.28959134	0.01604986	0.00000010	0.16605306	0.00000010	0.78568387	0.26395130	0.00000010	0.50721610	0.47334218	0.00000010	0.55885714	0.00000010	0.71244311	0.00000010	0.00000010	0.65867227	0.55048126	0.00000010	0.39200303	0.00000010	0.16164684	0.12483602	0.36143646	0.18390159	0.00000010	0.01856031	0.28987995	0.00000010	0.00000010	0.00000010	0.20767879	0.46073228	0.00000010	0.00000010	0.47403502	0.07901761	0.00000010	0.70931232	0.00000010	0.49267429	0.00000010	0.08097133	0.00000010	0.42316923	0.10688822	0.50241029	0.00000010	0.31117386	0.50626355	0.00000010	0.00000010	0.00000010	0.13518560	0.22622362	0.15755861	0.00000010	0.33238855	0.17559302	0.48340213	0.67522562	0.00000010	0.19916461	0.15140235	0.10112768	0.00000010	0.00281122	0.00000010	0.02255148	0.04302329	0.00000010	0.61630964	0.42772591	0.00000010	0.00000010	0.00000010	0.00000010	0.24536632	0.49872306	0.00000010	0.10659563	0.35585225	0.88069612	0.29596376	1.09571338	0.64998209	0.11898499	0.77667284	0.00000010	0.18501776	0.33498842	0.00000010	0.00350383	0.09231283	0.26617715	0.00000010	0.12679082	0.39223921	0.00000010	0.08333003	0.00000010	0.46099427	0.65293592	0.00000010	0.42256695	0.00000010	0.17410505	0.68156040	0.67732763	0.04513618	0.00000010	0.00000010	0.63161790	0.00000010	0.51612854	0.13295518	0.00000010	0.15205505	0.00000010	0.65317601	0.23993820	0.19513914	0.00000010	0.00000010	0.27392113	0.00000010	0.00000010	0.00000010	0.00000010	0.00000010	0.00000010	0.00000010	0.17464897	0.47472414	0.31519124	0.07090165	0.00524284	0.00000010	0.00000010	0.00000010	0.33018520	0.58066136	0.05628566	0.00000010	0.19895026	0.58258808	0.00000010	0.00000010	0.00000010	0.20920601	0.33614239	0.03072581	0.54196703	0.00000010	0.00000010	0.00000010	0.00000010	0.61487198	0.43716970	0.51069385	0.09979697	0.33377045	0.00000010	0.00000010	0.00000010	0.37693197	0.06072105	0.00000010	0.00000010	0.00000010	0.51689839	0.00000010	0.95018649	0.18920736	0.00000010	0.44361371	0.00000010	0.14720097	0.03862789	0.07931291	0.17385481	0.74344999	0.17223635	0.14206800	0.00000010	0.52525866	0.41394621	0.00000010	0.00000010	0.92770398	0.13481456	0.00000010
chr12	25380274	driver	C	T	0.29250053	0.00000010	0.14689794	0.32842472	0.54544485	0.00000010	0.14028877	0.00000010	0.00000010	0.15567289	0.40530705	0.32007086	0.00000010	0.00000010	0.00000010	0.40579516	0.00000010	0.00000010	0.24207738	0.53926855	0.65497178	0.56622183	0.00000010	0.00000010	0.64308739	0.00000010	0.20559257	0.49137449	0.00000010	0.35531718	0.21659534	0.46639800	0.09937602	0.03893317	0.44443244	0.34872809	0.13786691	0.32310051	0.00000010	0.00000010	0.58102322	0.27785280	0.00000010	0.00000010	0.00000010	0.00000010	0.00000010	0.00000010	0.42815480	0.54325271	0.38760716	0.26943406	0.00000010	0.02906085	0.53904361	0.00000010	0.56459993	0.30914971	0.00000010	0.50053006	0.00000010	0.39874417	0.00000010	0.79143381	0.09781910	0.09146628	0.00000010	0.40803185	0.00000010	0.52214712	0.27069390	0.00000010	0.34309822	0.49339139	0.00000010	0.75031167	0.00000010	0.26707876	0.21380249	0.00000010	0.50086379	0.65668333	0.05087364	0.35350391	0.00328512	0.00000010	0.35304123	0.62761426	0.14850426	0.00000010	0.27244899	0.34398192	0.00000010	0.00000010	0.04223946	0.08786996	0.50977397	0.00000010	0.00000010	0.33161083	0.07417790	0.03046518	0.47811729	0.00000010	0.33284920	0.00000010	0.16487975	0.00000010	0.39426965	0.38971707	0.58456099	0.00000010	0.31560072	0.24379560	0.00000010	0.00000010	0.00000010	0.05540394	0.31509939	0.41634583	0.00000010	0.10971141	0.00000010	0.47800010	0.60745186	0.00000010	0.00000010	0.02276298	0.00323151	0.02354899	0.00000010	0.00000010	0.00000010	0.31068790	0.00000010	0.41550654	0.46092477	0.00000010	0.39198378	0.00000010	0.00000010	0.03419107	0.37044132	0.00000010	0.13150981	0.28231239	0.84423470	0.35586870	0.81984687	0.58015776	0.40907389	0.53056604	0.00000010	0.00000010	0.30829483	0.00000010	0.15313005	0.14086665	0.34179974	0.00000010	0.26782599	0.53708518	0.00000010	0.34789103	0.00000010	0.44408071	0.33037367	0.00000010	0.50147271	0.00000010	0.04197030	0.27307031	0.51871133	0.12259854	0.00000010	0.00000010	0.65077233	0.06517372	0.56565404	0.10794616	0.00000010	0.23876262	0.00000010	0.49029973	0.26191121	0.34520340	0.00000010	0.00000010	0.22401457	0.00000010	0.00000010	0.00000010	0.00000010	0.00000010	0.27997246	0.00000010	0.02690960	0.18004015	0.64224279	0.00000010	0.03687391	0.00000010	0.00000010	0.00000010	0.41136706	0.61414677	0.18594615	0.00000010	0.00000010	0.53197807	0.00000010	0.08058202	0.00000010	0.17672333	0.26827937	0.00000010	0.55316770	0.00000010	0.08824935	0.00000010	0.00000010	0.53439093	0.88460612	0.27674794	0.00000010	0.22995186	0.00000010	0.01696759	0.00000010	0.45544514	0.23156610	0.00000010	0.00000010	0.00000010	0.34496146	0.00000010	0.95227253	0.22862142	0.00000010	0.61188692	0.00000010	0.19076572	0.11839443	0.28994471	0.23077855	1.26900721	0.00000010	0.14702518	0.00000010	0.40284595	0.39741787	0.00000010	0.00000010	0.68764985	0.12274318	0.00000010
chr12	25380282	driver	G	C	0.35338935	0.00000010	0.11124364	0.41295663	0.50458807	0.00000010	0.08015264	0.10287127	0.00000010	0.08729705	0.42561907	0.41810369	0.00000010	0.00000010	0.00000010	0.61002666	0.00000010	0.00000010	0.18198785	0.22375387	0.76225972	0.44645259	0.02806186	0.00000010	0.60917675	0.00000010	0.30669209	0.56478930	0.00000010	0.34298462	0.13058926	0.47373956	0.07332271	0.00000010	0.31852445	0.18054645	0.09222119	0.39367992	0.00000010	0.00000010	0.52362895	0.29406852	0.00766675	0.00000010	0.00000010	0.00000010	0.00000010	0.00000010	0.42181781	0.57048333	0.44206351	0.27055672	0.00000010	0.01645216	0.36669698	0.00000010	0.51564795	0.27194199	0.00000010	0.52338421	0.00000010	0.35502735	0.00000010	0.59746385	0.07778153	0.05241959	0.00000010	0.34742728	0.00000010	0.35170084	0.27314216	0.00000010	0.43151611	0.60929900	0.00000010	0.85088611	0.00000010	0.18514812	0.41608191	0.00000010	0.64397478	0.60251880	0.05008993	0.16641144	0.00947324	0.00748557	0.41032979	0.71543992	0.26737428	0.00000010	0.24759609	0.51628423	0.00000010	0.06860079	0.04402697	0.29971170	0.47343692	0.00000010	0.00000010	0.38104236	0.06663604	0.12365421	0.31342393	0.00000010	0.36592722	0.00000010	0.34429723	0.00000010	0.44491377	0.33292124	0.52850610	0.00000010	0.35653749	0.35430700	0.01775819	0.00000010	0.00000010	0.06809728	0.34368563	0.30229709	0.00000010	0.20161712	0.00000010	0.47636971	0.48621017	0.00000010	0.00000010	0.00000010	0.04204516	0.00000010	0.00000010	0.00000010	0.00000010	0.32114220	0.00000010	0.51303834	0.47434068	0.00000010	0.42755139	0.00000010	0.00000010	0.13156012	0.40498254	0.00000010	0.23872684	0.31418514	0.85733980	0.40611720	0.91975927	0.70419204	0.30928704	0.50021267	0.00000010	0.00000010	0.42768204	0.00000010	0.15389004	0.16999017	0.46465939	0.00000010	0.23779505	0.59035838	0.00000010	0.41449031	0.00000010	0.55673003	0.34177589	0.00000010	0.58430892	0.00000010	0.15677631	0.27229142	0.60273170	0.09671449	0.00000010	0.00000010	0.60434669	0.00000010	0.70273137	0.22823870	0.07841136	0.21229839	0.00000010	0.40965649	0.28917786	0.26027462	0.00000010	0.00000010	0.25828284	0.00000010	0.00000010	0.00000010	0.00000010	0.00000010	0.31954843	0.00000010	0.00000010	0.15040240	0.68119657	0.00000010	0.00000010	0.00000010	0.01296223	0.00000010	0.27338746	0.69278538	0.07570447	0.00000010	0.03085958	0.57316899	0.00000010	0.09664124	0.00000010	0.22804420	0.50368774	0.00000010	0.59985793	0.00000010	0.10665982	0.00000010	0.08102413	0.38186845	0.70794296	0.21525067	0.01711978	0.25110376	0.00000010	0.00000010	0.00000010	0.53798074	0.33707914	0.00000010	0.00000010	0.00000010	0.63721287	0.00000010	0.86470795	0.30441689	0.00000010	0.55286878	0.00000010	0.29724616	0.14232123	0.24071360	0.21468510	1.19515657	0.10098644	0.14068103	0.00000010	0.49664456	0.51842797	0.00000010	0.00000010	0.77327818	0.17768686	0.00000010
chr12	25398284	driver	C	A	0.12087123	0.00000010	0.02047327	0.55103171	0.45526689	0.23249683	0.05789948	0.16172382	0.00000010	0.04324726	0.46065807	0.42863250	0.00000010	0.06645357	0.00000010	0.27142581	0.16499121	0.00000010	0.00000010	0.42660350	0.40485251	0.58276629	0.00000010	0.00000010	0.45632127	0.00000010	0.20963532	0.59856212	0.00000010	0.40760383	0.12655693	0.53761590	0.28097859	0.00000010	0.47265428	0.59844100	0.16660570	0.00000010	0.00000010	0.00000010	0.12651283	0.34113479	0.00000010	0.00000010	0.00000010	0.00000010	0.00000010	0.00000010	0.57589394	0.25460318	0.06857839	0.63885182	0.29495978	0.00000010	0.67195165	0.00000010	0.45711601	0.79240096	0.09878295	0.29682043	0.00000010	0.43532354	0.00000010	0.64798939	0.20753308	0.00100504	0.00000010	0.11293025	0.00000010	0.73169237	0.21144271	0.00000010	0.54105425	0.48140252	0.00000010	0.52061975	0.00000010	0.67493814	0.00000010	0.00000010	0.66319293	0.53872979	0.00000010	0.31889775	0.00000010	0.19600436	0.00872852	0.32305568	0.27325454	0.00000010	0.00000010	0.23068380	0.00000010	0.00000010	0.00000010	0.22133186	0.50458932	0.00000010	0.00000010	0.56588686	0.08153529	0.00000010	0.66392982	0.00000010	0.47786584	0.00000010	0.11055004	0.00000010	0.42220247	0.07605341	0.47802612	0.00000010	0.31984994	0.49340549	0.00000010	0.00000010	0.00000010	0.10701384	0.17603080	0.13001193	0.00000010	0.30600342	0.17585573	0.54193890	0.73747432	0.00000010	0.23184764	0.11167333	0.08392145	0.00000010	0.01978786	0.00000010	0.03477987	0.00000010	0.00000010	0.62555766	0.43137884	0.00000010	0.00000010	0.00000010	0.04104986	0.33261240	0.57805645	0.00000010	0.09637487	0.39480776	0.79231429	0.30213535	1.05301952	0.65671104	0.11264124	0.79283047	0.01279915	0.14329866	0.28759703	0.00000010	0.06313403	0.07365753	0.15027890	0.00000010	0.16582875	0.35790676	0.00000010	0.14822820	0.00000010	0.43622559	0.64758873	0.00000010	0.39995891	0.00000010	0.25042784	0.58317369	0.74146754	0.03894579	0.00000010	0.00000010	0.68210512	0.00000010	0.49583650	0.06377792	0.00000010	0.19998881	0.00000010	0.68162173	0.16604005	0.19333431	0.05675664	0.00000010	0.27693141	0.00000010	0.00000010	0.00000010	0.00000010	0.00000010	0.00000010	0.00000010	0.25229251	0.44695917	0.23940000	0.19340722	0.04570772	0.00000010	0.00000010	0.00000010	0.31785187	0.48651624	0.09342393	0.00000010	0.18595204	0.51080787	0.00000010	0.05841473	0.01616358	0.17522115	0.32077214	0.12265892	0.49375665	0.00000010	0.00000010	0.00000010	0.00000010	0.62570125	0.33179522	0.44906330	0.09535938	0.31813902	0.00000010	0.00000010	0.00000010	0.32289439	0.05713600	0.00000010	0.00000010	0.00000010	0.53715867	0.00000010	0.88502336	0.25321245	0.00000010	0.43702209	0.00000010	0.11619123	0.01862724	0.06764543	0.17155117	0.59478205	0.20773301	0.15743512	0.00000010	0.55248326	0.36378926	0.00000010	0.00000010	0.91597342	0.07060052	0.00000010
chr12	25398285	driver	C	A	0.09366472	0.00000010	0.00451469	0.56776381	0.44545025	0.24223232	0.03510670	0.12613255	0.00000010	0.02564532	0.46686450	0.45102632	0.01661394	0.11037196	0.00000010	0.32293147	0.16663043	0.00000010	0.00000010	0.36010230	0.38109180	0.55801886	0.00000010	0.00000010	0.54589719	0.00000010	0.11779430	0.53617889	0.00000010	0.41373682	0.11041575	0.55013537	0.23089248	0.00000010	0.48061579	0.47551346	0.17807496	0.00000010	0.00000010	0.00000010	0.15845235	0.33678293	0.00000010	0.00000010	0.00000010	0.00000010	0.00000010	0.00000010	0.53769541	0.28358421	0.00000010	0.71178681	0.25512105	0.00814984	0.67494822	0.00000010	0.43227303	0.78098428	0.10221012	0.34697455	0.00000010	0.46554118	0.00000010	0.67526031	0.23951741	0.00000010	0.00000010	0.02673725	0.00343993	0.73218346	0.21327510	0.00000010	0.62288314	0.45186368	0.00000010	0.46385401	0.00000010	0.62635636	0.00000010	0.00000010	0.72225308	0.50501907	0.00000010	0.33825785	0.00000010	0.24000636	0.00000010	0.27454156	0.30333269	0.00000010	0.00000010	0.34757537	0.00000010	0.00000010	0.00000010	0.20379514	0.52961946	0.00000010	0.00000010	0.57982564	0.04565829	0.00000010	0.63650942	0.00000010	0.41050652	0.00000010	0.11591463	0.00000010	0.43718129	0.04059342	0.52553523	0.00000010	0.38878852	0.49978000	0.00000010	0.00000010	0.00000010	0.09007256	0.22232406	0.12380919	0.00000010	0.30982488	0.17259705	0.51666689	0.68081474	0.00000010	0.19885747	0.12710108	0.07684802	0.00000010	0.03066885	0.00000010	0.01677531	0.04596034	0.00000010	0.67489266	0.42992243	0.00000010	0.00000010	0.00000010	0.00595691	0.34310880	0.54687715	0.00000010	0.14335118	0.37955585	0.77762777	0.30206269	1.06635666	0.70576435	0.09170553	0.77660614	0.00000010	0.14606525	0.27378431	0.00000010	0.06155533	0.04246302	0.11793898	0.00000010	0.15025254	0.34749654	0.00000010	0.04188465	0.00000010	0.44911748	0.63031483	0.00000010	0.38450462	0.00000010	0.20768011	0.58092630	0.78542835	0.04483718	0.00000010	0.00000010	0.61417186	0.00000010	0.48970732	0.12066334	0.00000010	0.18215352	0.00000010	0.60949838	0.24472992	0.14868699	0.00000010	0.00000010	0.24995227	0.00000010	0.00000010	0.00000010	0.01199158	0.00000010	0.00000010	0.00000010	0.19890051	0.46045634	0.25007114	0.13602947	0.06191548	0.00000010	0.00000010	0.00000010	0.38160545	0.49059790	0.00000010	0.00000010	0.18450105	0.58546984	0.00000010	0.05930973	0.07333049	0.12027054	0.32409856	0.08791472	0.43008921	0.00000010	0.00385035	0.00000010	0.00000010	0.57259476	0.20678072	0.42533839	0.09469216	0.31011328	0.00000010	0.00000010	0.00000010	0.32690910	0.04283744	0.00000010	0.00000010	0.00000010	0.55593157	0.00000010	0.87996197	0.24930148	0.00000010	0.43854156	0.00000010	0.12061359	0.00000010	0.14523727	0.14456493	0.53736144	0.22737092	0.03751709	0.00000010	0.55867839	0.47095609	0.00000010	0.00000010	0.91695797	0.10629658	0.00000010
chr12	25398284	driver	C	G	0.15128626	0.00000010	0.02227294	0.58597428	0.44522542	0.19350332	0.08804526	0.18091282	0.00000010	0.01430418	0.52212071	0.45873162	0.00000010	0.04170052	0.00000010	0.34764645	0.17723063	0.00000010	0.00000010	0.39631483	0.41072455	0.66616178	0.00000010	0.00000010	0.50952280	0.00000010	0.15588631	0.62902874	0.00000010	0.40689287	0.09280511	0.53145909	0.33303094	0.00000010	0.55779022	0.59182930	0.12918554	0.00000010	0.00000010	0.00000010	0.07480057	0.26250896	0.00000010	0.00000010	0.00000010	0.00000010	0.00000010	0.00000010	0.55448925	0.24887411	0.00000010	0.67491436	0.26086271	0.05060175	0.66478634	0.00000010	0.40211111	0.79204583	0.08689632	0.36293682	0.00000010	0.43156549	0.00000010	0.61642456	0.21630928	0.00000010	0.00000010	0.04246947	0.00000010	0.74667132	0.23174573	0.00000010	0.56724203	0.47814506	0.00000010	0.59247792	0.00000010	0.74260700	0.00000010	0.00000010	0.72824180	0.59784436	0.00000010	0.39951399	0.00000010	0.15522677	0.00000010	0.29095712	0.35893419	0.00000010	0.00000010	0.31028038	0.00000010	0.00000010	0.00000010	0.24309412	0.39268121	0.00000010	0.00000010	0.54626292	0.06567042	0.00000010	0.68631482	0.00000010	0.41294292	0.00000010	0.15232371	0.00000010	0.46723592	0.02910095	0.54702365	0.00000010	0.33035833	0.45641789	0.00000010	0.00000010	0.00000010	0.10700476	0.22039388	0.10336904	0.00000010	0.37883493	0.14711633	0.44842529	0.72123146	0.00000010	0.21146631	0.21560113	0.03611932	0.00000010	0.00000010	0.00000010	0.03425030	0.01539925	0.00000010	0.62406242	0.36573482	0.00000010	0.00000010	0.00000010	0.00000010	0.27283493	0.61344922	0.00000010	0.12824565	0.40380737	0.85742950	0.26775801	1.11500990	0.67952019	0.16645288	0.82262158	0.00000010	0.10568491	0.35270527	0.00000010	0.00000010	0.08220177	0.16948825	0.00000010	0.17066924	0.37361139	0.00000010	0.06283753	0.00000010	0.49367636	0.69036412	0.00000010	0.37727591	0.00000010	0.25428250	0.58701444	0.77181375	0.03962261	0.00000010	0.00000010	0.70156407	0.00000010	0.46786755	0.09290959	0.00000010	0.23136568	0.00000010	0.67513752	0.17916551	0.24034843	0.01663856	0.00000010	0.19954458	0.00000010	0.00000010	0.00000010	0.00000010	0.00000010	0.00000010	0.00000010	0.19967632	0.43913263	0.20080136	0.16571987	0.00000010	0.00000010	0.00000010	0.00000010	0.29381919	0.48695451	0.08830345	0.00000010	0.23150548	0.51015937	0.00000010	0.02850659	0.02897712	0.19818090	0.34695682	0.04130816	0.43777567	0.00000010	0.00000010	0.00000010	0.00000010	0.65817642	0.32198119	0.43441606	0.08524425	0.34666485	0.00000010	0.00000010	0.00000010	0.38906839	0.08963710	0.00000010	0.00000010	0.00000010	0.57200843	0.00000010	0.86491227	0.31845495	0.00000010	0.43767720	0.00000010	0.06169550	0.00000010	0.10572980	0.19061255	0.67111886	0.24895488	0.15483387	0.00000010	0.58399904	0.39868835	0.00000010	0.00000010	1.05280638	0.09983833	0.00000010
chr2	178098806	driver	G	T	0.50241917	0.00000010	0.04616760	0.54800719	0.38782808	0.04662526	0.06546498	0.00000010	0.00000010	0.00000010	0.19100198	0.43910986	0.00000010	0.00000010	0.00000010	0.38546160	0.05720616	0.00000010	0.08327006	0.29540929	0.49362621	0.86494493	0.18623868	0.00000010	0.49079061	0.00000010	0.00000010	0.63309205	0.00000010	0.32114697	0.17336372	0.38421804	0.06443943	0.00000010	0.53969252	0.31105644	0.23778927	0.00000010	0.00000010	0.00000010	0.44351429	0.19465885	0.00000010	0.00000010	0.00000010	0.00000010	0.00000010	0.00000010	0.90368927	0.41206032	0.09684695	0.50778788	0.02147986	0.00000010	0.63202202	0.00000010	0.21489911	0.59191740	0.00000010	0.73930395	0.00000010	0.13184795	0.00000010	0.77154654	0.04517981	0.33437663	0.00000010	0.18481420	0.02763440	0.23792116	0.52416271	0.00000010	0.35470515	0.37667084	0.00000010	0.59081250	0.00000010	0.52132064	0.54870969	0.00000010	0.61672950	0.37399119	0.00000010	0.00000010	0.00000010	0.00000010	0.00000010	0.72320485	0.23644297	0.00000010	0.21654123	0.24397153	0.00000010	0.00000010	0.13185388	0.00609346	0.42869151	0.00000010	0.00000010	0.25693995	0.19368707	0.16062115	0.31560400	0.00000010	0.27036697	0.00000010	0.37578854	0.00000010	0.21520750	0.23629606	0.66269648	0.00000010	0.54725850	0.28824341	0.00000010	0.02485972	0.00000010	0.17841503	0.41176635	0.57925999	0.00623459	0.19762827	0.00000010	0.31724635	0.80683553	0.00000010	0.01958905	0.03951175	0.00000010	0.00000010	0.00000010	0.00000010	0.00000010	0.12539861	0.00000010	0.43130228	0.40496886	0.00000010	0.30492654	0.00000010	0.00599039	0.03086669	0.75669789	0.00000010	0.09481063	0.36740267	0.84703529	0.25103843	0.76116145	0.54269814	0.28059080	0.43688527	0.11378655	0.00000010	0.64883476	0.00000010	0.09905820	0.00000010	0.50326639	0.00200992	0.04084821	0.63672477	0.00000010	0.45956481	0.00000010	0.71482283	0.51381212	0.01055203	0.63778019	0.00000010	0.04720733	0.70383757	0.81162500	0.10918470	0.00000010	0.00000010	0.55979490	0.00000010	0.56520283	0.28379726	0.00000010	0.02605908	0.00000010	0.54624420	0.46431512	0.11488760	0.00000010	0.00000010	0.23771873	0.00000010	0.00000010	0.00000010	0.00000010	0.00287868	0.12598252	0.00000010	0.00000010	0.25121027	0.41132897	0.00000010	0.00000010	0.00000010	0.00000010	0.00000010	0.11890790	0.54098481	0.27169135	0.00000010	0.00000010	0.58847553	0.00000010	0.00000010	0.00000010	0.22991943	0.23822770	0.00000010	0.73360872	0.00000010	0.05496792	0.00000010	0.00000010	0.77926695	0.51747429	0.05507498	0.00000010	0.11266890	0.00000010	0.28358105	0.00236084	0.62652683	0.24961981	0.00000010	0.00000010	0.15670836	0.29153568	0.00000010	0.89204502	0.19299625	0.00000010	0.34606749	0.00000010	0.51537216	0.05169540	0.26825914	0.23611669	0.79640257	0.07899360	0.26239702	0.00000010	0.60390490	0.57601100	0.00000010	0.01726821	1.27342153	0.13380913	0.00000010
chr2	178098953	driver	C	A	0.80864501	0.00000010	0.11149229	0.31193855	0.45531976	0.05952496	0.00049111	0.00000010	0.00000010	0.00000010	0.25762236	0.46647137	0.00000010	0.00000010	0.00000010	0.43463963	0.03181808	0.00000010	0.45659745	0.12714803	0.47782862	0.83689201	0.09913629	0.00000010	0.60135341	0.04693670	0.07539918	0.64776105	0.00000010	0.31961593	0.31792089	0.39102453	0.10236262	0.00000010	0.83488387	0.14608507	0.23206115	0.06560736	0.00000010	0.00000010	0.33592948	0.25399920	0.00000010	0.00000010	0.00000010	0.00000010	0.00000010	0.00000010	0.86887908	0.41010642	0.31472760	0.62795377	0.00000010	0.00000010	0.44387543	0.00000010	0.24628985	0.43846849	0.00000010	0.73423082	0.00000010	0.08372590	0.00000010	0.77808362	0.00000010	0.23564959	0.00000010	0.36255944	0.00000010	0.26157817	0.79293102	0.00000010	0.36910307	0.16753353	0.00000010	0.73204637	0.00000010	0.74432909	0.39674753	0.00000010	0.70824790	0.40542471	0.00000010	0.00000010	0.00000010	0.00000010	0.02690503	0.85423875	0.21243528	0.00000010	0.08622684	0.06605271	0.00000010	0.00000010	0.14337677	0.00000010	0.35359377	0.00000010	0.00000010	0.03408492	0.15452480	0.03580048	0.41233999	0.00000010	0.19434455	0.00000010	0.24349803	0.00000010	0.41721821	0.33485925	0.76471829	0.00000010	0.51604879	0.10939737	0.00000010	0.00000010	0.00000010	0.24443641	0.30072168	0.45366523	0.00000010	0.19697532	0.00000010	0.27269053	0.97304058	0.00000010	0.00000010	0.00000010	0.00000010	0.00000010	0.00000010	0.00000010	0.00000010	0.09457417	0.01187289	0.55667865	0.24590822	0.00000010	0.28274184	0.00000010	0.04178559	0.16290042	0.83064425	0.00000010	0.18879414	0.29452693	0.71514916	0.52255112	0.77122128	0.34612817	0.26128721	0.46396661	0.00000010	0.00000010	0.53843862	0.00000010	0.00922042	0.00699376	0.60715044	0.00000010	0.15442936	0.69551069	0.00000010	0.52785969	0.00000010	0.71770638	0.55154371	0.00000010	0.47958875	0.00000010	0.04315479	0.59063363	0.69255340	0.14426902	0.00000010	0.00000010	0.63529724	0.00000010	0.58991504	0.29854977	0.00000010	0.00000010	0.00000010	0.42308998	0.44625062	0.41120476	0.00000010	0.00000010	0.48518878	0.00000010	0.00000010	0.06445061	0.00000010	0.12032107	0.16809368	0.00000010	0.00000010	0.15367508	0.65463334	0.00000010	0.00000010	0.00000010	0.00000010	0.00000010	0.05773965	0.77655494	0.45153624	0.01241631	0.00000010	0.62603480	0.00000010	0.00000010	0.00000010	0.36834002	0.11161741	0.00000010	0.69573331	0.00000010	0.03870648	0.00000010	0.00000010	0.88270736	0.65071577	0.05618961	0.00000010	0.07583176	0.00994891	0.33259374	0.00352405	0.65744138	0.19986008	0.00000010	0.00000010	0.13287219	0.32113183	0.00000010	1.12010360	0.04797291	0.00000010	0.32928497	0.00000010	0.44974768	0.06778675	0.23661703	0.21317425	0.69262278	0.00000010	0.15547453	0.00000010	0.61318183	0.52246141	0.00000010	0.03435289	1.02475834	0.31741112	0.00000010
chr2	178098954	driver	C	T	0.77847642	0.00000010	0.09825497	0.29301944	0.44863451	0.08463048	0.00000010	0.00000010	0.00000010	0.00000010	0.29382163	0.49876350	0.00000010	0.00000010	0.00000010	0.27063012	0.01969224	0.00000010	0.42920047	0.11116063	0.51245713	0.76659960	0.16106711	0.00000010	0.69794047	0.03348873	0.04892888	0.56332380	0.00000010	0.32571873	0.25690177	0.38846320	0.12495434	0.00000010	0.85752261	0.10941213	0.32062700	0.03258865	0.00000010	0.00000010	0.20134699	0.20616846	0.00000010	0.00000010	0.00000010	0.00000010	0.00000010	0.00000010	0.88988400	0.50871086	0.30075815	0.57416189	0.00000010	0.00000010	0.53959143	0.00000010	0.29402459	0.41888291	0.00000010	0.79694855	0.00000010	0.10771805	0.00000010	0.83260179	0.00000010	0.17788064	0.00000010	0.39375716	0.00000010	0.27508202	0.74929714	0.00000010	0.36991915	0.13347222	0.00000010	0.72007900	0.00000010	0.79651690	0.44244671	0.00000010	0.80951858	0.45099783	0.00000010	0.00000010	0.00000010	0.00000010	0.02899209	0.94060552	0.19971240	0.00000010	0.18524007	0.05169379	0.00000010	0.00000010	0.08068596	0.00000010	0.42097855	0.00000010	0.00000010	0.02976504	0.16528720	0.01348526	0.46735233	0.00000010	0.22028120	0.00000010	0.27010089	0.00000010	0.41411257	0.37480146	0.63398087	0.00000010	0.30627283	0.11111032	0.00000010	0.00000010	0.00000010	0.19568861	0.26640517	0.45936427	0.00000010	0.28563255	0.00000010	0.23223381	0.95773625	0.00000010	0.01227841	0.00000010	0.00000010	0.01047880	0.00000010	0.00000010	0.00000010	0.05067581	0.05416872	0.53347611	0.26178297	0.00000010	0.23578186	0.00000010	0.06031528	0.29767805	0.81073630	0.00000010	0.12245873	0.29626912	0.70061219	0.50044024	0.78366160	0.22979599	0.33150429	0.55320978	0.00000010	0.00000010	0.62033737	0.00000010	0.00000010	0.01782252	0.57910037	0.00000010	0.11170837	0.67061830	0.00000010	0.61841989	0.00000010	0.67105955	0.60069686	0.00000010	0.41290867	0.00000010	0.03662142	0.58671951	0.61313009	0.09828416	0.00000010	0.00000010	0.67781234	0.00000010	0.56022680	0.24240355	0.00000010	0.00000010	0.00000010	0.34527028	0.41135466	0.34244242	0.00124069	0.00000010	0.52925837	0.00000010	0.00000010	0.02405305	0.00000010	0.17104137	0.24723396	0.00000010	0.00000010	0.23772851	0.58995068	0.00000010	0.00000010	0.00000010	0.00000010	0.00000010	0.00000010	0.64304578	0.38794625	0.00000010	0.00000010	0.62584484	0.00000010	0.00000010	0.00000010	0.31248584	0.09753146	0.00000010	0.66654241	0.00000010	0.03155066	0.00000010	0.00000010	0.82926267	0.62304455	0.04976878	0.09740382	0.04424325	0.00000010	0.29256147	0.00000010	0.56072432	0.04656654	0.00000010	0.00000010	0.20819883	0.31864974	0.00000010	1.12954307	0.10235044	0.00000010	0.31609643	0.00000010	0.35484755	0.09917337	0.32623458	0.13793020	0.66292250	0.00000010	0.19320834	0.00000010	0.61626905	0.38104650	0.00000010	0.02224404	0.98734462	0.29363716	0.00000010
chr2	178098953	driver	C	G	0.67041796	0.00000010	0.07068904	0.33626634	0.49626040	0.06265846	0.01586901	0.00000010	0.00000010	0.00000010	0.25733522	0.42604482	0.00000010	0.00000010	0.00000010	0.33564845	0.05177557	0.00000010	0.65411955	0.16317670	0.59212381	0.88739145	0.12953672	0.00000010	0.62300068	0.07231262	0.08892121	0.64773858	0.00000010	0.30732933	0.33556795	0.44342142	0.12797046	0.00000010	0.84555042	0.17563495	0.26880923	0.09977846	0.00000010	0.00000010	0.37213194	0.23395702	0.00000010	0.00000010	0.00000010	0.00000010	0.00000010	0.00000010	0.83089721	0.36059809	0.19937062	0.64154798	0.00000010	0.00000010	0.47281402	0.00000010	0.24017379	0.34905136	0.00000010	0.64228022	0.00000010	0.01357525	0.00000010	0.71417344	0.00000010	0.19723034	0.00000010	0.37787947	0.00000010	0.36943734	0.78532785	0.00000010	0.35513276	0.17572087	0.01137506	0.75504345	0.00000010	0.82781339	0.37283200	0.00000010	0.71657693	0.43824643	0.00000010	0.00000010	0.00000010	0.00000010	0.06965677	0.81301874	0.19294110	0.00000010	0.05368451	0.00000010	0.00458835	0.00000010	0.07590510	0.00000010	0.44952571	0.00000010	0.00000010	0.00000010	0.12801442	0.06177080	0.38803089	0.00000010	0.22298366	0.00000010	0.31323162	0.00000010	0.38777786	0.34408742	0.74543208	0.00000010	0.31536472	0.09809662	0.00464672	0.03833203	0.00000010	0.25239977	0.22039837	0.46026596	0.00000010	0.27917102	0.00000010	0.38017800	0.88188618	0.00000010	0.03853805	0.00000010	0.00000010	0.00000010	0.00000010	0.00000010	0.00000010	0.07110858	0.00688284	0.49141425	0.28993994	0.00000010	0.24736205	0.00000010	0.00461516	0.12093519	0.76944196	0.00000010	0.12515080	0.35006511	0.82839501	0.37364951	0.87235808	0.33132267	0.28390700	0.45500410	0.00000010	0.00000010	0.53737396	0.00000010	0.07650563	0.03628092	0.65625983	0.00000010	0.13871984	0.66348267	0.00000010	0.45400000	0.00000010	0.64832306	0.57103968	0.00000010	0.38459024	0.00000010	0.03319813	0.54775000	0.60084248	0.13324925	0.00000010	0.00000010	0.73242807	0.00000010	0.56783563	0.33232862	0.00000010	0.00000010	0.00000010	0.50483257	0.38210443	0.20770293	0.00000010	0.00000010	0.44945323	0.00000010	0.00000010	0.09360160	0.00000010	0.11430591	0.18134815	0.00000010	0.00000010	0.20253997	0.55326021	0.00000010	0.00000010	0.00000010	0.00000010	0.00000010	0.00000010	0.75918835	0.55229509	0.05031794	0.00000010	0.52744412	0.00000010	0.00000010	0.00000010	0.21742469	0.13036902	0.00000010	0.57005030	0.00000010	0.02822997	0.00000010	0.00000010	0.86411107	0.59341240	0.05841587	0.00000010	0.12176917	0.00000010	0.27198982	0.00000010	0.63306022	0.14434007	0.00000010	0.00000010	0.14905035	0.43640295	0.00000010	1.13386297	0.03536182	0.00000010	0.34705177	0.00000010	0.35690585	0.07237653	0.29902640	0.22255680	0.68029857	0.00000010	0.24728584	0.00000010	0.65264970	0.55038077	0.00000010	0.06067289	0.99583846	0.29761294	0.00000010
chr2	178097235	passenage	T	C	0.32909301	0.00000010	0.11126956	0.48653352	0.41893533	0.00000010	0.00000010	0.00000010	0.00000010	0.02348742	0.04890918	0.17807338	0.00000010	0.00000010	0.00000010	0.30638474	0.07870450	0.00000010	0.19324228	0.12152699	0.74661523	0.63776064	0.08294755	0.00000010	0.30027178	0.00000010	0.00000010	0.62027007	0.02973973	0.31183177	0.12559502	0.39958084	0.00491490	0.00000010	0.30885184	0.67876178	0.14038247	0.00000010	0.00000010	0.00000010	0.26196826	0.52330917	0.00000010	0.00000010	0.00000010	0.00000010	0.00000010	0.00000010	0.53348583	0.14244454	0.27444780	0.24030358	0.00000010	0.00000010	0.19645360	0.00000010	0.37162900	0.49907315	0.01595411	0.31489548	0.00000010	0.08448735	0.00000010	0.82188952	0.00000010	0.06566978	0.00000010	0.06496929	0.00000010	0.36052674	0.55954212	0.00000010	0.10513197	0.69576836	0.00000010	0.83384407	0.00000010	0.67411768	0.57596904	0.00000010	0.13629583	0.34456429	0.00000010	0.00000010	0.00000010	0.24651155	0.01971645	0.65107453	0.28045663	0.02415253	0.15322998	0.48406145	0.00000010	0.00000010	0.00000010	0.23896030	0.36932263	0.00000010	0.00000010	0.62263560	0.15331942	0.00000010	0.49452195	0.00000010	0.39852500	0.00000010	0.40123212	0.00000010	0.45338055	0.12833507	0.71277809	0.00000010	0.73155040	0.05739365	0.04445088	0.00000010	0.00000010	0.27758780	0.04432715	0.31063792	0.00000010	0.40518194	0.00111925	0.38095722	0.78699005	0.00000010	0.13990507	0.18307954	0.00000010	0.04428232	0.00000010	0.00000010	0.00000010	0.04087995	0.00000010	0.22910102	0.16612111	0.00000010	0.28538451	0.00000010	0.00921904	0.12258109	0.37020817	0.00000010	0.13192526	0.05074369	0.66114938	0.46310073	0.81792217	0.39537594	0.00000010	0.20580301	0.00000010	0.00000010	0.17150328	0.00000010	0.03437605	0.04597842	0.17102203	0.00000010	0.09878688	0.43687737	0.00000010	0.39984977	0.10654658	0.66440612	0.60891515	0.01945146	0.76552832	0.00000010	0.00000010	0.24212044	0.26119652	0.15030867	0.00000010	0.00000010	0.57505262	0.00000010	0.54685462	0.11173300	0.00000010	0.19312960	0.00000010	0.35974362	0.12635830	0.34777492	0.01635563	0.05557637	0.17132919	0.00000010	0.00000010	0.00000010	0.00000010	0.00000010	0.06100884	0.00000010	0.00000010	0.20635806	0.64748061	0.00000010	0.00000010	0.00000010	0.00000010	0.00000010	0.13087074	0.58488411	0.04230400	0.17261133	0.00000010	0.45165470	0.00000010	0.00000010	0.00000010	0.22618610	0.73937094	0.00000010	0.89349210	0.00000010	0.01538828	0.00000010	0.00000010	0.99390674	0.71841669	0.01705534	0.00000010	0.29928488	0.00000010	0.15656132	0.00000010	0.79863554	0.01767846	0.00000010	0.00000010	0.00000010	0.19026132	0.00000010	0.84346724	0.05732924	0.00000010	0.50749713	0.00000010	0.11698312	0.07270149	0.00000010	0.24793363	0.62836951	0.00000010	0.44732723	0.09849366	0.38810334	0.46148977	0.00000010	0.04618039	0.74878526	0.00384203	0.00000010
chr1	115256530	driver	G	T	0.72058803	0.00000010	0.00000010	0.31422788	0.42422068	0.02931923	0.15562716	0.00000010	0.00000010	0.00000010	0.41388559	0.37938628	0.01382171	0.00000010	0.00000010	0.38908333	0.01521531	0.00000010	0.26890269	0.03576343	0.64249408	1.00165558	0.00000010	0.09611075	0.20667514	0.02430387	0.38179311	0.61316752	0.00000010	0.35196573	0.23369926	0.36079472	0.14842580	0.00000010	0.67979270	0.34932369	0.10410167	0.27898487	0.00000010	0.00000010	0.39921248	0.00000010	0.00000010	0.00000010	0.00000010	0.00000010	0.00000010	0.04437274	0.60690725	0.57165247	0.38831544	0.28567192	0.00000010	0.00000010	0.45927379	0.02904991	0.37514648	0.50725561	0.00000010	0.65165728	0.00000010	0.36484963	0.00000010	0.74528480	0.09163399	0.00000010	0.00000010	0.36788958	0.10781129	0.39653206	0.54054767	0.00000010	0.19235384	0.59874862	0.00000010	0.92500782	0.00000010	1.05166817	0.34541181	0.00000010	0.66162235	0.63287002	0.02778242	0.00000010	0.00000010	0.00000010	0.30925795	0.93464357	0.10369121	0.00000010	0.14513211	0.29864115	0.05803820	0.00000010	0.16437772	0.02413236	0.53442520	0.00000010	0.00000010	0.54732984	0.23212895	0.00000010	0.49262273	0.05362064	0.51867115	0.00000010	0.15539920	0.00000010	0.30460435	0.41613108	0.85165745	0.00000010	0.61066622	0.24894503	0.05431919	0.00000010	0.00000010	0.09976523	0.18967918	0.36311907	0.00000010	0.39847499	0.00000010	0.08737569	0.57694727	0.00000010	0.00000010	0.11481246	0.00000010	0.00000010	0.00000010	0.00000010	0.05077479	0.05125765	0.00000010	0.12284476	0.42812783	0.00000010	0.12290198	0.00000010	0.00000010	0.00000010	0.39385766	0.00000010	0.00000010	0.51771057	0.78659129	0.30939957	0.98280632	0.37940603	0.23259316	0.20747338	0.00000010	0.00000010	0.17690828	0.00000010	0.07133034	0.25087598	0.65574801	0.00000010	0.07829586	0.36548641	0.00000010	0.18252376	0.00000010	0.49399596	0.49996638	0.00000010	0.48078257	0.00000010	0.00000010	0.46854293	0.42417437	0.17137694	0.00000010	0.00000010	0.58117026	0.00000010	0.36037329	0.29090551	0.00000010	0.14226672	0.00000010	0.56557167	0.23584919	0.43605018	0.00000010	0.00000010	0.25575718	0.00000010	0.00000010	0.03347542	0.00000010	0.05297844	0.14195558	0.00000010	0.00000010	0.10196907	0.45061201	0.01016154	0.00000010	0.00000010	0.00000010	0.00000010	0.55870986	0.85252202	0.62824053	0.00000010	0.00000010	0.64286762	0.00000010	0.00000010	0.05872767	0.51308286	0.33520725	0.00000010	0.42427689	0.00000010	0.00000010	0.00000010	0.00000010	0.61389107	1.27133763	0.27501318	0.23273361	0.35202184	0.01183157	0.10182877	0.00000010	0.61794078	0.15933873	0.09027272	0.00000010	0.13437654	0.42625111	0.00000010	1.00929403	0.18961325	0.00000010	0.46347210	0.00000010	0.15864640	0.14816406	0.18877217	0.10996371	1.01624763	0.18560806	0.62717706	0.00000010	0.42206559	0.39924619	0.00000010	0.00000010	0.86084616	0.20011663	0.00000010
chr1	115258747	driver	C	G	0.33856353	0.00000010	0.09785985	0.43420208	0.36365557	0.02948434	0.00000010	0.00000010	0.00519005	0.11178526	0.02317658	0.25015831	0.00000010	0.00000010	0.00000010	0.33022416	0.05594778	0.00000010	0.66194898	0.27988371	0.83439595	0.93151259	0.00000010	0.08330625	0.09268587	0.00000010	0.51145864	0.72656012	0.00000010	0.30861321	0.20692483	0.61162680	0.06947002	0.00000010	0.60481721	0.41539872	0.19814870	0.87581944	0.00000010	0.22629687	0.62486601	0.34255379	0.00000010	0.00000010	0.00000010	0.00000010	0.00000010	0.00000010	0.46149457	0.49127635	0.84461099	0.13473457	0.00000010	0.00000010	0.20955780	0.00000010	0.34044957	0.29925007	0.00000010	0.21037316	0.00000010	0.55383736	0.00000010	0.52635896	0.11286523	0.05683462	0.00000010	0.77573574	0.02976065	0.00000010	0.41373539	0.21304779	0.05148527	0.73748207	0.00000010	1.08471322	0.00000010	0.82556534	0.64116287	0.00000010	0.30453634	0.53543746	0.00000010	0.00000010	0.01514585	0.00000010	0.64778829	1.58316123	0.00000010	0.00000010	0.13683935	0.28613621	0.00000010	0.00000010	0.00000010	0.04416889	0.39911669	0.00000010	0.00000010	0.30182675	0.06322580	0.07493684	0.54449689	0.00000010	0.72931558	0.00000010	0.26304242	0.00000010	0.20863134	0.67593664	0.85923970	0.00000010	0.68781066	0.42110404	0.00000010	0.02444789	0.00000010	0.07725395	0.05837602	0.53740978	0.00000010	0.14588255	0.00000010	0.01441683	0.86136818	0.00000010	0.04921057	0.01969894	0.09905946	0.11253583	0.00000010	0.00000010	0.00000010	0.00000010	0.00000010	0.24734104	0.49944741	0.00000010	0.12674537	0.00000010	0.00000010	0.09532844	0.49641314	0.00000010	0.02607007	0.49210888	0.97061825	0.27421874	0.67996478	0.16288000	0.00961112	0.38637912	0.00000010	0.00000010	0.38475555	0.00000010	0.00723614	0.40243042	0.56417108	0.00000010	0.02562286	0.42781326	0.00000010	0.29822910	0.00000010	0.61076307	0.84983313	0.00000010	0.70279253	0.00000010	0.00000010	0.25796944	0.18449995	0.28041124	0.00000010	0.00000010	0.38078308	0.00000010	0.72367787	0.33494443	0.00000010	0.21165130	0.00000010	0.59325004	0.11983024	0.51880538	0.00000010	0.00000010	0.24835569	0.00000010	0.00000010	0.09873497	0.00000010	0.15244997	0.12047711	0.00000010	0.02123294	0.23696616	0.69350713	0.00000010	0.03139285	0.00000010	0.00000010	0.00000010	0.02195585	0.74993199	0.41302004	0.00000010	0.00000010	0.41858929	0.00000010	0.00000010	0.00000010	0.11505553	0.43858069	0.00000010	0.57345003	0.00000010	0.03202829	0.00000010	0.00000010	1.11335754	1.47472727	0.28563493	0.00000010	0.16943750	0.11428314	0.20840821	0.00000010	1.05029225	0.02912169	0.00000010	0.00000010	0.12957874	0.51250696	0.00000010	1.01945138	0.07064193	0.00000010	0.58503526	0.16027755	0.00000010	0.38883293	0.00000010	0.17615102	1.39067650	0.00000010	0.49385962	0.00000010	0.16582252	0.38819578	0.00000010	0.00000010	0.46866700	0.44591147	0.00000010
chr1	115256521	passenage	A	C	0.62844408	0.00000010	0.04335811	0.15919356	0.41129267	0.02854623	0.07416420	0.00000010	0.00000010	0.00000010	0.66721898	0.39626306	0.00000010	0.00000010	0.00000010	0.43146971	0.03732685	0.00000010	0.28437075	0.04950307	0.68232691	0.99025345	0.00000010	0.04408731	0.34599888	0.00000010	0.31418976	0.75793195	0.00000010	0.33565524	0.22194956	0.48392880	0.31242239	0.00000010	0.67952603	0.31829011	0.06154674	0.22396237	0.00000010	0.00000010	0.43694112	0.05106770	0.00000010	0.00000010	0.00000010	0.00000010	0.00000010	0.00000010	0.60289836	0.60422432	0.32649764	0.08397879	0.00000010	0.01346621	0.44958270	0.00000010	0.35345975	0.41262984	0.00000010	0.79970193	0.00000010	0.34904930	0.00000010	0.76870906	0.01608117	0.13964386	0.00000010	0.32685345	0.04921854	0.39242783	0.74734491	0.00000010	0.20260905	0.64795518	0.00000010	0.86750424	0.00000010	0.94838160	0.21580222	0.00000010	0.61865705	0.64208657	0.02636707	0.00000010	0.00000010	0.00000010	0.24366347	0.95964515	0.00000010	0.00000010	0.27819297	0.28927493	0.03456725	0.00000010	0.07126704	0.02575761	0.55303621	0.00000010	0.00000010	0.45172125	0.20208181	0.00000010	0.45540708	0.00000010	0.48419553	0.00000010	0.22083387	0.00000010	0.44601494	0.48489875	0.80159962	0.00000010	0.82567322	0.33988374	0.04954888	0.00000010	0.00000010	0.00774804	0.23422019	0.48892438	0.00000010	0.51382458	0.00000010	0.19071762	0.44812337	0.00000010	0.00000010	0.15949385	0.00000010	0.00000010	0.00000010	0.00000010	0.02449562	0.07842471	0.00000010	0.31788433	0.57298744	0.00000010	0.05428272	0.00000010	0.00000010	0.00000010	0.29887095	0.00000010	0.15715849	0.36957780	0.86973995	0.33637887	1.03462589	0.37514463	0.12319568	0.26953927	0.00000010	0.00000010	0.07873157	0.00000010	0.07796000	0.18612751	0.56473285	0.00000010	0.07624786	0.39467415	0.00000010	0.17552616	0.00000010	0.43876135	0.63847262	0.00000010	0.42366767	0.06869560	0.00000010	0.41899413	0.35760066	0.19652003	0.00000010	0.00000010	0.64005291	0.00000010	0.37858382	0.40290058	0.00000010	0.08854029	0.00000010	0.56947052	0.13851634	0.32926294	0.00000010	0.00000010	0.18757267	0.00000010	0.00000010	0.02186223	0.00000010	0.08662458	0.21370549	0.00000010	0.00000010	0.07203504	0.60898912	0.00000010	0.00000010	0.00000010	0.00000010	0.00000010	0.51055467	0.88103449	0.32197452	0.00000010	0.00000010	0.64810038	0.00000010	0.00000010	0.07780258	0.49071479	0.41685033	0.00000010	0.33633262	0.00000010	0.00000010	0.00000010	0.00000010	0.58189529	1.22820139	0.18682960	0.16728720	0.38303265	0.00000010	0.14338057	0.00000010	0.64174247	0.09672356	0.06557781	0.00000010	0.12085739	0.55694056	0.00000010	1.10125649	0.18205291	0.00000010	0.37228075	0.00000010	0.19462827	0.08359259	0.09425667	0.19648764	1.02187753	0.15892604	0.59719551	0.00000010	0.43512541	0.37866065	0.00000010	0.00000010	0.74083477	0.20468086	0.00000010
chr1	115256529	driver	T	C	0.79531705	0.00000010	0.00000010	0.19401892	0.48368806	0.07379727	0.11041205	0.00000010	0.00000010	0.00000010	0.52017140	0.41250443	0.00000010	0.00000010	0.00000010	0.47437346	0.10894383	0.00000010	0.44446400	0.13873149	0.62820196	1.12245190	0.00000010	0.05913736	0.25432518	0.00000010	0.38425440	0.68421412	0.00000010	0.35458881	0.12394401	0.39373496	0.21698657	0.00000010	0.75165135	0.41480097	0.07567832	0.27160367	0.00000010	0.00000010	0.47182491	0.00855672	0.00000010	0.00000010	0.00000010	0.00000010	0.00000010	0.00000010	0.55941921	0.66602635	0.40959311	0.17866027	0.00000010	0.00000010	0.58774376	0.04828014	0.43398863	0.42174879	0.00000010	0.64728963	0.00000010	0.47905627	0.00000010	0.65237379	0.17539963	0.00000010	0.00000010	0.39869848	0.08023442	0.42199033	0.52328718	0.00000010	0.14515939	0.64525729	0.00000010	0.93384993	0.00000010	1.03159690	0.37115657	0.00000010	0.74307472	0.61095715	0.02699567	0.00000010	0.00000010	0.00000010	0.26770380	1.06429148	0.04906537	0.00000010	0.06650196	0.30796379	0.07908957	0.00000010	0.04037995	0.03072298	0.57664740	0.00000010	0.00000010	0.59288597	0.23028532	0.00000010	0.56176579	0.00000010	0.60216653	0.00000010	0.17976102	0.00000010	0.29890692	0.45890567	0.83836198	0.00000010	0.67104465	0.30319291	0.08855529	0.00000010	0.00000010	0.06092115	0.09485580	0.44071919	0.00000010	0.51759923	0.00000010	0.08489963	0.55673027	0.00000010	0.00000010	0.06423734	0.00000010	0.00000010	0.00000010	0.00000010	0.05104240	0.10453936	0.00000010	0.14789328	0.52731705	0.00000010	0.12734480	0.00000010	0.00000010	0.00000010	0.44025597	0.00000010	0.00000010	0.54387903	0.91954094	0.29007667	1.03436792	0.27351299	0.16360903	0.31358510	0.00000010	0.00000010	0.20115632	0.00000010	0.05868874	0.26791677	0.58780676	0.00000010	0.00273644	0.39228770	0.00000010	0.19732419	0.00000010	0.49415731	0.39271754	0.00000010	0.55054617	0.00000010	0.00000010	0.61499602	0.35659185	0.21102242	0.02112067	0.00000010	0.62047672	0.00000010	0.41966194	0.34580579	0.00000010	0.12664357	0.00000010	0.58167404	0.25332874	0.42130709	0.00000010	0.00000010	0.27000636	0.00000010	0.00000010	0.02494437	0.00000010	0.06959482	0.19240484	0.00000010	0.00000010	0.17478037	0.46825689	0.00000010	0.00000010	0.00000010	0.00000010	0.00000010	0.50075519	1.00702560	0.62022656	0.00000010	0.00000010	0.61296219	0.00000010	0.00000010	0.01181711	0.46461427	0.36114085	0.00000010	0.38947248	0.00000010	0.01738821	0.00000010	0.00000010	0.65083265	1.36617637	0.26687500	0.21972638	0.42301047	0.02225655	0.10970245	0.00000010	0.67439139	0.14874229	0.07360594	0.00000010	0.18504336	0.53125733	0.00812316	1.11323500	0.09212559	0.00000010	0.43699178	0.00000010	0.10217257	0.20601401	0.13649844	0.06747593	1.10631132	0.14372455	0.76047289	0.00000010	0.40048128	0.25583649	0.00000010	0.00000010	0.82295829	0.27581614	0.00000010
chr1	115258748	driver	C	A	0.33937493	0.00000010	0.17578462	0.39610672	0.39895171	0.00000010	0.00000010	0.00000010	0.00000010	0.03308582	0.00724249	0.23159516	0.00000010	0.00000010	0.00000010	0.26968962	0.05248711	0.00000010	0.60437411	0.39774990	0.76089621	0.93717384	0.00000010	0.09289560	0.03014779	0.00000010	0.48386660	0.75006986	0.00000010	0.30676574	0.17714381	0.62252641	0.06445019	0.00000010	0.59291458	0.31265193	0.14705387	0.66968405	0.00000010	0.04806242	0.70203954	0.48413983	0.00000010	0.00000010	0.00000010	0.00000010	0.00000010	0.00000010	0.44235319	0.51088053	0.71545261	0.10096276	0.00000010	0.00000010	0.21877514	0.00000010	0.34277335	0.23708798	0.00000010	0.21960923	0.00000010	0.46955329	0.00000010	0.48273006	0.07836358	0.14974581	0.00000010	0.63422430	0.03113524	0.00000010	0.37333637	0.00000010	0.11448909	0.69767821	0.00000010	1.03778839	0.00000010	0.79621893	0.62242854	0.00000010	0.23943475	0.44308490	0.00000010	0.00000010	0.00000010	0.00000010	0.52120066	1.46362698	0.00000010	0.00086121	0.16754475	0.24949017	0.00000010	0.00000010	0.00000010	0.08688246	0.37042496	0.00000010	0.00000010	0.28925732	0.06413191	0.04293840	0.46853918	0.00000010	0.68864512	0.00000010	0.32927522	0.00000010	0.23687573	0.59365964	0.87232161	0.00000010	0.73806262	0.47108054	0.00638955	0.00512002	0.00000010	0.07514355	0.03024825	0.48302707	0.00000010	0.13217649	0.00000010	0.00968157	0.88961482	0.00000010	0.05788789	0.00000010	0.07614310	0.19872963	0.00000010	0.00000010	0.00000010	0.00000010	0.00000010	0.27085283	0.49314183	0.00000010	0.10506357	0.00000010	0.00000010	0.11306896	0.51082557	0.00000010	0.00000010	0.48262411	0.92570961	0.37276909	0.78167152	0.17229226	0.00000010	0.40793821	0.00000010	0.00000010	0.29912239	0.00000010	0.02211044	0.32953012	0.60764295	0.00000010	0.03732834	0.44921213	0.00000010	0.27877650	0.00000010	0.60411507	0.85397494	0.00000010	0.75810993	0.00000010	0.00000010	0.30121943	0.21219471	0.21789688	0.00000010	0.00000010	0.37084019	0.00000010	0.74069917	0.35117590	0.00000010	0.16641274	0.00000010	0.63897312	0.08842561	0.46499896	0.00000010	0.00000010	0.23510712	0.00000010	0.00000010	0.11109197	0.00000010	0.00000010	0.11628149	0.00000010	0.00000010	0.13765258	0.74222362	0.00000010	0.00000010	0.00000010	0.00760289	0.00000010	0.00000010	0.73849267	0.40053111	0.00000010	0.00000010	0.42393440	0.00000010	0.00000010	0.00000010	0.15979752	0.41489255	0.00000010	0.63587356	0.00000010	0.00000010	0.00000010	0.00000010	1.16563261	1.39255798	0.30815542	0.00000010	0.19408266	0.11241480	0.23352781	0.00000010	1.05684042	0.06841285	0.00000010	0.00000010	0.05762132	0.53863752	0.00000010	0.99344158	0.07345310	0.00000010	0.57086986	0.04177614	0.09600657	0.40777439	0.00000010	0.22169477	1.17284250	0.00000010	0.54453397	0.00000010	0.17425361	0.36480650	0.01435245	0.00000010	0.48474234	0.38478887	0.00000010
chr1	115256528	driver	T	G	0.81982368	0.00000010	0.00777999	0.26451167	0.46904695	0.06418868	0.19122878	0.00000010	0.00000010	0.01601250	0.56009990	0.41037393	0.00000010	0.00000010	0.00000010	0.38003331	0.11365142	0.00000010	0.34051514	0.16497326	0.66883183	1.14212286	0.00000010	0.06882505	0.33778864	0.01088461	0.38241604	0.73857999	0.00000010	0.36991501	0.26290265	0.35346127	0.25913450	0.00000010	0.73630965	0.39361924	0.05760702	0.24493620	0.00000010	0.00000010	0.46284139	0.12078014	0.00000010	0.00000010	0.00000010	0.00000010	0.00000010	0.00000010	0.65293384	0.62606955	0.46740055	0.16881865	0.00000010	0.00000010	0.55770171	0.01660702	0.46754640	0.39846265	0.00000010	0.64431924	0.00000010	0.32814655	0.00000010	0.61162972	0.09312106	0.08109223	0.00000010	0.40670064	0.06544545	0.40539032	0.58843911	0.00000010	0.23009948	0.61390412	0.00000010	0.95253122	0.00000010	1.05969930	0.31481928	0.00000010	0.66994715	0.59823501	0.03579932	0.00000010	0.00000010	0.00000010	0.28635406	0.90413344	0.00000010	0.00000010	0.13759780	0.27027193	0.03839416	0.00000010	0.06920790	0.00436550	0.58383673	0.00000010	0.00000010	0.49149191	0.18880257	0.00000010	0.50065970	0.00000010	0.58204871	0.00000010	0.18981779	0.00000010	0.31515598	0.45695445	0.86330575	0.00000010	0.61458391	0.26922354	0.07559133	0.00000010	0.00000010	0.05326677	0.21532212	0.34292340	0.00000010	0.51930785	0.00000010	0.06238448	0.63613993	0.00000010	0.00000010	0.08911960	0.00000010	0.00000010	0.00000010	0.00000010	0.08368412	0.13117315	0.00000010	0.14013040	0.44203550	0.00000010	0.24787605	0.00000010	0.00000010	0.00000010	0.36923155	0.00000010	0.00000010	0.48338801	0.88023055	0.24748316	1.07500386	0.28111368	0.12881698	0.25703534	0.00000010	0.00000010	0.11508077	0.00000010	0.05855913	0.28173950	0.55892313	0.00000010	0.07688046	0.43430969	0.00000010	0.23194015	0.00000010	0.52526510	0.47984374	0.00000010	0.44088313	0.00000010	0.00000010	0.58815086	0.36017051	0.25618756	0.00000010	0.00000010	0.63473022	0.00000010	0.39155975	0.33322245	0.00000010	0.10322507	0.00000010	0.62694257	0.24115503	0.37055582	0.00000010	0.00000010	0.34720823	0.00000010	0.00000010	0.00000010	0.00000010	0.09252478	0.19432159	0.00000010	0.00000010	0.14947489	0.57391286	0.00000010	0.00000010	0.00000010	0.00000010	0.00000010	0.41601631	0.97744310	0.65979761	0.00000010	0.00000010	0.58612567	0.00000010	0.00000010	0.06588720	0.35638851	0.41089094	0.00000010	0.41164273	0.00000010	0.00000010	0.00000010	0.00000010	0.60371000	1.33747578	0.25782058	0.28783351	0.35883975	0.02279430	0.12100726	0.00000010	0.66038603	0.12603986	0.02418441	0.01000784	0.22883943	0.42891583	0.00000010	1.10555685	0.15813424	0.00000010	0.36821800	0.00000010	0.21772966	0.16647516	0.02605876	0.07342201	1.19323778	0.15104620	0.71696639	0.00000010	0.47380671	0.25741854	0.00000010	0.00000010	0.81956434	0.23462063	0.00000010
chr1	115256529	driver	T	A	0.79797274	0.00000010	0.00797269	0.27014703	0.43151596	0.03154082	0.16669592	0.00000010	0.00000010	0.00000010	0.56410968	0.45624962	0.00000010	0.00000010	0.00000010	0.32553762	0.07481486	0.00000010	0.35175300	0.15495442	0.73326987	1.08001471	0.00000010	0.06514107	0.22666042	0.00000010	0.36575133	0.66570926	0.00000010	0.35441750	0.15556338	0.37577850	0.08949929	0.00000010	0.64814985	0.36434203	0.14685991	0.30623624	0.00000010	0.00000010	0.47366750	0.06248057	0.00000010	0.00000010	0.00000010	0.00000010	0.00000010	0.00000010	0.57796437	0.73261583	0.51850772	0.05747186	0.00000010	0.00000010	0.46565425	0.00000010	0.38417166	0.44525820	0.00000010	0.64970368	0.00000010	0.34485403	0.00000010	0.62848389	0.14687137	0.01793093	0.00000010	0.45734715	0.08012696	0.42844239	0.62935716	0.00000010	0.08047112	0.64554352	0.00000010	0.95419848	0.00000010	0.98013043	0.44012195	0.00000010	0.75579232	0.62899172	0.00000010	0.00000010	0.00000010	0.00000010	0.35185778	1.09666693	0.00000010	0.00000010	0.15057357	0.30485812	0.09863549	0.00000010	0.14586908	0.03338277	0.54754496	0.00000010	0.00000010	0.44807479	0.26285270	0.00000010	0.44468573	0.00000010	0.59544599	0.00000010	0.13054799	0.00000010	0.30779821	0.48218626	0.81568289	0.00000010	0.61603159	0.18885401	0.06672299	0.00000010	0.00000010	0.07073674	0.13709092	0.41255039	0.00000010	0.43757465	0.00000010	0.11871287	0.58738828	0.00000010	0.00000010	0.09365844	0.00000010	0.00000010	0.00000010	0.00000010	0.02633005	0.12978110	0.00000010	0.07355104	0.50699288	0.00000010	0.18627918	0.00000010	0.00000010	0.00000010	0.31090805	0.00000010	0.04239123	0.51933527	0.91054034	0.28118730	0.99651468	0.27272114	0.19074789	0.27894151	0.00000010	0.00000010	0.15562348	0.00000010	0.03511092	0.30084836	0.63800901	0.00000010	0.07248958	0.43622920	0.00000010	0.21850353	0.00000010	0.47078288	0.45519042	0.00000010	0.42723164	0.00000010	0.00000010	0.59996140	0.32048711	0.24430943	0.06350331	0.00000010	0.49318272	0.00000010	0.38553345	0.39446458	0.00000010	0.13290471	0.00000010	0.64452851	0.17768697	0.30079293	0.00000010	0.00000010	0.30720034	0.00000010	0.00000010	0.00000010	0.00000010	0.05191922	0.29483059	0.00000010	0.00000010	0.14695920	0.52644867	0.00000010	0.04093415	0.00000010	0.00000010	0.00000010	0.52022642	0.92866480	0.61330450	0.00000010	0.00000010	0.63914335	0.00000010	0.00000010	0.00000010	0.43193418	0.42496806	0.00000010	0.47259921	0.00000010	0.00894895	0.00000010	0.00000010	0.58736753	1.49015975	0.29197887	0.21698689	0.38642627	0.00615158	0.11878879	0.00000010	0.59683794	0.10586919	0.05418733	0.00000010	0.19682580	0.45343605	0.00000010	1.06009984	0.09226597	0.00000010	0.41281372	0.00000010	0.23834866	0.19146092	0.07901802	0.09834607	1.16996241	0.09424543	0.81053412	0.00000010	0.39304695	0.30690593	0.00000010	0.00000010	0.70004100	0.25069934	0.00000010
chr3	138374301	driver	G	A	0.48491436	0.00000010	0.00000010	0.32669973	0.47532088	0.00000010	0.00687464	0.00000010	0.00000010	0.04411292	0.30830806	0.26563978	0.00000010	0.00000010	0.00000010	0.79128605	0.00000010	0.00000010	0.22643621	0.00000010	0.80215764	0.85185355	0.00000010	0.00000010	0.49389234	0.00000010	0.12072923	0.77939260	0.00000010	0.32295305	0.44979948	0.44396311	0.41755325	0.00000010	0.69859040	0.42113453	0.05559432	0.43955341	0.00000010	0.00000010	0.50924599	0.00417440	0.00000010	0.00000010	0.00000010	0.00000010	0.00000010	0.00000010	0.57074571	0.31291309	0.60969388	0.12047553	0.00000010	0.00000010	0.43492541	0.00000010	0.21956745	0.50158268	0.00000010	0.33022642	0.00000010	0.48399740	0.00000010	0.84657514	0.11487268	0.28541544	0.00000010	0.34839720	0.00000010	0.31100756	0.51040828	0.00000010	0.17410383	0.41712999	0.00000010	0.93201983	0.00000010	0.57328147	0.66859162	0.00000010	0.40270376	0.51567268	0.00000010	0.00000010	0.01818640	0.00000010	0.34772119	1.05947328	0.14638416	0.00000010	0.24339026	0.29430220	0.00000010	0.00000010	0.01743596	0.06533830	0.19972828	0.00000010	0.00000010	0.47260246	0.13524817	0.05821015	0.35284865	0.00000010	0.53842139	0.00000010	0.35725307	0.00000010	0.66431987	0.40607357	0.86424261	0.00000010	0.71503139	0.46601075	0.02386136	0.00000010	0.00000010	0.19063753	0.11185229	0.75749326	0.00000010	0.18021241	0.00000010	0.15201069	0.54042125	0.00000010	0.00000010	0.30412140	0.18014976	0.12426757	0.00000010	0.00000010	0.00000010	0.06907379	0.00000010	0.31000206	0.31104210	0.00000010	0.12397625	0.00000010	0.00000010	0.08382597	0.38477936	0.00000010	0.03836005	0.49144956	0.92670047	0.32190102	0.97438490	0.31499466	0.34770772	0.42657721	0.00000010	0.00000010	0.51556504	0.00000010	0.00000010	0.27522570	0.55959451	0.00000010	0.00000010	0.53235704	0.00000010	0.50098681	0.08548539	0.51638556	0.96121752	0.01963628	0.75993335	0.00000010	0.07361752	0.35289764	0.49304664	0.24372733	0.00000010	0.00000010	0.70247710	0.00000010	0.64994538	0.37951079	0.00000010	0.20133345	0.00000010	0.21269941	0.36886200	0.54215324	0.00000010	0.00000010	0.26677155	0.00000010	0.00000010	0.00000010	0.00000010	0.00000010	0.00000010	0.00000010	0.15642548	0.15924621	0.52375895	0.00000010	0.00000010	0.00000010	0.00000010	0.00000010	0.39418310	1.02464402	0.28127107	0.00000010	0.00000010	0.58104700	0.00000010	0.00000010	0.00000010	0.43751818	0.50367373	0.00000010	0.63997149	0.00000010	0.04625820	0.00000010	0.00000010	0.61690819	1.27542448	0.10819390	0.00000010	0.33209804	0.00000010	0.02843254	0.00000010	0.59967393	0.03983184	0.00000010	0.00000010	0.00000010	0.41324148	0.00000010	0.90429395	0.21792895	0.00000010	0.31692952	0.00000010	0.52455163	0.18930094	0.00000010	0.25194985	1.03199613	0.00000010	0.36556119	0.01307494	0.37064189	0.44195896	0.00000010	0.00000010	0.92835164	0.25356308	0.00000010
chr3	138413742	passenage	G	A	0.59633249	0.00000010	0.00000010	0.26651025	0.47480482	0.03796231	0.08337368	0.00000010	0.00000010	0.01443458	0.24932814	0.27889767	0.00000010	0.00000010	0.00000010	0.33935687	0.00000010	0.00000010	0.29693520	0.32367191	0.80210012	1.10113990	0.00000010	0.00000010	0.55451953	0.00000010	0.20607564	0.90321684	0.00000010	0.35468876	0.25427589	0.64013571	0.39846426	0.00000010	0.51470888	0.55422997	0.10094318	0.42822781	0.00000010	0.00000010	0.72924626	0.14886290	0.00000010	0.00000010	0.00000010	0.00000010	0.00000010	0.00000010	0.59980631	0.24920774	0.54530889	0.27354398	0.00000010	0.00000010	0.45393455	0.00000010	0.25147063	0.42232877	0.00000010	0.48853785	0.00000010	0.55936801	0.00000010	0.75983620	0.01289250	0.24646069	0.00000010	0.47391474	0.00051876	0.19902754	0.22090790	0.07092540	0.00785592	0.66666442	0.00000010	1.05376518	0.00000010	1.06684732	0.54261070	0.00000010	0.60652977	0.36785585	0.00000010	0.00000010	0.22379899	0.00000010	0.49239835	1.44455647	0.06796308	0.00000010	0.28586429	0.02930124	0.00000010	0.00000010	0.00000010	0.02292664	0.59288102	0.00000010	0.00000010	0.60562420	0.13112538	0.00000010	0.43693882	0.00000010	0.68361449	0.00000010	0.43181920	0.00000010	0.20202932	0.48418778	0.88201201	0.00000010	0.83966851	0.37850943	0.00000010	0.00000010	0.00000010	0.44934392	0.22385512	0.73257506	0.00000010	0.03714428	0.00566209	0.28056693	0.52210563	0.00000010	0.01450039	0.02268623	0.00000010	0.07135347	0.00000010	0.00000010	0.00000010	0.06277239	0.00000010	0.25657907	0.57706147	0.00000010	0.01141351	0.00000010	0.00000010	0.10291083	0.45677903	0.00000010	0.03223237	0.60495800	0.99701118	0.02472698	1.07722199	0.26352653	0.18722932	0.32602766	0.00000010	0.00000010	0.34189835	0.00000010	0.11138319	0.14441299	0.63930202	0.00000010	0.00000010	0.65445828	0.00000010	0.58127916	0.00000010	0.38669270	0.65166426	0.12645587	0.49527770	0.00000010	0.00000010	0.60004592	0.37752500	0.22858852	0.00000010	0.00000010	0.71657664	0.00000010	0.81869531	0.43215406	0.00000010	0.07601457	0.00000010	0.62946332	0.07475591	0.42554581	0.00000010	0.00000010	0.23376530	0.00000010	0.00000010	0.11382774	0.00000010	0.00000010	0.00000010	0.00000010	0.00000010	0.30062217	0.34880668	0.00000010	0.00000010	0.00000010	0.00000010	0.00000010	0.44984901	0.83278257	0.22657740	0.00000010	0.00000010	0.39499709	0.00000010	0.00000010	0.00000010	0.32579058	0.62939763	0.00000010	0.63574588	0.00000010	0.04846847	0.00000010	0.00000010	0.70975953	1.39375472	0.05017540	0.00000010	0.37106124	0.02399471	0.27213573	0.09768969	0.84237456	0.15089110	0.00000010	0.00000010	0.13536829	0.38831556	0.00000010	0.95885003	0.09631626	0.00000010	0.23771331	0.00000010	0.66698658	0.09252018	0.06245757	0.20293470	1.31479096	0.00000010	0.45944995	0.00000010	0.36772653	0.29731712	0.00000010	0.03582923	0.95035505	0.24719581	0.00000010
chr3	138426040	passenage	C	G	0.62628520	0.00000010	0.05583102	0.45324230	0.30296358	0.00000010	0.00000010	0.38644642	0.00000010	0.00000010	0.09366637	0.43850356	0.00000010	0.00000010	0.00000010	0.14707673	0.05821091	0.00000010	0.30332929	0.22531269	0.38283500	0.63984698	0.08811590	0.06175250	0.39486629	0.00982565	0.35797340	0.24534592	0.00000010	0.27541888	0.19975930	0.46374461	0.00000010	0.00000010	0.59130013	0.10009405	0.39389569	0.67537290	0.00000010	0.00000010	0.56652164	0.33379248	0.00000010	0.00000010	0.10529621	0.00000010	0.00000010	0.00000010	0.50916386	0.63075113	0.53654915	0.47461301	0.00000010	0.00784924	0.10730815	0.00000010	0.02614601	0.32904831	0.00000010	0.34208640	0.00000010	0.16756785	0.00000010	0.82127690	0.29173762	0.27726263	0.20813537	0.43400815	0.00000010	0.45575505	0.45800126	0.00000010	0.47424918	0.30765602	0.03545704	0.63832891	0.00000010	0.56682885	0.33565071	0.00000010	0.42393425	0.27461743	0.00000010	0.00000010	0.05121254	0.06692512	0.51240301	0.85802084	0.18389174	0.00000010	0.24408832	0.69621402	0.00000010	0.00000010	0.00000010	0.00000010	0.21247984	0.00000010	0.00000010	0.14232805	0.21461618	0.08896231	0.29288605	0.00000010	0.31514952	0.00000010	0.35389385	0.03078203	0.27936304	0.32488847	0.81122601	0.00000010	0.40860319	0.18273008	0.04685492	0.00000010	0.00000010	0.10634655	0.22465172	0.48455143	0.00000010	0.46624410	0.00000010	0.37584832	0.82155555	0.00000010	0.00000010	0.23716679	0.05038093	0.28368211	0.03199170	0.00000010	0.00000010	0.00000010	0.00000010	0.13325176	0.21410260	0.00000010	0.04550834	0.00000010	0.01705918	0.15789005	0.43936774	0.00000010	0.10958215	0.11819459	0.40110472	0.30415931	0.53621477	0.55580217	0.15951745	0.45590150	0.00000010	0.00000010	0.54305774	0.00000010	0.00000010	0.12366287	0.34192228	0.08982938	0.04684442	0.39907479	0.00000010	0.10782444	0.24362050	0.49668965	0.76048225	0.00000010	0.62839741	0.00000010	0.22545600	0.07577692	0.52317989	0.16224784	0.00000010	0.00000010	0.22933593	0.00000010	0.44895393	0.22286212	0.01425474	0.21642917	0.02673270	0.34968239	0.09163535	0.48241359	0.13005689	0.00000010	0.40820605	0.00000010	0.00000010	0.00000010	0.00000010	0.00000010	0.07755624	0.00000010	0.19168733	0.16870402	0.65311700	0.30212590	0.00122533	0.00000010	0.00000010	0.00000010	0.17110613	0.58152997	0.00000010	0.00000010	0.00000010	0.64637196	0.00000010	0.00000010	0.00000010	0.41772598	0.28179148	0.00000010	0.77780432	0.00000010	0.17924751	0.05512771	0.00000010	0.80886877	0.72064948	0.16195789	0.04694935	0.03414989	0.00000010	0.09639054	0.08448555	0.57801914	0.10512107	0.00000010	0.00000010	0.19875781	0.50976467	0.00000010	0.84452820	0.25364417	0.00000010	0.62950397	0.06422304	0.26568124	0.17978607	0.29760948	0.16273931	0.50931638	0.00000010	0.26592568	0.00000010	0.20570730	0.30950496	0.00000010	0.04222702	0.57567400	0.22278439	0.00000010
chr7	124510993	driver	C	A	0.14387605	0.15542412	0.02153915	0.47813892	0.65199023	0.00000010	0.03703446	0.26500881	0.00000010	0.01933991	0.34009337	0.47534090	0.00000010	0.00685125	0.00000010	0.09494393	0.00000010	0.00000010	0.00000010	0.47401416	0.32540384	0.16005534	0.09093024	0.00000010	0.16076742	0.00000010	0.00000010	0.25722066	0.00000010	0.39708236	0.04187203	0.66081452	0.10310701	0.20195989	0.49675584	0.54066086	0.31687856	0.00000010	0.00000010	0.00000010	0.28148463	0.04149801	0.00000010	0.00000010	0.00000010	0.00000010	0.00000010	0.00000010	0.69123769	0.31677845	0.00000010	0.55516344	0.06862112	0.04376345	0.55274713	0.00000010	0.39299163	0.68753874	0.02176894	0.10928372	0.05431340	0.19073290	0.00000010	0.48756388	0.00000010	0.12351224	0.17603259	0.00000010	0.00000010	0.89563805	0.20316355	0.00000010	0.60340106	0.31527901	0.00000010	0.35407573	0.00000010	0.31643185	0.00000010	0.00000010	0.33438265	0.39689794	0.00000010	0.04515936	0.00000010	0.00000010	0.00000010	0.05764404	0.32558838	0.00000010	0.21629836	0.30648658	0.04941550	0.00000010	0.00000010	0.35771507	0.71341801	0.00000010	0.00000010	0.69373888	0.00000010	0.12560390	0.29829282	0.13930038	0.13137290	0.00000010	0.10210007	0.00000010	0.11553019	0.00000010	0.46605372	0.00000010	0.20296395	0.12227907	0.00000010	0.00000010	0.00000010	0.00000010	0.19998161	0.29324505	0.09350900	0.15403077	0.00000010	0.65828735	0.65425402	0.00000010	0.00098630	0.45412326	0.00000010	0.02358274	0.00000010	0.00000010	0.00000010	0.15647960	0.00000010	0.37942010	0.40821078	0.00000010	0.54197526	0.00000010	0.00000010	0.29206783	0.67833924	0.00000010	0.15586090	0.41004986	0.58475250	0.52305764	0.59236324	0.87910044	0.27182645	0.55056429	0.00000010	0.00000010	0.25991032	0.00000010	0.01499840	0.15002105	0.15182437	0.10677715	0.14809293	0.16497320	0.00000010	0.14856097	0.04392171	0.51149750	0.38027042	0.00000010	0.26083422	0.13136274	0.17684802	0.55204391	0.71942079	0.00000010	0.00000010	0.00000010	0.32132807	0.00000010	0.25161272	0.00747481	0.00000010	0.21623105	0.00000010	0.62736666	0.06511811	0.26337498	0.03392637	0.00000010	0.28973064	0.00000010	0.10963991	0.05097796	0.00000010	0.00000010	0.06175257	0.00000010	0.00000010	0.21090859	0.09333637	0.14387023	0.03268949	0.00000010	0.00000010	0.00000010	0.41975090	0.13829465	0.07677867	0.05503695	0.13054127	0.61441302	0.00000010	0.05646637	0.00000010	0.37250590	0.15217547	0.00000010	0.50008285	0.02449872	0.00049785	0.00000010	0.00000010	0.10124356	0.03087981	0.23823896	0.00000010	0.19187474	0.00000010	0.00000010	0.00000010	0.04969210	0.00000010	0.00000010	0.00000010	0.00000010	0.24703354	0.01477319	0.46376538	0.24189845	0.00000010	0.40901974	0.00000010	0.24859731	0.00000010	0.37098098	0.16323595	0.44219840	0.17412296	0.31182030	0.00000010	0.54681134	0.51737827	0.00000010	0.00000010	0.93561924	0.00000010	0.01098155
chr7	124493101	passenage	A	T	0.16255194	0.00000010	0.19494654	0.23446649	0.64328229	0.04295153	0.08901986	0.55681646	0.00000010	0.00000010	0.30623475	0.26009929	0.00000010	0.00000010	0.00000010	0.29134741	0.00000010	0.00000010	0.24364351	0.41754755	0.20011121	0.59106457	0.01547203	0.00000010	0.20289096	0.00000010	0.00000010	0.78709936	0.00000010	0.44707817	0.22498342	0.50380611	0.00000010	0.00000010	0.61356664	0.37810606	0.06618854	0.00000010	0.00000010	0.00000010	0.66593707	0.40232468	0.00000010	0.02404903	0.08487280	0.00000010	0.00000010	0.00000010	0.55595154	0.47277752	0.00000010	1.16606867	0.05958594	0.00000010	0.87433559	0.00000010	0.70272529	0.50755399	0.00321225	0.06619234	0.27614871	0.31251389	0.00000010	0.64230031	0.09956902	0.00000010	0.39490166	0.00000010	0.00000010	0.69036186	0.75285941	0.00000010	1.25940359	0.26478374	0.02154001	0.43935341	0.00000010	0.71580338	0.19714803	0.00000010	0.28452706	0.32807359	0.00000010	0.00000010	0.00000010	0.00000010	0.00000010	0.27365488	0.52403677	0.00000010	0.14614217	0.36755720	0.00000010	0.00000010	0.00000010	0.01607193	0.65891916	0.00000010	0.00000010	0.82665038	0.01163783	0.02578377	0.52893955	0.00000010	0.26368487	0.00000010	0.24627614	0.00000010	0.63697922	0.01639717	0.71292090	0.00000010	0.40177470	0.45060372	0.00000010	0.00000010	0.00000010	0.00000010	0.07794599	0.44448978	0.00000010	0.13982372	0.00000010	0.51427448	0.86854929	0.00000010	0.21262991	0.03514737	0.00000010	0.00000010	0.00000010	0.00000010	0.00000010	0.08895807	0.00000010	0.56173825	0.63375813	0.00000010	0.39907435	0.00000010	0.00000010	0.19173388	1.12060380	0.00000010	0.00037458	0.51717508	0.57274628	0.28554782	1.21958923	1.09259200	0.24349061	0.27356148	0.00000010	0.00000010	0.15209791	0.00000010	0.07214042	0.00000010	0.12143137	0.00000010	0.15042983	0.20697454	0.00000010	0.08537795	0.00000010	0.29769203	0.37126064	0.00000010	0.63151658	0.00000010	0.71650255	0.40699553	1.38834643	0.07467071	0.00000010	0.00000010	0.96847641	0.00000010	0.61172998	0.39766258	0.00000010	0.04061473	0.00000010	0.53677219	0.33257511	0.25618812	0.01402595	0.00388198	0.36161309	0.00000010	0.00000010	0.00000010	0.00000010	0.00000010	0.13084802	0.00000010	0.03308171	0.16309190	0.38068163	0.59906697	0.00000010	0.00000010	0.00000010	0.00000010	0.46581510	0.69831789	0.04999693	0.00000010	0.00000010	0.39435312	0.00000010	0.00000010	0.00000010	0.01397367	0.48368615	0.00000010	0.38963249	0.00000010	0.00000010	0.00000010	0.00000010	0.62909162	0.21301734	0.39333349	0.00000010	0.37689084	0.00000010	0.04619023	0.00000010	0.50862932	0.26953992	0.00000010	0.00000010	0.00000010	0.30377236	0.00000010	0.99834919	0.15084089	0.00000010	0.72921121	0.00000010	0.16597277	0.00000010	0.04710839	0.30211857	0.40400529	0.42532378	0.60602993	0.00000010	0.63190842	0.49646682	0.00000010	0.03519766	1.59738755	0.00000010	0.00000010
chr7	124482862	passenage	G	T	0.01220956	0.00000010	0.05176704	0.50648856	0.58497739	0.00000010	0.04026492	0.48032323	0.00000010	0.00000010	0.37183738	0.22998245	0.00000010	0.00000010	0.00000010	0.11167493	0.07041397	0.00000010	0.06652603	0.28821260	0.22785990	0.59229463	0.15081237	0.00000010	0.36830223	0.00000010	0.00000010	0.63693649	0.00000010	0.39775205	0.23393606	0.55624020	0.24730587	0.00000010	0.37241155	0.95171654	0.12010224	0.00000010	0.00000010	0.00000010	0.04603806	0.18460833	0.00000010	0.00000010	0.05838356	0.00000010	0.00000010	0.00000010	0.91128671	0.24398386	0.00000010	1.41175020	0.18173623	0.00000010	0.74444878	0.00000010	0.28872734	0.75563276	0.00000010	0.27340490	0.40717632	0.38977259	0.00000010	0.95901477	0.04339117	0.08590807	0.41854078	0.00000010	0.00000010	0.87458706	0.28768852	0.00000010	1.13531625	0.22017014	0.00000010	0.42248160	0.00000010	0.51039785	0.19786125	0.00000010	0.56109565	0.38349473	0.00000010	0.12530127	0.00000010	0.00000010	0.00000010	0.04330043	0.63316447	0.00000010	0.15276366	0.65010417	0.00000010	0.00000010	0.00000010	0.08576014	0.53768957	0.00000010	0.00000010	0.62851870	0.13320813	0.00000010	0.59933424	0.18028986	0.12265177	0.00000010	0.36173540	0.06877016	0.19726846	0.00000010	0.62798011	0.00000010	0.00000010	0.15814511	0.00000010	0.00000010	0.00000010	0.24978206	0.06695586	0.22763193	0.00000010	0.29616854	0.00219165	0.74551344	0.68400383	0.00000010	0.05008056	0.78804553	0.00000010	0.00000010	0.00000010	0.00000010	0.00000010	0.25053391	0.00000010	0.30041698	0.39879012	0.00000010	0.12408470	0.00000010	0.00000010	0.35284576	1.21351087	0.00000010	0.00000010	0.55434549	0.71067727	0.46888638	1.25047016	1.42692924	0.09886985	0.42906070	0.02775010	0.00000010	0.41824001	0.00000010	0.22338533	0.14966276	0.19142832	0.19768846	0.25368854	0.43415540	0.00000010	0.39077690	0.00000010	0.64671540	0.37028557	0.00000010	0.34108892	0.00000010	0.71463722	0.79718423	1.22409487	0.00000010	0.00000010	0.00000010	0.70142591	0.00000010	0.51710230	0.24526738	0.00000010	0.00000010	0.00000010	0.48884058	0.49122584	0.12887128	0.00000010	0.00000010	0.00000010	0.00000010	0.04524113	0.00328858	0.00000010	0.00000010	0.04886159	0.00000010	0.00000010	0.14853163	0.21821491	0.82276583	0.00000010	0.00000010	0.00000010	0.00000010	0.49368578	0.35083827	0.24539208	0.11648900	0.02158753	0.50837207	0.00000010	0.00000010	0.03405349	0.23507631	0.25586453	0.00000010	0.51397574	0.00000010	0.00000010	0.00000010	0.00000010	0.20867953	0.12342289	0.25975800	0.00000010	0.46433634	0.06422016	0.00000010	0.00000010	0.23827848	0.29884866	0.00000010	0.00000010	0.00000010	0.48187897	0.00000010	0.57269543	0.34409019	0.00000010	0.16781163	0.00000010	0.23368262	0.00000010	0.00000010	0.42580256	0.39016503	0.71591115	0.45622587	0.00000010	0.89005643	0.09760356	0.00000010	0.00000010	1.59737015	0.00000010	0.00000010
chr10	89692895	driver	G	A	0.32467210	0.00000010	0.00265964	0.46326306	0.65072799	0.00000010	0.01525011	0.43380716	0.00000010	0.00000010	0.39948612	0.23125875	0.00000010	0.00000010	0.00000010	0.45150054	0.00000010	0.00000010	0.31155181	0.57612789	0.20263711	0.76698267	0.03267347	0.00000010	0.47705859	0.00000010	0.00000010	0.54248309	0.00000010	0.38814551	0.27921161	0.51861340	0.42391381	0.00000010	0.49510920	0.58568287	0.21165614	0.00000010	0.00000010	0.00000010	0.35438994	0.39556676	0.00000010	0.00000010	0.00753047	0.09075605	0.00000010	0.00000010	0.74980736	0.54360735	0.00000010	0.73749030	0.03975432	0.00000010	0.51112974	0.00000010	0.20125176	0.54973358	0.00000010	0.42515033	0.10208564	0.61575270	0.00000010	0.59302151	0.09024900	0.30663052	0.31160039	0.03702058	0.00000010	0.45503980	0.20658273	0.00000010	0.89537680	0.16878076	0.00000010	0.31459460	0.00000010	0.75703740	0.16430314	0.00000010	0.42281801	0.37977648	0.00000010	0.09766421	0.00000010	0.00000010	0.00000010	0.35273072	0.71987683	0.00000010	0.43380946	0.16390555	0.00000010	0.00000010	0.00000010	0.05922280	0.65503365	0.00000010	0.00000010	0.61257696	0.02298882	0.05420436	0.38082314	0.03883412	0.25864953	0.00000010	0.32136703	0.00000010	0.35649768	0.00000010	0.64988649	0.00000010	0.12949754	0.11406550	0.00000010	0.00000010	0.00000010	0.05742841	0.12208630	0.46819687	0.00000010	0.15322036	0.00000010	0.71033281	0.60774618	0.00000010	0.00000010	0.58787334	0.00000010	0.08052786	0.00000010	0.00000010	0.00000010	0.21965306	0.00000010	0.59549475	0.29926854	0.00000010	0.10222273	0.00000010	0.00000010	0.22642802	1.06326675	0.00000010	0.20256868	0.22951898	0.54606706	0.20418644	0.91358691	0.99807847	0.23301485	0.59130466	0.00000010	0.00000010	0.36818132	0.00000010	0.24462803	0.02840385	0.26174656	0.00000010	0.45894632	0.28568709	0.00000010	0.11625925	0.15015966	0.48242563	0.55947125	0.00000010	0.69138157	0.00000010	0.47581547	0.47485274	1.12840784	0.01322609	0.00000010	0.00000010	0.56070536	0.00000010	0.22797093	0.27036268	0.04133049	0.00393178	0.00000010	0.29149258	0.39563662	0.43700653	0.00000010	0.00000010	0.30367851	0.00000010	0.00000010	0.00000010	0.00000010	0.00000010	0.00000010	0.00000010	0.07740514	0.11528192	0.75651407	0.45242926	0.00000010	0.00000010	0.00000010	0.00000010	0.11693617	0.55930144	0.00641640	0.00000010	0.00000010	0.47603273	0.00000010	0.00000010	0.00000010	0.26440525	0.27825204	0.00000010	0.56631327	0.00000010	0.00000010	0.00000010	0.00000010	0.60815364	0.20328538	0.23231781	0.00000010	0.24208185	0.00000010	0.10237572	0.08546736	0.58277702	0.42812586	0.00000010	0.00000010	0.00000010	0.42668509	0.00000010	0.84293747	0.24547720	0.00000010	0.71658045	0.00000010	0.19125143	0.00000010	0.00000010	0.06144594	0.34871289	0.41453692	0.36602080	0.00000010	0.70953190	0.28263289	0.00000010	0.06258915	1.11179733	0.06408574	0.00000010
chr10	89717673	passenage	G	A	0.24548638	0.00000010	0.25304464	0.73256058	0.55265486	0.12372580	0.13278002	0.52054191	0.00000010	0.00000010	0.09773096	0.33639252	0.00000010	0.08990708	0.00000010	0.15938115	0.00000010	0.00000010	0.10525163	0.41111252	0.14674324	0.32216847	0.00173994	0.00000010	0.12110917	0.04698900	0.00000010	0.50035876	0.00000010	0.45582843	0.00000010	0.61604327	0.19603518	0.10603081	0.41796649	0.16651154	0.19078530	0.00000010	0.00000010	0.00000010	0.19685785	0.43786275	0.00000010	0.00000010	0.00000010	0.00000010	0.00000010	0.00000010	0.60441047	0.28121704	0.00000010	1.13364184	0.05930868	0.04574221	0.46330661	0.00000010	0.38537282	0.60272074	0.01983151	0.21412611	0.13288739	0.11583837	0.00000010	0.37301034	0.05704095	0.09713429	0.43929738	0.00000010	0.00674079	0.54781318	0.45265976	0.00000010	0.95720714	0.43678698	0.00000010	0.30542672	0.00000010	0.45452484	0.00000010	0.00000010	0.39814982	0.33460552	0.00000010	0.00000010	0.00000010	0.07477340	0.00000010	0.00000010	0.50947416	0.03615446	0.28115076	0.20204066	0.00000010	0.00000010	0.00000010	0.12771091	0.65754843	0.00000010	0.00000010	0.56342316	0.00000010	0.04807737	0.24351875	0.09626576	0.07605457	0.00000010	0.25896946	0.02660700	0.26975453	0.00000010	0.64609277	0.00000010	0.23217547	0.28330421	0.04802762	0.00000010	0.00000010	0.01702714	0.14184819	0.20962606	0.00000010	0.20774107	0.00000010	0.62950337	0.78424740	0.00000010	0.19199321	0.27381781	0.00000010	0.00000010	0.00000010	0.00000010	0.00000010	0.18744184	0.00000010	0.57927048	0.23098597	0.00000010	0.22005856	0.00000010	0.00000010	0.10268518	1.00149822	0.05266717	0.04464279	0.43339336	0.44218433	0.27378994	0.86558008	1.03682280	0.34441060	0.61756301	0.02495134	0.00000010	0.18373504	0.00000010	0.21674570	0.18800452	0.15427795	0.06008562	0.23812674	0.21675520	0.00000010	0.09856176	0.00000010	0.54583949	0.63340735	0.00000010	0.45972866	0.00000010	0.63094461	0.51075423	0.99887455	0.00000010	0.00000010	0.00000010	0.46341583	0.00000010	0.23570892	0.12852895	0.00000010	0.00000010	0.03489046	0.83946180	0.42167562	0.31954724	0.00000010	0.00000010	0.00000010	0.00000010	0.02207815	0.00000010	0.00000010	0.00000010	0.00000010	0.00000010	0.02107033	0.08538140	0.47672147	0.38106108	0.12890789	0.00000010	0.00000010	0.00000010	0.22147469	0.18566358	0.01264265	0.00000010	0.16569713	0.50040400	0.00000010	0.08550929	0.03793805	0.30067885	0.01982753	0.00000010	0.45901018	0.00000010	0.02097396	0.00000010	0.00000010	0.36670393	0.00000010	0.42478263	0.00000010	0.19421999	0.00000010	0.00000010	0.00000010	0.12040871	0.20155676	0.00000010	0.00000010	0.00000010	0.28974777	0.00000010	0.41981989	0.53248912	0.00146910	0.43244785	0.00000010	0.24891049	0.00000010	0.00000010	0.39914218	0.50194657	0.50131601	0.10445461	0.00000010	0.90461969	0.54187793	0.00000010	0.00000010	1.04355931	0.00000010	0.01357292
chr10	89692896	driver	G	T	0.26967505	0.00000010	0.00000010	0.45145887	0.65705550	0.00000010	0.04006122	0.64184338	0.00000010	0.00000010	0.28146052	0.26550919	0.00000010	0.00000010	0.00000010	0.35827869	0.00000010	0.00000010	0.29435199	0.55577195	0.05330849	0.63406193	0.05787249	0.00000010	0.41806394	0.00000010	0.00000010	0.51197666	0.00000010	0.36802137	0.21173130	0.50676382	0.28868008	0.00000010	0.40296745	0.40929177	0.24073499	0.00000010	0.00000010	0.00000010	0.37741563	0.49275357	0.00000010	0.00000010	0.08760944	0.06872036	0.00000010	0.00000010	0.74222016	0.47970268	0.00000010	0.89265251	0.00841861	0.00000010	0.56035560	0.00000010	0.12074612	0.51750970	0.00000010	0.35330832	0.17486247	0.64055419	0.00000010	0.53802967	0.06095546	0.25571451	0.38767317	0.00000010	0.00000010	0.50070488	0.20479387	0.00000010	1.09798622	0.09160328	0.00000010	0.27780056	0.00000010	0.73757708	0.11141388	0.00000010	0.32063717	0.28322053	0.00000010	0.00000010	0.00000010	0.00000010	0.00000010	0.23316616	0.77399766	0.00000010	0.46026552	0.11562082	0.00000010	0.00000010	0.00000010	0.02123632	0.66821545	0.00000010	0.00000010	0.61553943	0.00855243	0.00000010	0.31858498	0.00643988	0.18479159	0.00000010	0.33420700	0.01194751	0.42776325	0.00000010	0.53917617	0.00000010	0.26019236	0.13021968	0.06003744	0.00000010	0.00000010	0.06526340	0.15285712	0.41475075	0.00000010	0.16168332	0.00000010	0.73923934	0.62449151	0.00000010	0.00000010	0.63220131	0.00000010	0.04012175	0.00000010	0.00000010	0.00000010	0.27351147	0.00000010	0.69196796	0.29507959	0.00000010	0.19238338	0.00000010	0.00000010	0.11306251	1.19466567	0.00000010	0.14607772	0.16429290	0.45146683	0.19091827	0.85410321	1.12159014	0.26458046	0.58800066	0.00000010	0.00000010	0.32743022	0.00000010	0.27987817	0.00000010	0.28027406	0.00000010	0.50712878	0.24113929	0.00000010	0.10775439	0.00000010	0.48363110	0.48239717	0.00000010	0.56894302	0.00000010	0.64197350	0.46507123	1.18255281	0.00197164	0.00000010	0.00000010	0.54512548	0.00000010	0.24340804	0.20408863	0.00000010	0.00000010	0.00000010	0.31016189	0.47168434	0.42430663	0.00000010	0.00000010	0.34559280	0.00000010	0.01381407	0.00000010	0.00000010	0.00000010	0.00000010	0.00000010	0.03771463	0.14967668	0.67784435	0.66084540	0.00000010	0.00000010	0.00000010	0.00000010	0.18521146	0.52750289	0.08219609	0.00000010	0.01624125	0.43972167	0.00000010	0.00000010	0.00000010	0.11126332	0.30141732	0.00000010	0.54992461	0.00000010	0.00000010	0.00000010	0.00000010	0.76949215	0.03552897	0.16110995	0.00000010	0.20881486	0.00000010	0.11842147	0.10093015	0.60572904	0.39261559	0.00000010	0.00000010	0.00000010	0.42655545	0.00000010	0.80887789	0.31832075	0.00000010	0.58660811	0.00000010	0.21039382	0.00000010	0.00000010	0.14022718	0.13107476	0.47749299	0.27250823	0.00000010	0.72304285	0.25881165	0.00000010	0.17814422	1.17561662	0.05629327	0.00000010
chr10	89692902	driver	G	T	0.19542943	0.00000010	0.02123980	0.50437951	0.57831115	0.00000010	0.13078104	0.27406096	0.00000010	0.04522123	0.33059487	0.25603196	0.00000010	0.00000010	0.00000010	0.39605206	0.00000010	0.00000010	0.39483422	0.38988516	0.16292393	0.68244672	0.10974532	0.00000010	0.25278571	0.00000010	0.00000010	0.48149914	0.00000010	0.37677610	0.39054254	0.57427645	0.28531325	0.00000010	0.64540339	0.58883953	0.09536658	0.00000010	0.00000010	0.00000010	0.40256253	0.14440981	0.00000010	0.00000010	0.00000010	0.00000010	0.00000010	0.00000010	0.65710652	0.42434457	0.01724386	0.70104057	0.05062226	0.00000010	0.41580373	0.00000010	0.18097441	0.66342497	0.00000010	0.38162103	0.00000010	0.61621273	0.00000010	0.78122169	0.17115551	0.10934512	0.08638246	0.00000010	0.00164932	0.50433260	0.20842509	0.00000010	0.69571555	0.20213616	0.00000010	0.35111022	0.00000010	0.61392593	0.24785911	0.00000010	0.38101438	0.36464739	0.00000010	0.26231986	0.00000010	0.00000010	0.00000010	0.29578063	0.51294994	0.00000010	0.20690370	0.40034729	0.00000010	0.00000010	0.00000010	0.07805400	0.63468039	0.00000010	0.00000010	0.65036124	0.01624333	0.07204212	0.40296051	0.00000010	0.21838002	0.00000010	0.26456517	0.00000010	0.28399646	0.00000010	0.58216000	0.00000010	0.20104530	0.27006751	0.04419554	0.00000010	0.00000010	0.03788461	0.07619886	0.41802812	0.00000010	0.18162140	0.00000010	0.74685323	0.66795623	0.00000010	0.00000010	0.45252016	0.00000010	0.00697219	0.00000010	0.00000010	0.00000010	0.08621379	0.00000010	0.40277100	0.26027498	0.00000010	0.16448733	0.00000010	0.00000010	0.13505103	0.93362772	0.00000010	0.10806714	0.30777720	0.63427234	0.24337727	0.87042201	0.93107069	0.11675980	0.48698342	0.00000010	0.00000010	0.42359608	0.00000010	0.16150205	0.03623843	0.12708636	0.00000010	0.33286095	0.25568876	0.00000010	0.15419033	0.01723040	0.40923768	0.57515615	0.02114978	0.67722309	0.00000010	0.50151974	0.61716837	1.00439620	0.02242750	0.00000010	0.00000010	0.54966557	0.00000010	0.35407555	0.18309307	0.00000010	0.03590637	0.00000010	0.37360102	0.41158050	0.25642833	0.00000010	0.00000010	0.40386522	0.00000010	0.00000010	0.00000010	0.00000010	0.00000010	0.00000010	0.00000010	0.02154732	0.11833615	0.77165139	0.27695170	0.00000010	0.00000010	0.00000010	0.00000010	0.40375286	0.45009887	0.03106505	0.00000010	0.00000010	0.50279713	0.00000010	0.00000010	0.00000010	0.26110464	0.29933065	0.00000010	0.56945026	0.00000010	0.00000010	0.00000010	0.00000010	0.65426153	0.25307199	0.23291971	0.00000010	0.19824949	0.00000010	0.00182032	0.00000010	0.48204255	0.25991476	0.00000010	0.00000010	0.00000010	0.39902261	0.00000010	0.83822423	0.32740590	0.00000010	0.76687157	0.00000010	0.15290123	0.08995944	0.00000010	0.11847805	0.48640028	0.43191379	0.37489992	0.00000010	0.70675886	0.34918946	0.00000010	0.15209460	0.96960866	0.00000010	0.00000010
chr10	89692902	driver	G	A	0.24956739	0.00000010	0.03892165	0.54827273	0.58197248	0.00000010	0.08915033	0.46218771	0.00000010	0.00000010	0.18877530	0.23963624	0.00000010	0.00000010	0.00000010	0.51042628	0.00000010	0.00000010	0.34865141	0.40695634	0.09699193	0.61432987	0.15077998	0.00000010	0.26088271	0.00000010	0.00000010	0.42184639	0.00000010	0.37386912	0.35050052	0.56495941	0.26784989	0.00000010	0.51930141	0.57217300	0.17606917	0.00000010	0.00000010	0.00000010	0.30696613	0.37776363	0.00000010	0.00000010	0.00589855	0.03550577	0.00000010	0.00000010	0.69709581	0.44993666	0.00000010	0.81572390	0.03521854	0.00000010	0.35823780	0.00000010	0.15051857	0.69441348	0.00000010	0.29820788	0.00000010	0.68143976	0.00000010	0.66800529	0.11328166	0.09505372	0.17191076	0.00000010	0.00000010	0.38628042	0.20461136	0.00000010	0.82088828	0.20428674	0.00000010	0.28457773	0.00000010	0.62605476	0.28937432	0.00000010	0.29710430	0.30602992	0.00000010	0.26315174	0.00000010	0.00000010	0.00000010	0.15847197	0.74101257	0.00000010	0.35229835	0.31180117	0.00000010	0.00000010	0.00000010	0.10740699	0.67434269	0.00000010	0.00000010	0.64157379	0.03412435	0.06329647	0.38312730	0.00000010	0.20775807	0.00000010	0.27337459	0.00000010	0.40497440	0.00000010	0.52743816	0.00000010	0.23828200	0.22620592	0.05526489	0.00000010	0.00000010	0.01849579	0.15394410	0.38679650	0.00000010	0.17635983	0.00000010	0.75608677	0.53855920	0.00000010	0.00000010	0.41786155	0.00000010	0.10166312	0.00000010	0.00000010	0.00000010	0.09056622	0.00000010	0.55007041	0.28277132	0.00000010	0.14223182	0.00000010	0.00000010	0.17685951	1.08141220	0.00000010	0.17655887	0.22342694	0.51931572	0.34907579	0.93207276	1.12515569	0.21314287	0.60829151	0.00000010	0.00000010	0.56998920	0.00000010	0.18445988	0.00000010	0.19016503	0.00000010	0.40513626	0.31198201	0.00000010	0.26730525	0.03252459	0.53031951	0.58732736	0.00000010	0.72636390	0.00000010	0.70042682	0.47864866	1.13170671	0.02777117	0.00000010	0.00000010	0.59421432	0.00000010	0.34463185	0.24615720	0.00000010	0.02482557	0.00000010	0.32189378	0.40185484	0.21270555	0.00000010	0.00000010	0.35931754	0.00000010	0.00000010	0.00000010	0.00000010	0.00000010	0.00000010	0.00000010	0.01683283	0.07105108	0.78051305	0.40904820	0.00000010	0.00000010	0.00000010	0.00000010	0.21613432	0.44329390	0.04030961	0.00000010	0.00364049	0.45317793	0.00000010	0.00000010	0.00000010	0.28125525	0.35312867	0.00000010	0.47010541	0.00000010	0.00000010	0.04133389	0.00000010	0.65705431	0.11731769	0.15118058	0.00000010	0.12213346	0.00000010	0.03188210	0.00000010	0.58023763	0.39599526	0.00000010	0.00000010	0.00000010	0.25990844	0.00000010	0.81131619	0.35894039	0.00000010	0.79033494	0.00000010	0.16414087	0.03655044	0.00000010	0.12511870	0.43137580	0.51329684	0.38809216	0.00000010	0.72488534	0.33552903	0.00000010	0.14883766	1.24248457	0.00000010	0.00000010
chr10	89692785	passenage	T	C	0.08308204	0.00000010	0.07377522	0.54341459	0.56834382	0.02650567	0.05451047	0.27655295	0.00000010	0.11587071	0.30225056	0.32041883	0.00000010	0.00000010	0.00000010	0.35567799	0.00000010	0.00000010	0.06143569	0.40374979	0.25055039	0.57482892	0.08184674	0.00000010	0.40711200	0.00000010	0.00000010	0.53551364	0.00000010	0.38098603	0.21754004	0.44856364	0.16496964	0.00000010	0.46786550	0.29916283	0.29700002	0.00000010	0.00000010	0.00000010	0.30395463	0.36873275	0.00000010	0.00000010	0.00000010	0.00000010	0.00000010	0.00000010	0.77947682	0.52533227	0.00000010	0.58916479	0.05822941	0.00000010	0.40562552	0.00000010	0.15720081	0.56641877	0.00000010	0.13752425	0.00000010	0.44480059	0.00000010	0.56002790	0.13219427	0.13723271	0.00000010	0.00000010	0.00000010	0.48642153	0.28968364	0.00000010	0.82631528	0.22815029	0.00000010	0.38250268	0.00000010	0.66017008	0.14742383	0.00000010	0.31949723	0.34240907	0.00000010	0.13319902	0.00000010	0.00000010	0.00000010	0.25676194	0.57586426	0.00000010	0.40933251	0.12010833	0.00000010	0.00000010	0.00000010	0.13140166	0.41219974	0.00000010	0.00000010	0.51560032	0.07191876	0.00000010	0.35513806	0.00000010	0.15697336	0.00000010	0.21986845	0.00000010	0.37891048	0.00000010	0.64741296	0.00000010	0.16290790	0.06976538	0.00000010	0.00000010	0.00000010	0.08921792	0.20743895	0.44210070	0.00000010	0.19110259	0.00000010	0.47087023	0.65286529	0.00000010	0.00000010	0.37155512	0.00000010	0.04388531	0.00981380	0.00000010	0.00000010	0.13179085	0.00000010	0.67274773	0.20692587	0.00000010	0.12252349	0.00000010	0.00000010	0.35543954	0.92072070	0.00000010	0.31775117	0.34790993	0.46886867	0.50298774	0.83266735	0.92876792	0.20741354	0.66401291	0.00000010	0.02636723	0.32507700	0.00000010	0.12133699	0.03239898	0.35945618	0.00000010	0.40470511	0.39322013	0.00000010	0.26374802	0.01637651	0.49100432	0.66399890	0.00000010	0.53847539	0.00000010	0.44751781	0.36449102	1.05213010	0.06903861	0.00000010	0.00000010	0.49804071	0.00000010	0.53309143	0.13413419	0.00000010	0.06089774	0.00000010	0.13869998	0.11287823	0.32772928	0.10343843	0.00000010	0.47424012	0.00000010	0.00000010	0.00000010	0.00000010	0.00000010	0.00000010	0.00000010	0.01611071	0.10004050	0.55816555	0.26334801	0.00000010	0.06974528	0.00000010	0.00000010	0.26805341	0.42451501	0.02803895	0.00000010	0.00000010	0.51631600	0.00000010	0.00000010	0.00000010	0.27847621	0.18510225	0.00000010	0.50031531	0.00000010	0.00000010	0.00000010	0.00000010	0.68276024	0.13486350	0.23134385	0.00000010	0.10810386	0.00000010	0.03072404	0.00000010	0.35854033	0.29673937	0.00000010	0.00000010	0.00000010	0.33254206	0.00000010	0.79699969	0.27067453	0.00000010	0.65557367	0.00000010	0.28477174	0.01940289	0.00000010	0.06065476	0.23538060	0.34741133	0.08305335	0.00000010	0.69062209	0.31965238	0.00000010	0.00000010	1.12563419	0.00000010	0.00000010
chr10	89624244	passenage	A	T	0.00000010	0.00000010	0.17591619	0.37716258	0.46718752	0.00000010	0.01120370	0.34745982	0.00000010	0.00000010	0.37850103	0.22386995	0.00000010	0.00000010	0.00000010	0.46603072	0.00000010	0.00000010	0.20716020	0.66241002	0.19737913	0.50200605	0.00000010	0.00000010	0.18324505	0.10532747	0.03002891	0.47743028	0.00000010	0.40712896	0.31277955	0.31606683	0.03824323	0.00000010	0.13092658	0.34407309	0.04194754	0.00000010	0.00000010	0.00000010	0.55479681	0.79034847	0.00000010	0.00000010	0.00000010	0.00000010	0.00000010	0.00000010	0.38121814	0.00176121	0.24950056	0.70425832	0.06179378	0.00000010	0.21679169	0.00000010	0.32807434	0.26069388	0.00000010	0.00000010	0.06579746	0.23612499	0.00000010	0.55343229	0.06188035	0.39996529	0.34575969	0.08248324	0.59148943	0.09887874	0.71162522	0.00000010	0.54725581	0.02437641	0.00000010	0.24467760	0.00000010	0.69758672	0.35566401	0.00000010	0.00000010	0.33501038	0.00000010	0.00000010	0.00621700	0.07472230	0.00000010	0.30942777	0.35781044	0.00000010	0.49536651	0.08022588	0.00000010	0.00000010	0.00000010	0.00000010	0.00000010	0.00000010	0.00000010	0.54735291	0.00000010	0.03349710	0.19182988	0.00000010	0.23784888	0.10127621	0.17927533	0.00000010	0.10321710	0.15963456	0.63098842	0.00000010	0.31954068	0.32481951	0.00000010	0.00000010	0.00000010	0.00567461	0.00000010	0.64793921	0.00000010	0.29466912	0.00000010	0.31653428	0.44750226	0.00000010	0.00000010	0.01841425	0.07863405	0.14729546	0.00000010	0.00000010	0.00000010	0.00000010	0.00000010	0.53614271	0.33873257	0.00000010	0.17113861	0.00000010	0.00000010	0.16185014	0.72581154	0.00000010	0.02949220	0.18227702	0.11780775	0.43765387	0.64240336	0.62279689	0.07153533	0.32493493	0.00000010	0.00000010	0.39840788	0.00000010	0.07375501	0.03995232	0.10651141	0.00000010	0.15369053	0.22531372	0.00000010	0.24914283	0.00000010	0.18273398	0.73385590	0.00000010	0.73088288	0.00000010	0.61395425	0.41172513	0.81113619	0.11474310	0.00000010	0.00000010	0.67295903	0.06170015	0.34664667	0.02268947	0.00000010	0.00000010	0.00000010	0.28919756	0.11613065	0.57261860	0.00000010	0.13532959	0.36248833	0.00000010	0.00000010	0.00000010	0.00000010	0.00000010	0.01821576	0.07007901	0.00000010	0.11421825	0.37499043	0.35493761	0.00000010	0.00000010	0.00000010	0.00000010	0.00000010	0.78394055	0.20675927	0.00000010	0.00000010	0.45626006	0.00000010	0.00000010	0.00000010	0.29003391	0.21030653	0.48520976	0.67738926	0.00000010	0.12661661	0.00000010	0.00000010	0.52400309	0.15572058	0.08220902	0.00558359	0.09128729	0.00000010	0.00000010	0.00000010	0.49255592	0.05468661	0.00000010	0.00000010	0.12316164	0.51222736	0.00000010	0.75485700	0.26108894	0.00000010	0.90438759	0.00000010	0.19929361	0.05600623	0.00000010	0.25570735	0.10044586	0.10998388	0.29872629	0.11458530	0.35083932	0.27514049	0.00000010	0.00000010	1.03785896	0.00000010	0.00000010
chr10	89711900	passenage	G	A	0.36543024	0.00000010	0.00402674	0.66164118	0.37263912	0.02779762	0.10356390	0.32574198	0.00000010	0.00000010	0.14068833	0.33232942	0.00000010	0.00000010	0.00000010	0.27898875	0.01471485	0.00000010	0.40587544	0.21643347	0.17110482	0.57923746	0.00863528	0.00000010	0.02825112	0.05452173	0.06316315	0.57339263	0.00000010	0.40725800	0.00000010	0.47153801	0.07973336	0.00000010	0.22475080	0.38405809	0.12911522	0.00000010	0.00000010	0.00000010	0.18852253	0.44899666	0.01444331	0.00000010	0.00000010	0.00000010	0.00000010	0.00000010	0.61345780	0.42482877	0.00000010	0.68668449	0.00000010	0.00000010	0.48845068	0.00000010	0.16466379	0.75064075	0.00000010	0.23456711	0.00326624	0.30416852	0.00000010	0.68737501	0.08985966	0.07261115	0.09511869	0.11194815	0.00604155	0.36860543	0.66610372	0.00000010	0.73655987	0.39092094	0.00000010	0.40502131	0.00000010	0.53738666	0.09891400	0.00000010	0.23254186	0.41170132	0.00000010	0.07887194	0.01710321	0.16261302	0.00000010	0.15908150	0.43584463	0.00000010	0.18017547	0.42162767	0.00000010	0.00000010	0.00000010	0.11714949	0.43803865	0.00000010	0.00000010	0.37245101	0.04138516	0.03163908	0.40813604	0.00000010	0.24625467	0.00000010	0.32816368	0.00000010	0.33290198	0.07112326	0.53223670	0.00000010	0.53112650	0.13078396	0.00000010	0.00000010	0.00000010	0.05628436	0.17732331	0.20059031	0.00000010	0.31260675	0.00000010	0.59044236	0.36135745	0.00000010	0.12478282	0.24677727	0.00000010	0.00000010	0.00000010	0.00000010	0.00000010	0.21687393	0.00000010	0.59733373	0.24844131	0.00000010	0.11272987	0.00000010	0.03766195	0.01734382	0.86127472	0.01835703	0.04259565	0.14279193	0.47447449	0.42111722	0.94448751	0.90658271	0.09587289	0.65754831	0.00000010	0.00000010	0.15907192	0.00000010	0.22836284	0.00000010	0.22112346	0.00000010	0.22890228	0.29795751	0.00000010	0.34070319	0.00000010	0.48733878	0.61090064	0.00000010	0.55878001	0.00000010	0.42188674	0.65500504	0.87511146	0.04227774	0.00000010	0.00000010	0.57110000	0.00000010	0.38209343	0.32134697	0.05150975	0.09027785	0.00000010	0.51160461	0.22351044	0.19609249	0.00000010	0.00000010	0.37556142	0.00000010	0.00000010	0.01213985	0.00000010	0.00000010	0.15594035	0.00000010	0.01448717	0.10060386	0.56526780	0.32165292	0.00000010	0.00000010	0.00000010	0.00000010	0.32664189	0.39443761	0.21338241	0.00000010	0.11199253	0.59495234	0.00000010	0.00000010	0.00000010	0.10519208	0.57000148	0.07015146	0.48759133	0.00000010	0.04643191	0.00000010	0.00000010	0.70874703	0.23681132	0.24568433	0.08018085	0.19005443	0.00000010	0.00000010	0.00000010	0.51512325	0.35151654	0.00000010	0.00000010	0.00000010	0.24917328	0.00000010	0.74291384	0.26650992	0.00000010	0.70023465	0.00000010	0.12916559	0.04967706	0.00000010	0.35569140	0.39365631	0.31815171	0.33684838	0.00000010	0.50188512	0.21201794	0.00000010	0.00000010	1.16405439	0.11477479	0.00000010
chr17	47699360	driver	C	T	0.40984201	0.00000010	0.03683555	0.13948406	0.59953564	0.00000010	0.04474793	0.00000010	0.00000010	0.00000010	0.32056841	0.28959674	0.00000010	0.00000010	0.00000010	0.40957937	0.00000010	0.00000010	0.43616053	0.27803156	0.32328728	0.38983363	0.18148339	0.00000010	0.37387854	0.00000010	0.00000010	0.61420941	0.00000010	0.38964951	0.46551105	0.53077567	0.08079414	0.00000010	0.42514414	0.60940695	0.27496022	0.00000010	0.00000010	0.00000010	0.15389383	0.23506282	0.00000010	0.00000010	0.00000010	0.00000010	0.00000010	0.00000010	0.71083224	0.53957510	0.02620077	0.58709651	0.00000010	0.00000010	0.65907961	0.00000010	0.03742606	0.61257219	0.00000010	0.12191763	0.00000010	0.15823294	0.00000010	0.73251289	0.00000010	0.23534501	0.00000010	0.13445228	0.00000010	0.43677607	0.57708174	0.00000010	0.46989867	0.23220471	0.03246015	0.54608822	0.00000010	0.82995903	0.34316498	0.00000010	0.42257363	0.51537138	0.00000010	0.00000010	0.00000010	0.00000010	0.00000010	0.38140044	0.33801472	0.00000010	0.25265807	0.20305750	0.05375093	0.00000010	0.00000010	0.02827542	0.58602285	0.00000010	0.00000010	0.44144297	0.16671200	0.00000010	0.20399043	0.00000010	0.20649225	0.00000010	0.34197921	0.00000010	0.44033316	0.09219297	0.75337189	0.00000010	1.13533950	0.00000010	0.07206650	0.00567060	0.00000010	0.07583202	0.23289405	0.54057372	0.00000010	0.13479665	0.00000010	0.53939891	0.57631361	0.00000010	0.00000010	0.25988421	0.00000010	0.00000010	0.00000010	0.00000010	0.00000010	0.08900847	0.00000010	0.35246632	0.44505340	0.00000010	0.26051542	0.00000010	0.00000010	0.07793532	0.84007448	0.00000010	0.28556350	0.18768689	0.63267660	0.34504119	1.06825304	0.71681744	0.17081571	0.26825657	0.00000010	0.00000010	0.35640875	0.00000010	0.00000010	0.00000010	0.43290648	0.00000010	0.19057697	0.47065553	0.00000010	0.04936180	0.12334904	0.57074761	0.51319164	0.00000010	0.71762794	0.00000010	0.30927461	0.34094074	0.82100970	0.07939023	0.00000010	0.00000010	0.47769904	0.00000010	0.23697814	0.27100354	0.00000010	0.05049772	0.00000010	0.63832313	0.45004326	0.59918380	0.00000010	0.00000010	0.08957671	0.00000010	0.00000010	0.00000010	0.00000010	0.02969684	0.18329096	0.00000010	0.00000010	0.20763269	0.55938208	0.23116836	0.00000010	0.00000010	0.00000010	0.00000010	0.29037842	0.74830741	0.22886223	0.00000010	0.00000010	0.46113813	0.00000010	0.00000010	0.00000010	0.18136834	0.57528013	0.00000010	0.59818089	0.00000010	0.01538844	0.00000010	0.00000010	0.40561277	0.53697801	0.10179874	0.00000010	0.26566038	0.02466019	0.16422668	0.09521177	0.54121101	0.33029389	0.00000010	0.00000010	0.00000010	0.13880324	0.00000010	0.86592710	0.14662267	0.00000010	0.66518402	0.00000010	0.32844204	0.06730364	0.09598592	0.29569560	0.87693536	0.28172597	0.45588541	0.00000010	0.48024353	0.28847468	0.00000010	0.05813665	1.18128681	0.23523200	0.00000010
chr17	47696432	driver	A	C	0.14402235	0.00000010	0.03193150	0.42125377	0.26396418	0.02188788	0.16128150	0.00000010	0.00000010	0.00000010	0.31077138	0.29585314	0.00000010	0.00000010	0.00000010	0.44707483	0.00000010	0.00000010	0.22425345	0.21577466	0.40035340	0.95830101	0.03322466	0.00000010	0.37031683	0.00000010	0.00000010	0.78880656	0.00000010	0.37428766	0.41411421	0.55540687	0.34596705	0.00000010	0.75859112	0.12073877	0.00000010	0.00000010	0.00000010	0.00000010	0.46550471	0.41566506	0.00000010	0.00000010	0.00000010	0.00000010	0.00000010	0.00000010	0.82127774	0.45492288	0.00000010	0.74465072	0.00000010	0.00000010	0.81042361	0.00000010	0.29750878	0.58937246	0.00000010	0.69933152	0.00000010	0.55104768	0.00000010	0.74944091	0.12679628	0.25164527	0.00000010	0.05666493	0.00000010	0.00000010	0.55640566	0.00000010	0.59865296	0.34147581	0.00000010	0.61810029	0.00000010	0.65358806	0.42229316	0.00000010	0.49535203	0.58080310	0.00000010	0.00000010	0.04148563	0.00000010	0.00000010	0.62106788	0.44130057	0.00000010	0.22778481	0.48227590	0.00000010	0.00000010	0.00000010	0.00000010	0.30157906	0.00000010	0.00000010	0.34825221	0.07330925	0.00000010	0.51245278	0.20320414	0.46468449	0.00000010	0.46245760	0.00000010	0.50211322	0.22407874	0.67875016	0.00000010	0.32888740	0.16192281	0.04198249	0.01510170	0.00000010	0.00000010	0.40530202	0.66238368	0.00000010	0.13435857	0.00000010	0.20258209	0.57353473	0.00000010	0.00000010	0.02925128	0.00000010	0.09440845	0.00000010	0.00000010	0.00000010	0.00000010	0.00000010	0.53588253	0.71374047	0.00000010	0.28634119	0.00000010	0.00000010	0.11755958	1.12164068	0.00000010	0.12851810	0.62891650	0.80671144	0.13771871	1.19838130	0.74199188	0.22892338	0.56627381	0.00000010	0.00000010	0.57970726	0.00000010	0.21335720	0.01415145	0.51038170	0.00000010	0.18378535	0.58902484	0.00000010	0.63014555	0.00000010	0.50301981	0.70105940	0.00000010	0.35516065	0.00000010	0.24428344	0.39140022	1.15624738	0.07421802	0.00000010	0.00000010	0.70407569	0.00000010	0.99075103	0.20777783	0.00000010	0.03238007	0.00000010	0.46397936	0.37876436	0.32517520	0.09775209	0.00000010	0.29512197	0.00000010	0.00000010	0.14675876	0.00000010	0.10102835	0.15082614	0.00000010	0.05768687	0.13431242	0.37425160	0.04116733	0.02497479	0.00000010	0.00000010	0.00000010	0.06900161	0.59279817	0.27692062	0.00000010	0.00000010	0.61691952	0.00000010	0.00000010	0.00000010	0.48567885	0.22997639	0.00000010	0.49853015	0.00000010	0.00000010	0.00000010	0.00000010	0.83854330	0.45079100	0.07490517	0.00000010	0.41696528	0.00690602	0.23643109	0.00000010	0.95919490	0.31319398	0.00000010	0.00000010	0.00000010	0.40737942	0.00000010	0.84795856	0.40725878	0.00000010	0.63099355	0.00000010	0.48910445	0.10508352	0.08929506	0.39966398	0.84271491	0.06826919	0.33162993	0.00000010	0.65130663	0.30049637	0.00000010	0.09954366	1.52535605	0.13639218	0.00000010
chr17	47696643	driver	A	C	0.16567069	0.00000010	0.08637767	0.39495453	0.33655909	0.00000010	0.03493978	0.36062649	0.00000010	0.00000010	0.30150712	0.15330544	0.00000010	0.00000010	0.00000010	0.58477044	0.00000010	0.00000010	0.76643479	0.07605536	0.38337323	0.81962776	0.14994751	0.00000010	0.36547756	0.00000010	0.00000010	0.82624817	0.00000010	0.35674852	0.38573581	0.49503034	0.42635372	0.00253506	0.67568469	0.31299555	0.00910926	0.00000010	0.00000010	0.00000010	0.35631645	0.32691711	0.00000010	0.00000010	0.00000010	0.00000010	0.00000010	0.00000010	0.59593254	0.69013286	0.03841581	1.00097954	0.00000010	0.00000010	0.55006909	0.00000010	0.40435907	0.43932652	0.02253453	0.56689918	0.00000010	0.57342964	0.00000010	0.95392001	0.03775644	0.18236479	0.00000010	0.08054503	0.01264613	0.12298211	0.66143990	0.00000010	1.04102635	0.10335875	0.00000010	0.49099958	0.00000010	0.33014274	0.67475462	0.00000010	0.39861780	0.47170228	0.00000010	0.00000010	0.00000010	0.00000010	0.00000010	0.29080200	0.73624206	0.00000010	0.17918667	0.41214848	0.00000010	0.00000010	0.00221114	0.02638795	0.54170394	0.00000010	0.00000010	0.26545763	0.05869206	0.00000010	0.62780070	0.00000010	0.24187641	0.00000010	0.45451015	0.00000010	0.53674984	0.07699407	0.62517458	0.00000010	0.39066631	0.44455409	0.03527584	0.04932221	0.00000010	0.05509727	0.12062548	0.64076322	0.00000010	0.42258883	0.00000010	0.26602414	0.49815002	0.00000010	0.00000010	0.24900806	0.00000010	0.32620627	0.00000010	0.00000010	0.00000010	0.21322583	0.00000010	0.48481870	0.62961084	0.00000010	0.07060202	0.00000010	0.00000010	0.00000010	1.22091389	0.00000010	0.09962689	0.30189693	0.40154508	0.32852358	1.25311017	0.94038767	0.16506284	0.43268871	0.00000010	0.00000010	0.62107402	0.00000010	0.27907437	0.00000010	0.34291497	0.00000010	0.28957701	0.39980358	0.00000010	0.58367437	0.00000010	0.51538622	0.63550568	0.00000010	0.45015669	0.00000010	0.40336806	0.40784436	1.22714972	0.03971149	0.00000010	0.00000010	0.83632153	0.00000010	0.74065351	0.52416641	0.00000010	0.00154375	0.00000010	0.37924689	0.37243655	0.37270674	0.00000010	0.00000010	0.38971579	0.00000010	0.00000010	0.13200352	0.00000010	0.20563993	0.00000010	0.00000010	0.02020337	0.04702996	0.38961229	0.45539373	0.00000010	0.00000010	0.00000010	0.00000010	0.03670160	0.73483139	0.44044340	0.00000010	0.00000010	0.44287699	0.00000010	0.00000010	0.00000010	0.26287937	0.23494822	0.15967733	0.17456245	0.00000010	0.00000010	0.00000010	0.00000010	0.71361607	0.03471479	0.10668221	0.05693616	0.24015260	0.00000010	0.14381078	0.00000010	0.76079160	0.41442785	0.00000010	0.00000010	0.00000010	0.39583334	0.01382947	0.92326975	0.30965441	0.00000010	0.29720026	0.00000010	0.17513207	0.01737672	0.00000010	0.32409695	0.47341371	0.11309712	0.35113436	0.00000010	0.74876839	0.32989001	0.00000010	0.03382079	1.50534940	0.05164843	0.00000010
chr17	47696425	driver	A	G	0.19753331	0.00000010	0.08018238	0.33262411	0.40909445	0.00000010	0.15508974	0.10606439	0.00000010	0.00000010	0.34344780	0.32181555	0.00000010	0.00000010	0.00000010	0.50455552	0.00000010	0.00000010	0.39240140	0.12403058	0.46559742	0.93189418	0.00000010	0.00000010	0.50206095	0.00000010	0.00000010	0.86228573	0.00000010	0.38821226	0.41807657	0.48513216	0.48855299	0.00988210	0.97414869	0.38553980	0.00000010	0.00000010	0.00000010	0.00000010	0.37237155	0.22414747	0.00000010	0.00000010	0.00000010	0.00000010	0.00000010	0.00000010	0.75898695	0.44811144	0.00000010	1.09963500	0.00000010	0.00000010	0.84047431	0.00000010	0.43940353	0.54261750	0.01198665	0.53404319	0.00000010	0.63607097	0.00000010	0.61050546	0.09301113	0.35460663	0.00000010	0.04390798	0.00000010	0.20228319	0.75972176	0.00000010	0.77631855	0.27859065	0.00000010	0.69159079	0.00000010	0.55015975	0.25560474	0.00000010	0.41997874	0.63240993	0.00000010	0.00000010	0.00000010	0.00000010	0.00000010	0.42227602	0.61259091	0.00000010	0.11880350	0.50567067	0.00000010	0.00000010	0.00000010	0.00000010	0.44811997	0.00000010	0.00000010	0.42059934	0.07193821	0.00000010	0.52209866	0.05181102	0.29594246	0.00000010	0.41455758	0.00000010	0.74101722	0.20820573	0.69428921	0.00000010	0.13984767	0.20932117	0.04517609	0.03305552	0.00000010	0.07847556	0.23911028	0.73460704	0.00000010	0.23910953	0.04954506	0.29813427	0.66189635	0.00000010	0.00000010	0.19850202	0.00000010	0.00830918	0.00000010	0.00000010	0.00000010	0.13972166	0.00000010	0.51402867	0.75396717	0.00000010	0.20842074	0.00000010	0.00000010	0.19175991	1.19888759	0.00000010	0.21814045	0.72823626	0.77875876	0.31777614	1.38232589	0.84827876	0.28731701	0.54337466	0.00000010	0.00000010	0.40195453	0.00000010	0.22714549	0.00000010	0.44559625	0.00000010	0.13655914	0.42469412	0.00000010	0.55397242	0.00000010	0.56441855	0.50720990	0.00000010	0.39662713	0.00000010	0.45027599	0.56445038	1.32250643	0.01773007	0.00000010	0.00000010	0.77144128	0.00000010	0.87369287	0.33437765	0.00000010	0.00000010	0.00000010	0.61121005	0.22462454	0.43070269	0.04281182	0.00000010	0.24581730	0.00000010	0.00000010	0.00000010	0.00000010	0.01898410	0.00000010	0.00000010	0.00000010	0.11356959	0.31424862	0.35289687	0.00000010	0.00000010	0.00000010	0.00000010	0.10146684	0.76921892	0.29816735	0.00000010	0.00000010	0.45501250	0.00000010	0.00000010	0.00000010	0.35701364	0.18161502	0.00000010	0.27020139	0.00000010	0.00535154	0.00000010	0.00000010	0.78777659	0.35755107	0.11274002	0.00000010	0.39731568	0.00000010	0.15799172	0.00000010	0.73641312	0.41809827	0.00000010	0.00000010	0.00000010	0.59563982	0.00000010	0.89562082	0.37362644	0.00000010	0.43923581	0.00000010	0.34068063	0.00000010	0.04895229	0.47390956	0.74536455	0.16051757	0.37324300	0.00000010	0.72303808	0.39059797	0.00000010	0.01428046	1.73206210	0.04276400	0.00000010
chr17	47696646	passenage	T	A	0.27782923	0.00000010	0.10333551	0.41419464	0.28691930	0.00000010	0.00520908	0.26560402	0.00000010	0.00000010	0.14157559	0.16296268	0.00000010	0.00000010	0.00000010	0.59151065	0.01696768	0.00000010	0.75012100	0.07449900	0.36246654	0.82825887	0.05982020	0.00000010	0.42763010	0.00000010	0.00000010	0.76911300	0.00000010	0.35265195	0.49389923	0.48635793	0.42491814	0.00000010	0.51306832	0.33740747	0.10053700	0.00000010	0.00000010	0.00000010	0.31463200	0.31731987	0.00000010	0.00000010	0.00000010	0.00000010	0.00000010	0.00000010	0.55787957	0.48256806	0.10543558	0.71678430	0.00000010	0.00000010	0.45762849	0.08922153	0.31418145	0.43564868	0.00000010	0.51311255	0.00000010	0.43488586	0.00000010	0.91829932	0.04169992	0.18454954	0.00000010	0.08408736	0.04369806	0.09169330	0.64725083	0.00000010	0.72565198	0.15892965	0.00000010	0.61674285	0.00000010	0.51168382	0.66853034	0.00000010	0.35909653	0.38800055	0.00000010	0.00000010	0.00000010	0.00000010	0.00000010	0.40044403	0.56267381	0.00000010	0.14365527	0.35122657	0.00000010	0.00000010	0.12340656	0.00462282	0.56679201	0.00000010	0.00000010	0.26736334	0.03658759	0.00000010	0.61871707	0.00000010	0.24433522	0.00000010	0.43991831	0.00000010	0.62204534	0.11827040	0.56395119	0.00000010	0.51064599	0.35333669	0.00000010	0.08795793	0.00000010	0.12494292	0.18403697	0.52800333	0.00000010	0.39876449	0.00000010	0.25553983	0.44825488	0.00000010	0.00000010	0.09040986	0.00000010	0.14430630	0.00000010	0.00000010	0.00000010	0.20656016	0.00000010	0.46131742	0.52924842	0.00000010	0.07472240	0.00000010	0.00000010	0.00000010	0.99305570	0.00000010	0.13332295	0.26233160	0.37051809	0.29743651	1.14740014	0.76291138	0.19683990	0.56005055	0.00000010	0.00000010	0.67530727	0.00000010	0.28333214	0.00000010	0.42723447	0.00000010	0.31990296	0.47189426	0.00000010	0.60048294	0.00000010	0.54928231	0.74940783	0.01393341	0.48927391	0.00000010	0.28766057	0.31911120	1.03513598	0.08770381	0.00000010	0.00000010	0.82287014	0.00000010	0.73610187	0.65668434	0.00000010	0.01524502	0.00000010	0.34118235	0.34862006	0.39985263	0.00000010	0.00000010	0.50865006	0.00000010	0.00000010	0.10569228	0.00000010	0.33058968	0.00000010	0.00000010	0.00000010	0.04049905	0.37907010	0.16046008	0.00000010	0.00000010	0.00000010	0.00000010	0.10630348	0.67762297	0.39253753	0.00000010	0.00000010	0.39147505	0.00000010	0.00000010	0.00000010	0.26012784	0.46958065	0.22628370	0.13587102	0.00000010	0.00000010	0.00000010	0.00000010	0.85341042	0.18076810	0.00000010	0.12878507	0.23454776	0.00000010	0.20698601	0.00000010	0.76933783	0.37526903	0.00000010	0.00000010	0.00000010	0.29373425	0.02778981	0.91951180	0.24302307	0.00000010	0.35687229	0.00000010	0.30777693	0.00000010	0.00000010	0.24676904	0.47434652	0.14444585	0.41350177	0.00000010	0.55607593	0.34528267	0.00000010	0.06741908	1.43010366	0.11305390	0.00000010
chr17	47696430	driver	C	A	0.05716488	0.00000010	0.08219841	0.35897791	0.30596733	0.00000010	0.18071307	0.28376397	0.00000010	0.00000010	0.27672642	0.27031744	0.00000010	0.00000010	0.00000010	0.41891572	0.00000010	0.00000010	0.29047042	0.17541234	0.32283151	0.88732541	0.02343552	0.00000010	0.42206934	0.00000010	0.00000010	0.79276478	0.00000010	0.37129462	0.50176728	0.55294889	0.42983931	0.00000010	0.82533836	0.15261523	0.00000010	0.00000010	0.00000010	0.00000010	0.51516390	0.38688385	0.00000010	0.00000010	0.00000010	0.00000010	0.00000010	0.00000010	0.79097384	0.41908884	0.00000010	1.14241815	0.00000010	0.00000010	0.87002999	0.00000010	0.36248821	0.58040690	0.00000010	0.59484071	0.00000010	0.48038656	0.00000010	0.77537864	0.14853781	0.27396801	0.00000010	0.00000010	0.00000010	0.07576362	0.57073247	0.00000010	0.85786980	0.22027050	0.00000010	0.57963490	0.00000010	0.54779339	0.37153214	0.00000010	0.54009598	0.60301769	0.00000010	0.00000010	0.00000010	0.00000010	0.00000010	0.36825693	0.66047382	0.00000010	0.24363726	0.55109960	0.00000010	0.00000010	0.00000010	0.00000010	0.30100739	0.00000010	0.00000010	0.36165801	0.02222553	0.00000010	0.57647014	0.13193776	0.30192074	0.00000010	0.51997393	0.00000010	0.57327104	0.09507851	0.68557310	0.00000010	0.20445147	0.16272312	0.00000010	0.03862733	0.00000010	0.00000010	0.27580363	0.71427053	0.00000010	0.27722147	0.00000010	0.28949851	0.54000223	0.00000010	0.00000010	0.10941903	0.00000010	0.08350252	0.00000010	0.00000010	0.00000010	0.02934092	0.00000010	0.51228476	0.74848807	0.00000010	0.23793487	0.00000010	0.00000010	0.11186273	1.31139898	0.00000010	0.12283209	0.69467676	0.72786450	0.18898107	1.28548908	0.96775234	0.25093848	0.65710008	0.00000010	0.00000010	0.54070443	0.00000010	0.39526534	0.00000010	0.45537436	0.00000010	0.35009581	0.60509896	0.00000010	0.73045188	0.00000010	0.49355432	0.56987000	0.00000010	0.50090832	0.00000010	0.48374009	0.38961971	1.43692136	0.00577082	0.00000010	0.00000010	0.72068524	0.00000010	1.05100501	0.28152844	0.00000010	0.01713230	0.00000010	0.50729460	0.32349101	0.25864968	0.25514704	0.00000010	0.32604757	0.00000010	0.00000010	0.00000010	0.00000010	0.15614870	0.02419232	0.00000010	0.05559713	0.11237855	0.30145395	0.39694804	0.06106125	0.00000010	0.00000010	0.00000010	0.00192198	0.57464767	0.21413897	0.04157978	0.00000010	0.57371044	0.00000010	0.00000010	0.00000010	0.35440621	0.19560173	0.00245855	0.46217069	0.00000010	0.00000010	0.00000010	0.00000010	0.75284350	0.11538781	0.10425523	0.00000010	0.39090630	0.00000010	0.21028653	0.00000010	0.88445938	0.39498204	0.00000010	0.00000010	0.00000010	0.43772322	0.00000010	0.88995802	0.39490539	0.00000010	0.55096960	0.00000010	0.43496627	0.00304842	0.02380097	0.40564847	0.63605905	0.18995185	0.35812247	0.00000010	0.71298242	0.24220645	0.00000010	0.03274666	1.70931578	0.07669726	0.00000010
chr17	47699368	driver	T	G	0.47318617	0.00000010	0.00585564	0.19772400	0.58310771	0.02747503	0.11861067	0.00000010	0.00000010	0.00000010	0.33385992	0.24959216	0.00000010	0.00000010	0.00000010	0.47114390	0.00000010	0.00000010	0.26734638	0.15562104	0.34006533	0.46647561	0.03820642	0.00000010	0.39543390	0.00000010	0.00000010	0.69456017	0.00000010	0.40537676	0.36433655	0.57406068	0.28167322	0.00000010	0.54274952	0.69664502	0.00000010	0.00000010	0.00000010	0.00000010	0.18377313	0.14267775	0.00000010	0.00000010	0.00000010	0.00000010	0.00000010	0.00000010	0.85686064	0.33137393	0.00000010	0.66834629	0.02002716	0.00000010	0.66556811	0.00000010	0.15975642	0.82471681	0.00000010	0.18817788	0.00000010	0.26742160	0.00000010	0.74125290	0.00000010	0.30548233	0.00000010	0.06809408	0.00000010	0.30229133	0.60643601	0.00000010	0.51043373	0.46899283	0.01344451	0.68406975	0.00000010	0.75528514	0.39170536	0.00000010	0.52498084	0.61917782	0.00000010	0.00000010	0.00000010	0.00000010	0.00000010	0.27443668	0.41137668	0.00000010	0.27971047	0.23637047	0.02136172	0.00000010	0.00000010	0.05809522	0.61857367	0.00000010	0.00000010	0.59376556	0.11029118	0.00000010	0.43321252	0.00000010	0.38194039	0.00000010	0.29473019	0.00000010	0.35817829	0.00956520	0.79861552	0.00000010	0.89346433	0.15506133	0.12920259	0.00000010	0.00000010	0.11486936	0.33403346	0.52311301	0.00000010	0.04846438	0.00000010	0.49646205	0.57164365	0.00000010	0.00000010	0.39532876	0.00000010	0.04561620	0.00000010	0.00000010	0.00000010	0.15167576	0.00000010	0.41164488	0.53594273	0.00000010	0.27219349	0.00000010	0.00000010	0.02467054	0.91951710	0.00000010	0.25708514	0.48856759	0.76379263	0.38173088	1.18407285	0.78629929	0.14748526	0.43655473	0.00000010	0.00000010	0.43366212	0.00000010	0.00258689	0.00000010	0.20517726	0.00000010	0.15202804	0.36487100	0.00000010	0.09086483	0.13844185	0.63267159	0.51925546	0.00000010	0.55970520	0.00000010	0.33404034	0.40253532	1.10391068	0.03521748	0.00000010	0.00000010	0.76199174	0.00983198	0.24177517	0.33261043	0.00000010	0.03791565	0.00000010	0.60664237	0.39760786	0.44149709	0.00000010	0.00000010	0.11201702	0.00000010	0.00000010	0.00000010	0.00000010	0.00000010	0.09823295	0.00000010	0.00000010	0.14666745	0.32706609	0.25422722	0.00000010	0.00000010	0.00000010	0.00000010	0.41057816	0.70456386	0.22917411	0.00000010	0.00000010	0.42531931	0.00000010	0.00000010	0.00000010	0.26648343	0.59845394	0.00000010	0.50767833	0.00000010	0.00000010	0.00000010	0.00000010	0.27424544	0.44443142	0.12275961	0.00000010	0.32265675	0.02688040	0.16610697	0.00000010	0.49559563	0.45628589	0.00000010	0.00000010	0.00000010	0.34870842	0.00000010	0.87644374	0.26031506	0.00000010	0.36053640	0.00000010	0.37131971	0.09281462	0.15331894	0.34005219	1.00355303	0.25504053	0.60269159	0.00000010	0.68745995	0.37413657	0.00000010	0.04186068	1.51725388	0.10997839	0.00000010
chr17	47696421	driver	C	G	0.14482999	0.00000010	0.12445696	0.41748118	0.37569016	0.00000010	0.13674708	0.15303122	0.00000010	0.00000010	0.25969937	0.34976953	0.00000010	0.00000010	0.00000010	0.53436142	0.00000010	0.00000010	0.37243602	0.30690092	0.37869227	0.99677300	0.12387875	0.00000010	0.33782050	0.00000010	0.00000010	0.79805338	0.00000010	0.37831748	0.37360680	0.65641785	0.50163585	0.05540028	0.82071245	0.28280118	0.01260370	0.00000010	0.00000010	0.00000010	0.45400482	0.30027241	0.00000010	0.00000010	0.00000010	0.00000010	0.00000010	0.00000010	0.74341661	0.44366956	0.00000010	1.11740518	0.00000010	0.00000010	0.71932912	0.00000010	0.29836497	0.53335565	0.00000010	0.69990849	0.00000010	0.54462320	0.00000010	0.60970938	0.09313336	0.48305380	0.00000010	0.04943682	0.00000010	0.17261814	0.44649509	0.00000010	0.83187306	0.41446811	0.00000010	0.57166559	0.00000010	0.57685554	0.30085710	0.00000010	0.61085707	0.65758276	0.00000010	0.00000010	0.00000010	0.00000010	0.00000010	0.47718832	0.61938798	0.00000010	0.24425566	0.39098048	0.00000010	0.00000010	0.00000010	0.00000010	0.42919946	0.00000010	0.00000010	0.37451783	0.02718763	0.00000010	0.56270415	0.05475196	0.37460890	0.00000010	0.41655636	0.00000010	0.60054445	0.12326552	0.71778131	0.00000010	0.37311360	0.17606737	0.00000010	0.06907865	0.00000010	0.00000010	0.18560366	0.65262938	0.00000010	0.16805097	0.00116864	0.45190758	0.55599147	0.00000010	0.00000010	0.22007988	0.00000010	0.11186261	0.00000010	0.00000010	0.00000010	0.11931168	0.00000010	0.64241719	0.76044989	0.00000010	0.25080550	0.00000010	0.00000010	0.17355558	1.33729708	0.00000010	0.20073250	0.75268912	0.71262968	0.28350878	1.38931179	0.89492071	0.25180313	0.70074672	0.00000010	0.00000010	0.42865252	0.00000010	0.15684348	0.00000010	0.43583888	0.00000010	0.33868706	0.53064245	0.00000010	0.48026049	0.00000010	0.60292906	0.61368549	0.00000010	0.50752008	0.00000010	0.49475348	0.50244015	1.42305660	0.03541536	0.00000010	0.00000010	0.75681311	0.00000010	0.87659276	0.36242807	0.00000010	0.00000010	0.00000010	0.65826929	0.31116095	0.36001343	0.06193752	0.00000010	0.26832545	0.00000010	0.00000010	0.00000010	0.00000010	0.00000010	0.00000010	0.00000010	0.00000010	0.03141980	0.37675685	0.40588439	0.00000010	0.00000010	0.00000010	0.00000010	0.09057073	0.61112940	0.32898381	0.00000010	0.00000010	0.44101131	0.00000010	0.00000010	0.00000010	0.37215844	0.25705335	0.03109301	0.45251465	0.00000010	0.00000010	0.00000010	0.00000010	0.93528545	0.24131328	0.11874668	0.00000010	0.39305684	0.00000010	0.11954071	0.00000010	0.83670115	0.54186690	0.00000010	0.00000010	0.00000010	0.53424776	0.00396565	0.82948518	0.47075087	0.00000010	0.60443306	0.00000010	0.38282388	0.00000010	0.00000010	0.45612594	0.74720871	0.30915311	0.50662255	0.00000010	0.72848856	0.29614621	0.00000010	0.07757045	1.63750756	0.06794878	0.00000010
