chr	pos	Label	ref	alt	0	1	2	3	4	5	6	7	8	9	10	11	12	13	14	15	16	17	18	19	20	21	22	23	24	25	26	27	28	29	30	31	32	33	34	35	36	37	38	39	40	41	42	43	44	45	46	47	48	49	50	51	52	53	54	55	56	57	58	59	60	61	62	63	64	65	66	67	68	69	70	71	72	73	74	75	76	77	78	79	80	81	82	83	84	85	86	87	88	89	90	91	92	93	94	95	96	97	98	99	100	101	102	103	104	105	106	107	108	109	110	111	112	113	114	115	116	117	118	119	120	121	122	123	124	125	126	127	128	129	130	131	132	133	134	135	136	137	138	139	140	141	142	143	144	145	146	147	148	149	150	151	152	153	154	155	156	157	158	159	160	161	162	163	164	165	166	167	168	169	170	171	172	173	174	175	176	177	178	179	180	181	182	183	184	185	186	187	188	189	190	191	192	193	194	195	196	197	198	199	200	201	202	203	204	205	206	207	208	209	210	211	212	213	214	215	216	217	218	219	220	221	222	223	224	225	226	227	228	229	230	231	232	233	234	235	236	237	238	239	240	241	242	243	244	245	246	247	248	249	250	251	252	253	254	255
chr14	105239279	driver	G	A	0.00000010	0.00000010	0.00000010	0.28410780	0.42472374	0.14186929	0.00000010	0.00000010	0.00000010	0.05571868	0.30064899	0.24365300	0.00000010	0.00000010	0.00000010	1.25290561	0.12857553	0.00000010	0.81154287	0.69831210	0.32399112	1.51818466	0.00000010	0.00111632	0.48342040	0.18092248	0.32084447	0.54468596	0.02737864	0.48635560	0.30680978	0.35410523	0.13497701	0.00000010	0.33905363	0.00000010	0.00000010	0.03401992	0.00000010	0.00000010	1.17925024	0.43527290	0.00000010	0.00000010	0.00000010	0.00000010	0.00000010	0.00000010	0.30660951	0.05164405	0.69893789	0.14357194	0.08320695	0.00000010	0.47550061	0.00000010	0.42311701	0.00000010	0.00000010	0.36825106	0.00000010	0.19687161	0.00000010	0.00000010	0.27462974	0.09203924	0.00000010	0.22447877	0.14890443	0.00000010	0.35793608	0.00000010	0.02058589	0.55939925	0.04647492	0.75470173	0.00000010	1.34231520	0.55343628	0.04324295	0.36675215	0.39142609	0.00000010	0.00000010	0.00052960	0.00000010	0.43511128	0.74323809	0.02794640	0.00000010	0.67771137	0.01076643	0.00000010	0.00000010	0.00000010	0.00000010	0.00000010	0.00000010	0.14796875	0.15927032	0.00000010	0.00000010	0.27112585	0.00000010	0.47023109	0.00000010	0.08732545	0.00000010	0.32658562	0.46393675	0.88917506	0.00000010	0.20539597	0.79773700	0.00000010	0.00000010	0.00000010	0.00000010	0.00881451	0.75998896	0.00000010	0.37553138	0.00000010	0.10152754	0.44863078	0.00000010	0.00000010	0.00000010	0.17058474	0.07368739	0.00000010	0.00000010	0.11848246	0.32197034	0.00000010	0.62025678	0.50246090	0.00000010	0.00000010	0.00000010	0.00000010	0.24340111	0.19406675	0.00000010	0.00000010	1.11613488	0.65333700	0.02674526	0.71973872	0.09943691	0.15507597	0.28431410	0.00000010	0.00000010	0.52346134	0.00000010	0.00000010	0.57689762	0.35709450	0.00000010	0.00000010	0.79860425	0.00000010	0.52004331	0.00000010	0.16820276	0.49621844	0.00000010	0.70085502	0.00000010	0.00000010	0.82124233	0.58957893	0.59042156	0.01391662	0.66997242	0.92173374	0.00000010	0.86351413	0.38913977	0.00000010	0.09967509	0.00000010	0.30443978	0.03036206	0.21017930	0.00000010	0.00000010	0.03225815	0.00000010	0.00000010	0.00000010	0.01316869	0.02582492	0.00000010	0.00000010	0.02862795	0.20783406	0.30238900	0.00000010	0.14527252	0.00000010	0.00000010	0.00000010	0.00000010	1.07855344	0.51421821	0.00000010	0.06570165	0.14195517	0.00000010	0.00000010	0.00000010	0.14617784	0.00000010	0.16433382	0.35044008	0.00000010	0.27837074	0.00000010	0.00000010	0.79462606	0.97495544	0.15497327	0.00000010	0.22317645	0.07835527	0.05033581	0.11636823	0.59050465	0.00000010	0.00000010	0.00000010	0.47826630	0.31371465	0.00000010	0.60208035	0.06829312	0.00000010	1.03437185	0.00000010	0.71523684	0.24693209	0.00000010	0.00000010	0.80760252	0.00248559	0.34882542	0.00000010	0.19185725	0.23110510	0.00000010	0.00000010	0.91147494	0.04936153	0.00000010
chr14	105246470	passenage	C	T	0.00000010	0.00000010	0.00000010	0.33395791	0.49022684	0.11349705	0.00000010	0.00000010	0.00000010	0.15705779	0.43895203	0.24709946	0.00000010	0.00000010	0.00000010	0.93990761	0.10854345	0.00000010	0.67795455	1.02501845	0.48893672	1.15657330	0.00000010	0.00000010	0.50116783	0.37553895	0.34008008	0.48817384	0.10405904	0.42273062	0.61875999	0.31469491	0.15997264	0.00000010	0.17380504	0.03179880	0.00000010	0.14351180	0.00000010	0.00000010	0.90162945	0.44709983	0.00000010	0.00000010	0.00000010	0.00000010	0.00000010	0.00000010	0.31233594	0.00000010	0.68133223	0.05072335	0.09186473	0.00000010	0.34159982	0.00000010	0.07486989	0.06607999	0.00000010	0.33916092	0.00000010	0.31630230	0.00000010	0.18550253	0.13479005	0.29981390	0.00000010	0.45151642	0.00551301	0.04203356	0.53250229	0.01563160	0.01072853	0.35963756	0.00012422	0.62349343	0.00000010	0.92432773	0.47516751	0.00000010	0.16159523	0.29876411	0.00000010	0.00000010	0.00000010	0.00000010	0.54041302	0.77692872	0.00000010	0.00000010	0.78014499	0.00000010	0.00000010	0.00000010	0.00000010	0.04096843	0.01643708	0.00000010	0.02199981	0.06045719	0.00000010	0.00000010	0.02419926	0.00000010	0.39136380	0.00000010	0.25252485	0.00000010	0.20761453	0.65374225	0.60660791	0.00000010	0.12795843	0.78192973	0.00000010	0.00586539	0.00000010	0.00000010	0.00595836	0.85628855	0.00000010	0.35116521	0.04041867	0.10933448	0.05899716	0.00000010	0.04705020	0.00000010	0.20870812	0.05755346	0.00000010	0.00000010	0.00000010	0.55494320	0.00000010	0.39178509	0.45522633	0.00000010	0.05353312	0.00000010	0.00000010	0.25973558	0.25383335	0.00000010	0.00000010	0.66490293	0.67468220	0.01573580	0.63520443	0.11374153	0.14319305	0.15282148	0.04875156	0.00000010	0.60379612	0.00000010	0.11116759	0.55376571	0.74933720	0.00000010	0.00000010	0.73480713	0.00000010	0.58378708	0.00000010	0.06047852	0.63427043	0.00334412	0.52429461	0.00000010	0.00000010	0.85478961	0.50988233	0.41533941	0.10527734	0.52740914	0.64230967	0.00000010	0.61040378	0.42900822	0.00000010	0.09280213	0.00000010	0.25846079	0.00000010	0.00648615	0.06120572	0.00057086	0.35570160	0.00000010	0.00000010	0.00000010	0.00000010	0.00000010	0.00000010	0.00000010	0.00000010	0.21887900	0.42836201	0.00000010	0.00000010	0.00575898	0.00000010	0.00000010	0.00000010	0.88859057	0.42058963	0.00000010	0.01668510	0.17293455	0.00000010	0.00000010	0.03558083	0.09354350	0.02984111	0.24259102	0.24809238	0.00000010	0.15441489	0.00000010	0.00000010	0.86451977	1.21638989	0.00000010	0.02794971	0.20798653	0.00000010	0.03328812	0.06872736	0.49737829	0.00000010	0.00000010	0.00000010	0.17922716	0.18700843	0.00000010	0.38651413	0.03067003	0.00000010	0.60203630	0.00000010	0.68878472	0.09709937	0.00000010	0.02487789	0.60696042	0.01373061	0.32487985	0.00000010	0.05529547	0.21874066	0.00000010	0.09207773	0.47407120	0.00000010	0.00000010
chr14	105246551	driver	C	T	0.00000010	0.00000010	0.00000010	0.30874091	0.57909274	0.10901750	0.00000010	0.00000010	0.00000010	0.07605711	0.58387905	0.30229741	0.00000010	0.00000010	0.00000010	1.07224333	0.11957997	0.00000010	0.55021036	1.09397399	0.47907466	1.19100046	0.00000010	0.00000010	0.51054901	0.28640059	0.19682170	0.56543642	0.04446175	0.43479776	0.51019907	0.41198570	0.21962941	0.00000010	0.09892936	0.00000010	0.00000010	0.13886689	0.00000010	0.00000010	1.00487065	0.33242831	0.00000010	0.00000010	0.00000010	0.00000010	0.00000010	0.00000010	0.40016884	0.00000010	0.60172105	0.04765386	0.06478414	0.00000010	0.36256704	0.00000010	0.07295810	0.15072446	0.00062802	0.33940509	0.00000010	0.23296155	0.00000010	0.06591786	0.19029750	0.39285523	0.00000010	0.36334085	0.00000010	0.04286355	0.60910237	0.00000010	0.05449883	0.51281554	0.00562117	0.73904836	0.00000010	0.95629144	0.68265098	0.03853333	0.36637461	0.35749876	0.00000010	0.00000010	0.00000010	0.00000010	0.50680691	0.67611319	0.00000010	0.00000010	0.69075757	0.00000010	0.00000010	0.00000010	0.00000010	0.05765098	0.03105789	0.00000010	0.11845870	0.12482923	0.00000010	0.00000010	0.22769171	0.00000010	0.44138002	0.00000010	0.20698181	0.00000010	0.22142248	0.63717878	0.74548078	0.00000010	0.07703820	0.81909323	0.01021826	0.00000010	0.00000010	0.00000010	0.05888050	0.91349548	0.00000010	0.47666255	0.03997635	0.03723904	0.04117820	0.00000010	0.00000010	0.00000010	0.20341393	0.02956870	0.00000010	0.00000010	0.02621735	0.55601728	0.00000010	0.44786701	0.49941587	0.00000010	0.03990628	0.00000010	0.00000010	0.29474279	0.32385737	0.00000010	0.00000010	0.91615891	0.77272344	0.00067625	0.63039947	0.13812935	0.19864580	0.06790806	0.03020237	0.00000010	0.54599279	0.00000010	0.05253663	0.55281079	0.56521964	0.00000010	0.00000010	0.56824559	0.00000010	0.39274976	0.11127949	0.18646072	0.62258607	0.00000010	0.70454252	0.00000010	0.00000010	0.88252091	0.52557200	0.41120654	0.00000010	0.45638192	0.65615243	0.00000010	0.66555762	0.44390449	0.00000010	0.03521504	0.00000010	0.15433878	0.00000010	0.00000010	0.00000010	0.00000010	0.31765586	0.00000010	0.00000010	0.00000010	0.00000010	0.00000010	0.00000010	0.00000010	0.05725344	0.17041287	0.24382183	0.00000010	0.10497114	0.00138114	0.00000010	0.00000010	0.00000010	0.90012014	0.29376763	0.00000010	0.00000010	0.20645568	0.02881300	0.00000010	0.00000010	0.22141534	0.00000010	0.26547265	0.27266446	0.00000010	0.16900882	0.00000010	0.00000010	0.65368354	1.22531509	0.00000010	0.00000010	0.30897307	0.06167496	0.05135768	0.05546060	0.54211682	0.00000010	0.00000010	0.00000010	0.26221824	0.46298510	0.00000010	0.30797756	0.01887915	0.00000010	0.62591296	0.00000010	0.63720250	0.09304323	0.00000010	0.00000010	0.79487836	0.03701239	0.03412716	0.00000010	0.17695487	0.44225949	0.00000010	0.00000010	0.68513697	0.00000010	0.00000010
chr14	105241307	passenage	C	T	0.00000010	0.00000010	0.00000010	0.18975756	0.59800673	0.09246748	0.00000010	0.00000010	0.00000010	0.00000010	0.63406265	0.27076375	0.00000010	0.00000010	0.00000010	1.22529912	0.10787793	0.00000010	0.62790233	0.86252081	0.47032738	1.52192008	0.00000010	0.01231449	0.63100284	0.36961946	0.07880633	0.65597093	0.00000010	0.42488435	0.32330385	0.38340884	0.23392099	0.00000010	0.25934038	0.00000010	0.00000010	0.00000010	0.00000010	0.00000010	0.81118977	0.15599281	0.00000010	0.00000010	0.00000010	0.00000010	0.00000010	0.01394881	0.37500447	0.00000010	0.49319637	0.09261384	0.06947292	0.00000010	0.47329992	0.00000010	0.12478170	0.02710897	0.00492108	0.66496384	0.00000010	0.14499171	0.00000010	0.25518358	0.27548981	0.43342090	0.00000010	0.33192965	0.01403553	0.16295581	0.55405533	0.00000010	0.06392960	0.61706054	0.00697923	0.77609515	0.00000010	1.27153945	0.68287921	0.00000010	0.28311545	0.41954127	0.00000010	0.00000010	0.00000010	0.00000010	0.22554103	0.71617961	0.00000010	0.00000010	0.66181409	0.00000010	0.00000010	0.00000010	0.00000010	0.00000010	0.03956614	0.00000010	0.00000010	0.26940468	0.00000010	0.00000010	0.15986654	0.00000010	0.49249172	0.00000010	0.09763183	0.00000010	0.34017819	0.56536347	0.79978549	0.00000010	0.53481776	0.69079131	0.00140222	0.00000010	0.00000010	0.00000010	0.08012863	0.81108189	0.00000010	0.45334283	0.00000010	0.14224476	0.00000010	0.00000010	0.00000010	0.00000010	0.25675485	0.00000010	0.00000010	0.00000010	0.13006783	0.30285805	0.00000010	0.61178184	0.41571116	0.00000010	0.00000010	0.00000010	0.00000010	0.08848448	0.20499438	0.00000010	0.00000010	0.92613924	0.90507793	0.01717547	0.98597014	0.10590236	0.31536534	0.16623139	0.00000010	0.00000010	0.45221671	0.00000010	0.15652062	0.50616288	0.73886418	0.00000010	0.00000010	0.75757766	0.00000010	0.59555221	0.16364118	0.11573476	0.81481189	0.01646057	0.71312869	0.00000010	0.00000010	0.93098557	0.67567557	0.30203134	0.19442999	0.45756820	0.91143692	0.00000010	0.85112214	0.54280132	0.00000010	0.00000010	0.00000010	0.47806677	0.00000010	0.12121670	0.00000010	0.25923929	0.09964508	0.00000010	0.00000010	0.00000010	0.00000010	0.00000010	0.00000010	0.00000010	0.01108743	0.05585090	0.41687530	0.00000010	0.14868034	0.00000010	0.00000010	0.00000010	0.00000010	1.15586078	0.37218204	0.00000010	0.00000010	0.15099616	0.00000010	0.00000010	0.00000010	0.37345582	0.16192114	0.03679586	0.26607665	0.00000010	0.17943832	0.00000010	0.00000010	1.22939456	1.19778669	0.00000010	0.00000010	0.25891352	0.00000010	0.04951471	0.00000010	0.80392265	0.00000010	0.00000010	0.00000010	0.27207315	0.49438727	0.00000010	0.71840531	0.00112388	0.00000010	0.68190640	0.00000010	0.58878243	0.18168646	0.00000010	0.06282277	0.71197402	0.07830124	0.25773999	0.00000010	0.18386996	0.32024735	0.00000010	0.00000010	0.88815808	0.00776917	0.00000010
chr14	105239820	driver	T	C	0.00000010	0.00001184	0.00000010	0.12964173	0.49898916	0.04396079	0.00000010	0.00000010	0.00000010	0.07553822	0.47855338	0.29672545	0.00000010	0.00000010	0.00000010	0.97533834	0.30634874	0.00000010	0.66039699	1.08718061	0.32233310	1.63322663	0.00000010	0.00937666	0.76077425	0.58691937	0.74216747	0.51262480	0.00000010	0.50668848	0.25564554	0.34902868	0.11955249	0.00000010	0.30779600	0.02160177	0.00391833	0.36113054	0.02995080	0.00000010	0.91875666	0.34378919	0.00000010	0.00000010	0.00000010	0.00000010	0.00000010	0.00000010	0.53170967	0.00000010	1.07112908	0.00000010	0.15441400	0.00000010	0.78887379	0.03880104	0.13978073	0.10346182	0.00000010	0.39173177	0.00000010	0.26394218	0.00000010	0.28847989	0.30740860	0.04325620	0.00000010	0.71067226	0.22905660	0.09402081	0.44903439	0.00000010	0.00000010	0.51949292	0.05981407	0.87134302	0.00000010	1.63792396	0.46535689	0.00997087	0.34823185	0.61241084	0.00000010	0.07057041	0.00246474	0.00000010	1.06956315	1.20839620	0.00000010	0.00000010	0.83970630	0.00000010	0.00000010	0.00000010	0.00000010	0.00000010	0.02948172	0.00000010	0.05341483	0.25418037	0.03693910	0.08618533	0.20790361	0.00000010	0.55520624	0.11130112	0.11761481	0.00000010	0.07549602	0.67786956	0.80491978	0.00000010	0.13232647	0.52676344	0.00000010	0.00000010	0.00000010	0.00000010	0.06420421	0.80160511	0.00000010	0.42941189	0.00000010	0.17826891	0.32998610	0.00000010	0.04612904	0.00000010	0.24427921	0.00684702	0.00000010	0.00000010	0.00000010	0.16295914	0.00000010	0.58963805	0.27884713	0.00000010	0.01492310	0.00000010	0.00000010	0.03077087	0.02407126	0.00000010	0.00000010	1.13431573	0.90540850	0.00000010	0.74377787	0.00000010	0.05711892	0.42380235	0.00000010	0.00000010	0.66128790	0.00000010	0.03070804	0.71243167	0.57598865	0.00000010	0.00000010	0.82300568	0.00000010	0.74077725	0.00000010	0.15340328	0.77851570	0.00000010	0.62659216	0.00000010	0.00000010	0.92645228	0.15740333	0.54352516	0.07613532	0.61519426	0.73767698	0.00000010	0.85708725	0.52120054	0.00000010	0.17137708	0.00000010	0.29965070	0.04811555	0.21757385	0.00000010	0.12490515	0.25245151	0.00000010	0.00000010	0.00000010	0.00000010	0.16943279	0.00000010	0.00000010	0.14355350	0.40569794	0.33879006	0.00000010	0.00000010	0.00000010	0.00000010	0.00000010	0.00000010	1.07231855	0.28814420	0.00000010	0.00000010	0.06305778	0.02010179	0.00000010	0.00204004	0.22558475	0.06068521	0.00000010	0.30080479	0.00000010	0.38675562	0.00000010	0.00000010	1.00745904	1.38715386	0.07861337	0.00000010	0.09000342	0.00000010	0.04250692	0.04790296	0.53249562	0.00000010	0.00000010	0.00000010	0.44089240	0.29200041	0.00000010	0.76746023	0.00000010	0.00000010	1.12844443	0.00000010	0.68451482	0.28219220	0.04842392	0.00000010	0.91165751	0.00000010	0.35056683	0.00000010	0.12532765	0.17124417	0.00000010	0.00000010	0.44883302	0.18440862	0.00000010
chr14	105243048	driver	G	T	0.00000010	0.07081275	0.00000010	0.21441534	0.52981651	0.21150601	0.00000010	0.00000010	0.00000010	0.07167089	0.41056269	0.19666994	0.00000010	0.00000010	0.00000010	1.22832322	0.02144746	0.00000010	0.29544944	0.67669976	0.54229844	1.06546903	0.00000010	0.08439334	0.09574870	0.23572272	0.18956755	0.51717162	0.05831361	0.46621382	0.16761923	0.34358478	0.09585816	0.00000010	0.05290587	0.00000010	0.04252824	0.30257243	0.00000010	0.00000010	0.90421993	0.27045116	0.00000010	0.00000010	0.00000010	0.00000010	0.00000010	0.00000010	0.26027560	0.16413359	0.64009273	0.00000010	0.06591898	0.00000010	0.26585555	0.00000010	0.28303179	0.14962414	0.06831050	0.44265038	0.00000010	0.13120145	0.00000010	0.30408177	0.06852339	0.40554789	0.00000010	0.39166379	0.01427860	0.05143635	0.47314987	0.00000010	0.00000010	0.69231248	0.00000010	0.98935193	0.00000010	0.90801215	1.16995180	0.00000010	0.49318129	0.64957941	0.00000010	0.00000010	0.00000010	0.05552018	0.73246372	0.75749981	0.00000010	0.00000010	0.23886542	0.00000010	0.00000010	0.00000010	0.00000010	0.02456783	0.00000010	0.00000010	0.00000010	0.23517862	0.00000010	0.00000010	0.22434145	0.00000010	0.46214283	0.00000010	0.24443999	0.00000010	0.34139869	0.60355645	0.88986671	0.00000010	0.06793462	0.99243051	0.00000010	0.00000010	0.00000010	0.04972361	0.16383769	0.69159406	0.00000010	0.20275909	0.00000010	0.19739874	0.00000010	0.00000010	0.00000010	0.00000010	0.04142843	0.13362783	0.00000010	0.00000010	0.02856802	0.53185511	0.00000010	0.59016782	0.46750450	0.00000010	0.03821186	0.00000010	0.00000010	0.19856596	0.21364844	0.00000010	0.00000010	0.92817020	0.74520493	0.22973228	0.66301262	0.06304403	0.22405416	0.06073623	0.05341365	0.00000010	0.53774214	0.00000010	0.00000010	0.45377409	0.37629047	0.00000010	0.00000010	0.45322442	0.00000010	0.64403743	0.00000010	0.29271340	0.61797476	0.04479231	0.98461223	0.00000010	0.00000010	0.61032790	0.38693017	0.31925398	0.00000010	0.31424478	0.85306847	0.00000010	0.60307747	0.56521595	0.00000010	0.16886601	0.00000010	0.00000010	0.09816077	0.27308279	0.00000010	0.09916189	0.26733363	0.00000010	0.00000010	0.00000010	0.00082792	0.00000010	0.00000010	0.00000010	0.01131566	0.00000010	0.14939152	0.00000010	0.00880834	0.09422962	0.00000010	0.00000010	0.00000010	0.90156341	0.43097866	0.00000010	0.00000010	0.29158366	0.23588252	0.00000010	0.00000010	0.45841110	0.17477632	0.20273736	0.28908765	0.00000010	0.16843908	0.00000010	0.00000010	0.53778112	1.36465216	0.00000010	0.08463150	0.09949201	0.00000010	0.00000010	0.00000010	0.46683183	0.00000010	0.00000010	0.00000010	0.14179158	0.58808720	0.00000010	0.52161092	0.33140394	0.00000010	0.48917919	0.00000010	0.51452518	0.02473841	0.00000010	0.00000010	1.15395403	0.00000010	0.09431437	0.00000010	0.11808789	0.42518765	0.00000010	0.02890822	0.92779535	0.00000010	0.00000010
chr14	105246445	driver	A	C	0.00000010	0.00000010	0.00000010	0.43158937	0.57958257	0.11980894	0.00000010	0.00000010	0.00000010	0.13784505	0.37059268	0.33401144	0.00000010	0.00000010	0.00000010	0.95080662	0.23030271	0.00000010	0.72282803	0.78375995	0.54241502	1.11249030	0.00000010	0.00000010	0.55216366	0.46772262	0.25435776	0.41431814	0.10584874	0.43960780	0.44112712	0.25807828	0.02026859	0.00000010	0.27446201	0.00000010	0.02111818	0.30480114	0.00000010	0.00000010	0.77614856	0.36635119	0.00000010	0.00000010	0.00000010	0.00000010	0.00000010	0.05117026	0.46866220	0.00000010	0.88474464	0.00000010	0.15239766	0.00000010	0.30320615	0.00000010	0.14885253	0.20999333	0.00000010	0.27459502	0.00000010	0.15527073	0.00000010	0.04477022	0.06209237	0.13805482	0.00000010	0.50916868	0.00000010	0.04342657	0.66030264	0.00000010	0.00000010	0.49754435	0.11132075	0.76420909	0.00000010	0.98303759	0.55511498	0.00000010	0.19619393	0.28495884	0.00000010	0.00000010	0.00000010	0.00000010	0.67366028	0.98048830	0.00000010	0.00000010	0.81901610	0.00000010	0.00000010	0.00000010	0.00000010	0.13296708	0.03622336	0.00000010	0.00232182	0.17545700	0.00000010	0.00000010	0.06411950	0.00000010	0.34683368	0.00000010	0.26268417	0.00000010	0.12694417	0.74552834	0.55504435	0.00000010	0.15769568	0.69357848	0.00000010	0.00000010	0.00000010	0.00000010	0.06457549	0.93792677	0.00000010	0.45683318	0.01334451	0.05098321	0.09895696	0.00000010	0.13518165	0.00000010	0.24483943	0.00880054	0.00000010	0.00190990	0.00000010	0.48619732	0.00000010	0.47398418	0.35633445	0.00000010	0.01726366	0.00000010	0.00000010	0.40058935	0.17258796	0.00000010	0.00000010	0.65840995	0.64268923	0.00000010	0.50156236	0.00000010	0.13491634	0.11501375	0.09631786	0.00000010	0.69304377	0.00000010	0.10563122	0.62719572	0.67404950	0.00000010	0.00000010	0.62874740	0.00000010	0.41839355	0.01314494	0.16682187	0.49034455	0.01198262	0.49816507	0.00000010	0.00000010	0.79757893	0.33475009	0.54717416	0.16667531	0.50093013	0.52704424	0.00000010	0.54759830	0.37234902	0.00000010	0.16844283	0.00000010	0.09633489	0.00000010	0.00000010	0.14371195	0.00000010	0.43451247	0.00000010	0.00000010	0.00000010	0.00000010	0.00000010	0.02612908	0.00000010	0.04531863	0.24873126	0.41183406	0.00000010	0.12601045	0.02525709	0.00000010	0.00000010	0.00000010	0.76210129	0.19955923	0.00000010	0.03056959	0.23846510	0.00000010	0.00000010	0.04626276	0.21389002	0.00000010	0.07849410	0.17163008	0.00000010	0.16970745	0.00000010	0.00000010	0.78154188	1.39676023	0.00000010	0.01742773	0.11963809	0.00000010	0.15466164	0.16239235	0.54798520	0.00000010	0.00000010	0.00000010	0.27836430	0.35217559	0.01358468	0.33515579	0.00000010	0.00000010	0.59551883	0.00000010	0.47538739	0.23419017	0.00000010	0.00000010	0.74886465	0.00379961	0.17347038	0.00000010	0.03946615	0.32832223	0.00000010	0.12097627	0.47094044	0.06570631	0.00000010
chr4	153247297	passenage	G	A	0.27476168	0.00000010	0.08759534	0.52279174	0.41695544	0.00000010	0.19003871	0.71462196	0.00000010	0.06778575	0.50780702	0.38734406	0.00000010	0.00000010	0.00000010	0.38469115	0.06229393	0.00000010	0.10353199	0.32788044	0.10754123	0.34789586	0.01999153	0.00000010	0.06388949	0.00000010	0.00000010	0.49848253	0.00000010	0.39226529	0.21163401	0.58694410	0.30325103	0.00000010	0.56908035	0.42063254	0.28363138	0.00000010	0.00000010	0.00000010	0.07042615	0.42391261	0.08606696	0.00000010	0.02342425	0.00000010	0.00000010	0.00000010	0.68728662	0.15456121	0.00000010	0.89486939	0.00000010	0.00000010	0.45745349	0.00000010	0.46062267	0.67577189	0.01378416	0.50529349	0.29897651	0.28777370	0.00000010	0.33343786	0.05954475	0.32595310	0.48743996	0.00000010	0.00000010	0.48567876	0.26538822	0.00000010	1.09889400	0.08995423	0.00000010	0.23962581	0.00000010	0.16320121	0.10006741	0.00000010	0.40503186	0.35977504	0.00000010	0.08277039	0.00000010	0.00000010	0.00000010	0.06097469	0.68679583	0.00000010	0.19275223	0.39969176	0.05388312	0.00000010	0.04137233	0.20687775	0.44721913	0.00000010	0.00000010	0.52670360	0.00000010	0.03752258	0.37750268	0.00000010	0.15334524	0.00000010	0.28755021	0.00000010	0.48695904	0.00000010	0.42827266	0.00000010	0.41187590	0.31465587	0.00000010	0.04432435	0.00000010	0.01247777	0.47788614	0.52912569	0.00000010	0.11930092	0.00000010	0.53504443	0.56155115	0.00000010	0.13948601	0.14245822	0.00000010	0.00000010	0.00000010	0.00000010	0.00000010	0.42418051	0.00000010	0.69812381	0.61387599	0.00000010	0.24959922	0.00000010	0.01012962	0.17506379	1.03124785	0.00000010	0.06687164	0.38025749	0.40707058	0.52943379	1.16556835	1.42301655	0.28975153	0.74548304	0.04707631	0.00000010	0.19675174	0.00000010	0.36778992	0.00000010	0.33789092	0.00000010	0.33872560	0.37496316	0.00000010	0.41542229	0.00000010	0.61941141	0.36835116	0.00000010	0.37025052	0.00000010	0.89577866	0.67751133	1.41620398	0.00000010	0.00000010	0.00000010	0.83430797	0.00000010	0.36556995	0.28934503	0.02570347	0.04522744	0.10353323	0.70081717	0.05532064	0.12845953	0.03616720	0.00000010	0.01888357	0.00000010	0.00000010	0.05757847	0.00000010	0.00000010	0.00000010	0.00000010	0.00000010	0.09704383	0.37442556	0.63996577	0.00000010	0.00000010	0.00000010	0.00000010	0.40553749	0.28596812	0.12136868	0.00000010	0.00000010	0.43212342	0.00000010	0.00000010	0.07233825	0.27203009	0.23091617	0.00000010	0.30658835	0.00000010	0.00000010	0.00000010	0.00000010	0.25363353	0.09363212	0.19239394	0.00000010	0.30510300	0.00000010	0.00041176	0.00000010	0.22922784	0.43908289	0.00000010	0.00000010	0.00000010	0.21430451	0.00000010	0.68425053	0.40016711	0.00000010	0.29778332	0.00000010	0.41894677	0.00000010	0.13407335	0.38117123	0.26856691	0.50930732	0.41722369	0.00000010	0.80298901	0.25742608	0.00000010	0.00000010	1.72633958	0.00000010	0.00000010
chr4	153244184	passenage	C	T	0.43571153	0.00000010	0.07048827	0.13154198	0.40071988	0.00000010	0.11173780	0.05776367	0.00000010	0.00000010	0.21247134	0.05792905	0.00000010	0.00000010	0.00000010	0.58824277	0.00000010	0.00616687	0.24987081	0.02852986	0.39637172	0.57589257	0.00231614	0.00000010	0.37950361	0.00000010	0.02996036	0.72961867	0.00000010	0.38403237	0.26606533	0.36692566	0.16914845	0.00000010	0.49900761	0.45818782	0.03422143	0.19134687	0.00000010	0.00000010	0.41178375	0.03964226	0.00000010	0.00000010	0.00000010	0.00000010	0.00000010	0.00000010	0.52925920	0.65278935	0.12684937	0.30723125	0.00000010	0.05184138	0.48730272	0.00000010	0.18613106	0.73657513	0.00000010	0.40670371	0.00000010	0.49532062	0.00000010	1.03276134	0.13089110	0.00211704	0.00000010	0.38188693	0.00000010	0.23778236	0.60953408	0.00000010	0.36885276	0.44758520	0.00000010	0.74380797	0.00000010	0.61841935	0.41897398	0.00000010	0.47509471	0.63310766	0.04390692	0.00000010	0.00000010	0.00000010	0.19586739	0.57045031	0.35999858	0.00000010	0.11275919	0.14753275	0.00000010	0.00000010	0.00000010	0.11856274	0.27976501	0.00000010	0.00000010	0.53373766	0.04577047	0.05819432	0.49557069	0.00000010	0.51741403	0.00000010	0.43440914	0.00000010	0.37338224	0.28215921	0.99011433	0.00000010	0.76834810	0.45084226	0.11305463	0.02320639	0.00000010	0.09238778	0.38734746	0.60531974	0.00000010	0.01912713	0.00000010	0.53659028	0.36091000	0.00000010	0.00000010	0.09653787	0.04361201	0.06221443	0.00000010	0.00000010	0.00000010	0.08801952	0.00000010	0.44081691	0.57543743	0.00182892	0.19365534	0.00000010	0.00000010	0.00000010	0.75206774	0.00000010	0.13140064	0.17428474	0.78130269	0.25139657	1.00322747	0.49356917	0.26773208	0.37598088	0.00000010	0.00000010	0.47783244	0.00000010	0.04856351	0.00000010	0.59309494	0.00000010	0.11305007	0.20176892	0.06048474	0.29974678	0.00000010	0.52208120	0.70741016	0.04194487	0.71937227	0.00000010	0.22214961	0.33367249	0.64103395	0.06619674	0.00000010	0.00000010	0.79017812	0.00000010	0.43595690	0.33930761	0.00000010	0.07971388	0.00000010	0.23704770	0.46292439	0.84305847	0.00000010	0.00000010	0.23137555	0.00000010	0.00000010	0.06115162	0.00000010	0.14913084	0.16891214	0.00000010	0.00000010	0.13261367	0.53760958	0.20463714	0.00000010	0.00000010	0.00000010	0.00000010	0.10857939	0.82746047	0.18270145	0.00000010	0.00000010	0.76229835	0.00000010	0.00000010	0.00000010	0.18956672	0.52862877	0.04988934	0.54862094	0.00000010	0.14646898	0.00000010	0.00000010	0.38006330	0.90188110	0.00000010	0.00000010	0.42276472	0.00000010	0.18273875	0.00000010	0.72387302	0.19344720	0.00000010	0.00000010	0.08626743	0.49446857	0.00000010	1.06555319	0.15152426	0.00000010	0.56653404	0.00000010	0.12716632	0.07852209	0.00000010	0.08415806	0.96193546	0.00000010	0.14668880	0.00000010	0.37046170	0.39041615	0.00000010	0.00000010	1.19467390	0.17669079	0.00000010
chr4	153249385	driver	G	A	0.46859607	0.00000010	0.14867792	0.53437644	0.52037442	0.00304833	0.03215913	0.46817565	0.00000010	0.00000010	0.24683569	0.40757209	0.00000010	0.00000010	0.00000010	0.46236679	0.00000010	0.00000010	0.21601503	0.42366552	0.22598901	0.71716189	0.05474151	0.00000010	0.37976962	0.00000010	0.00000010	0.81608444	0.00000010	0.41411734	0.10896663	0.77376187	0.27897584	0.03820983	0.37776434	0.48660678	0.15587573	0.00000010	0.00000010	0.00000010	0.28004584	0.52629989	0.00000010	0.00000010	0.00000010	0.00000010	0.00000010	0.00000010	0.74814588	0.09841513	0.00000010	1.07212710	0.00000010	0.00196548	0.47094825	0.00000010	0.50544959	0.64634359	0.01370139	0.40810743	0.27834234	0.25603065	0.00000010	0.44256854	0.07600462	0.25857392	0.11980229	0.00000010	0.00000010	0.51849884	0.35395974	0.00000010	1.00253677	0.43459815	0.00000010	0.49257571	0.00000010	0.61657965	0.01303016	0.00000010	0.44633085	0.27293295	0.00000010	0.00000010	0.00000010	0.00000010	0.00000010	0.00000010	0.75138819	0.00000010	0.28015193	0.47160637	0.00000010	0.00000010	0.00000010	0.13877760	0.73371983	0.00000010	0.00000010	0.85870028	0.02994221	0.00712763	0.18196683	0.00000010	0.27042255	0.00000010	0.46067148	0.03376129	0.19050160	0.00000010	0.56016821	0.00000010	0.34695086	0.27794531	0.00181765	0.00000010	0.00000010	0.10157340	0.27758047	0.51990974	0.00000010	0.40068161	0.00000010	0.71922386	0.75078404	0.00000010	0.00000010	0.46675068	0.00000010	0.00000010	0.00000010	0.00000010	0.00000010	0.39594075	0.00000010	0.64775246	0.63786542	0.00000010	0.41378379	0.00000010	0.00000010	0.08972376	1.03894925	0.00000010	0.31662068	0.33554387	0.65050209	0.21338548	1.30477309	1.08088636	0.23033610	0.47182691	0.00000010	0.10586296	0.17754450	0.00000010	0.24405494	0.00000010	0.30893815	0.00000010	0.37302446	0.36042663	0.00000010	0.10925944	0.00000010	0.61908805	0.37930852	0.00000010	0.55583352	0.00000010	0.56587398	0.41705370	1.18605852	0.00823321	0.00000010	0.00000010	0.72835076	0.00000010	0.35283339	0.38550669	0.00000010	0.00000010	0.00000010	0.72013247	0.05693898	0.61730838	0.00000010	0.00000010	0.04978575	0.00000010	0.08951403	0.01827749	0.00000010	0.00000010	0.00294095	0.00000010	0.00791521	0.11822985	0.54783046	0.64629894	0.00000010	0.00000010	0.00000010	0.00000010	0.48390621	0.38150942	0.01293110	0.00000010	0.00000010	0.50203538	0.00000010	0.09635790	0.00743450	0.43904394	0.43619668	0.00000010	0.54488099	0.00000010	0.00000010	0.00000010	0.00000010	0.23525521	0.00000010	0.36944050	0.00000010	0.34477335	0.00000010	0.04701678	0.00000010	0.49672621	0.38035417	0.00000010	0.00000010	0.00000010	0.46026215	0.00000010	0.82077682	0.38638991	0.00000010	0.28643510	0.00000010	0.20457099	0.00000010	0.00000010	0.45624748	0.28150332	0.55196196	0.26002997	0.00000010	0.78163576	0.38473022	0.00000010	0.00000010	1.67526829	0.03143074	0.00000010
chr4	153247289	driver	G	A	0.25374430	0.00000010	0.11458617	0.63744080	0.48434132	0.00000010	0.22033595	0.65692520	0.00000010	0.04383099	0.55212748	0.33990365	0.00000010	0.00000010	0.00000010	0.38530356	0.09302252	0.00000010	0.17002280	0.31370226	0.07164250	0.51239002	0.00000010	0.00000010	0.03623334	0.00000010	0.00000010	0.53218406	0.00000010	0.41227508	0.19207627	0.59392130	0.32832301	0.00000010	0.51687366	0.44685721	0.16237122	0.00000010	0.00000010	0.00000010	0.14628287	0.32005143	0.07284924	0.00000010	0.11870294	0.00000010	0.00000010	0.00000010	0.77627265	0.19577819	0.00000010	0.94709110	0.00000010	0.00000010	0.44892377	0.00000010	0.43465108	0.68125701	0.07181312	0.48007447	0.04295715	0.30641755	0.00000010	0.27641705	0.05025064	0.36910701	0.35742685	0.00000010	0.00000010	0.53305203	0.36842251	0.00000010	1.09923840	0.18322101	0.00000010	0.30963755	0.00000010	0.19378856	0.13517264	0.00000010	0.43727499	0.36609674	0.00000010	0.25612465	0.00000010	0.00000010	0.00000010	0.00000010	0.78648651	0.00000010	0.30352432	0.53040987	0.00000010	0.00000010	0.00000010	0.14134692	0.48194602	0.00000010	0.00000010	0.60443485	0.00000010	0.00113030	0.38943052	0.00000010	0.13837907	0.00000010	0.28387699	0.02905974	0.54140824	0.00000010	0.50485682	0.00000010	0.29823169	0.30111653	0.00000010	0.02652680	0.00000010	0.00000010	0.56080449	0.49250770	0.00000010	0.08893752	0.00000010	0.57594538	0.66210216	0.00000010	0.10754856	0.31239423	0.00000010	0.00000010	0.00000010	0.00000010	0.00000010	0.42618001	0.00000010	0.72814226	0.57213658	0.00000010	0.17697147	0.00000010	0.00376873	0.14161417	1.10574818	0.00000010	0.15645936	0.44571903	0.48611698	0.49637491	1.14423001	1.53297532	0.26808336	0.77428758	0.00000010	0.00000010	0.16472045	0.00000010	0.35506955	0.00000010	0.27000502	0.00000010	0.30498004	0.22141561	0.00000010	0.32373494	0.01314108	0.66928959	0.41511524	0.00000010	0.59131819	0.00000010	0.78183508	0.68841547	1.35807705	0.00000010	0.00000010	0.00000010	0.84448242	0.00000010	0.33106518	0.26896578	0.00000010	0.01264201	0.00000010	0.79182601	0.07897527	0.12418064	0.00000010	0.00000010	0.06821229	0.00000010	0.00277098	0.08617183	0.00000010	0.00000010	0.00000010	0.00000010	0.00000010	0.05085331	0.50964618	0.59316361	0.00000010	0.00000010	0.00000010	0.00000010	0.13769075	0.31082046	0.10263466	0.00000010	0.00000010	0.38938040	0.00000010	0.00000010	0.10497791	0.23651764	0.31018296	0.00000010	0.36209643	0.00000010	0.00000010	0.00000010	0.00000010	0.28690940	0.00000010	0.31027770	0.00000010	0.29592013	0.00000010	0.08051888	0.00000010	0.37600845	0.38539821	0.00000010	0.00000010	0.00000010	0.26834893	0.00000010	0.72079349	0.46001565	0.00000010	0.51011169	0.00000010	0.27606258	0.00000010	0.06631859	0.34656394	0.41531229	0.56742227	0.43758368	0.00000010	0.78518772	0.33588341	0.00000010	0.00000010	1.74855709	0.00000010	0.00000010
chr4	153244091	passenage	C	T	0.31674406	0.00000010	0.14474198	0.23353341	0.59161621	0.00000010	0.16635524	0.31955430	0.00000010	0.00000010	0.45783758	0.04410439	0.00000010	0.00000010	0.00000010	0.54944003	0.00000010	0.00180066	0.23701920	0.29953182	0.34171575	0.54710567	0.02424000	0.00000010	0.29813287	0.00000010	0.00000010	0.71600473	0.00000010	0.33852020	0.24400525	0.40760440	0.13633305	0.00000010	0.45347756	0.64563298	0.00000010	0.06138038	0.00000010	0.00000010	0.47065172	0.10408224	0.00000010	0.00000010	0.01594101	0.00000010	0.00000010	0.00000010	0.49789512	0.43747002	0.00000010	0.62201661	0.00000010	0.00000010	0.57062525	0.00000010	0.26381585	0.63325918	0.06442502	0.41303957	0.00000010	0.32156938	0.00000010	0.99818122	0.15025772	0.10754072	0.00000010	0.16774797	0.08152154	0.52387041	0.43586448	0.00000010	0.69811910	0.55682623	0.00000010	0.75973374	0.00000010	0.45790190	0.63388836	0.00000010	0.30025089	0.54900724	0.04764128	0.00000010	0.00000010	0.00000010	0.12104013	0.49868363	0.52562243	0.00000010	0.09875080	0.06930212	0.00000010	0.00000010	0.00000010	0.15773043	0.35726675	0.00000010	0.00000010	0.76732910	0.00000010	0.00000010	0.42530072	0.00000010	0.41020828	0.00000010	0.43779314	0.00000010	0.32422531	0.23623013	0.91950643	0.00000010	0.84732473	0.52433175	0.00000010	0.04424078	0.00000010	0.18429266	0.22356465	0.54259008	0.00000010	0.00000010	0.00193935	0.63040835	0.31949311	0.00000010	0.00000010	0.28918996	0.01594315	0.04173057	0.00000010	0.00000010	0.00000010	0.36647904	0.00000010	0.35070929	0.49584758	0.00000010	0.38788277	0.00000010	0.00000010	0.00000010	0.91114897	0.00000010	0.09248184	0.14235768	0.95869172	0.14854106	1.22014153	0.95549661	0.23800394	0.19009548	0.00000010	0.00000010	0.42849094	0.00000010	0.13227248	0.00000010	0.46508855	0.06175943	0.21599768	0.20491137	0.00000010	0.19500595	0.00000010	0.41497293	0.59343588	0.07644729	0.66204488	0.00000010	0.37372258	0.36816090	0.88391244	0.07838099	0.00000010	0.00000010	0.85027885	0.00000010	0.38052607	0.39384139	0.00000010	0.02805730	0.00000010	0.33269978	0.51084507	0.53564817	0.00000010	0.00000010	0.17069598	0.00000010	0.00000010	0.00000010	0.00000010	0.00000010	0.05609673	0.00000010	0.00000010	0.12083494	0.50539523	0.50014043	0.00000010	0.00000010	0.00000010	0.00000010	0.34239560	0.75198388	0.16683254	0.04395777	0.00000010	0.72333467	0.00000010	0.00000010	0.00000010	0.20352533	0.43707591	0.03563520	0.60675621	0.00000010	0.05059783	0.00000010	0.00000010	0.60503680	0.53565383	0.00000010	0.00000010	0.38213867	0.00000010	0.08691783	0.00000010	0.62146050	0.28537926	0.00000010	0.00000010	0.00000010	0.62208283	0.00000010	0.99902630	0.20122091	0.00000010	0.33146062	0.00000010	0.08159319	0.09470882	0.00000010	0.20282429	0.70414609	0.29128969	0.19915864	0.00000010	0.51541650	0.67481494	0.00000010	0.00000010	1.41272187	0.18624555	0.00000010
chr4	153249393	passenage	G	T	0.56455922	0.00000010	0.14447944	0.50429237	0.58187795	0.03135043	0.04283809	0.46422827	0.00000010	0.00000010	0.25962818	0.36569482	0.00000010	0.00000010	0.00000010	0.32980761	0.00000010	0.00000010	0.23657760	0.37494460	0.21026744	0.78938150	0.01226201	0.00000010	0.35856315	0.00000010	0.00000010	0.71964306	0.00000010	0.42123401	0.07776687	0.72385490	0.25792819	0.00000010	0.23021238	0.48476267	0.16346104	0.00000010	0.00000010	0.00000010	0.37082797	0.58331275	0.00000010	0.00000010	0.00000010	0.00000010	0.00000010	0.00000010	0.77620965	0.10230713	0.00000010	0.95418060	0.00000010	0.00000010	0.37334466	0.00000010	0.57408524	0.60884511	0.01968925	0.37656668	0.15103841	0.36443412	0.00000010	0.55014461	0.16216293	0.30226558	0.00000010	0.00000010	0.00000010	0.55044162	0.33005941	0.00000010	0.84391558	0.37733281	0.00000010	0.48954898	0.00000010	0.69154978	0.05664556	0.00000010	0.49993122	0.25264320	0.00000010	0.00000010	0.00000010	0.00000010	0.00000010	0.00000010	0.69307441	0.00000010	0.43747842	0.46890390	0.00000010	0.00000010	0.00000010	0.05213523	0.78054738	0.00000010	0.00000010	0.87633216	0.04979437	0.00000010	0.16253670	0.00000010	0.30748808	0.00000010	0.34104314	0.00000010	0.11631962	0.00000010	0.56863433	0.00000010	0.34017551	0.28890365	0.04780972	0.00000010	0.00000010	0.15462309	0.18616393	0.51022911	0.00000010	0.41472983	0.00000010	0.66306579	0.76273787	0.00000010	0.00000010	0.46687508	0.00000010	0.02196059	0.00000010	0.00000010	0.00000010	0.27477804	0.00000010	0.52440155	0.57830000	0.00000010	0.41368729	0.00000010	0.00000010	0.08913747	1.03338289	0.00000010	0.39083585	0.36738414	0.56756389	0.31179839	1.30749762	1.02054429	0.22067378	0.33833072	0.00000010	0.05150548	0.12237176	0.00000010	0.26453516	0.00000010	0.09495260	0.00000010	0.36054373	0.33960089	0.00000010	0.09509875	0.00385390	0.52910173	0.43893462	0.00000010	0.48535785	0.00000010	0.55447662	0.41865629	1.15030456	0.01784053	0.00000010	0.00000010	0.71409464	0.00000010	0.32396638	0.37777451	0.00000010	0.00000010	0.00000010	0.55895662	0.10623589	0.54580975	0.00000010	0.00000010	0.08819331	0.00000010	0.03394354	0.01321061	0.00000010	0.00000010	0.01071499	0.00000010	0.00000010	0.07745941	0.64937627	0.62912673	0.00000010	0.00000010	0.00000010	0.00000010	0.44483376	0.41817147	0.10295935	0.00000010	0.00000010	0.46638429	0.00000010	0.09160778	0.00000010	0.49679083	0.51283157	0.00000010	0.59756958	0.00000010	0.00000010	0.00000010	0.00000010	0.28180736	0.00000010	0.35609794	0.00000010	0.25213206	0.00000010	0.06275812	0.00000010	0.54639542	0.32662132	0.01166952	0.00000010	0.00000010	0.52519596	0.00000010	0.86167729	0.33230102	0.00000010	0.34949443	0.00000010	0.27883878	0.00000010	0.00000010	0.37205875	0.32330906	0.48115462	0.37969726	0.00000010	0.67787886	0.25219971	0.00000010	0.00000010	1.65788794	0.02786273	0.00000010
chr4	153249384	driver	C	T	0.42003524	0.00000010	0.15619276	0.54731607	0.53915870	0.02209424	0.04972290	0.49432349	0.00000010	0.00000010	0.29666156	0.41843265	0.00000010	0.00000010	0.00000010	0.48237014	0.00520514	0.00000010	0.30388728	0.47911972	0.20011243	0.71188045	0.06661810	0.00000010	0.38327613	0.00000010	0.00000010	0.83310628	0.00000010	0.41572380	0.09235883	0.78291833	0.30104333	0.04004399	0.35997659	0.43392277	0.13012086	0.00000010	0.00000010	0.00000010	0.28830165	0.56083381	0.00000010	0.00000010	0.00000010	0.00000010	0.00000010	0.00000010	0.70020735	0.09988423	0.00000010	1.04671645	0.00000010	0.00000010	0.43495539	0.00000010	0.50465554	0.62242478	0.00739124	0.40015450	0.23003873	0.21970458	0.00000010	0.45769596	0.10720678	0.18786137	0.10622826	0.00000010	0.00000010	0.53531647	0.34617066	0.00000010	0.99847829	0.45847827	0.00000010	0.47930133	0.00000010	0.61802214	0.00625907	0.00000010	0.50497752	0.27134800	0.00000010	0.00000010	0.00000010	0.00000010	0.00000010	0.00000010	0.76661491	0.00000010	0.26363996	0.46204001	0.00000010	0.00000010	0.00000010	0.12490405	0.76143575	0.00000010	0.00000010	0.79970652	0.04198672	0.00000010	0.22352996	0.00000010	0.27146387	0.00000010	0.45391744	0.04937238	0.15939572	0.00000010	0.56918335	0.00000010	0.31309718	0.32418120	0.00555035	0.00000010	0.00000010	0.09623577	0.29079688	0.51529300	0.00000010	0.45462602	0.00000010	0.74813640	0.78294277	0.00000010	0.00000010	0.46589693	0.00000010	0.00000010	0.00000010	0.00000010	0.00000010	0.39775172	0.00000010	0.69692183	0.60210359	0.00000010	0.34900206	0.00000010	0.00000010	0.13264599	1.05721998	0.00000010	0.34017453	0.30368629	0.63826978	0.20835826	1.34049034	1.10819805	0.25058416	0.46325871	0.00000010	0.10886152	0.20533748	0.00000010	0.29614806	0.00000010	0.23605514	0.00000010	0.40290046	0.34499305	0.00000010	0.11487789	0.00000010	0.58268470	0.38426518	0.00000010	0.58645415	0.00000010	0.55628252	0.39202261	1.21316457	0.00000010	0.00000010	0.00000010	0.73934293	0.00000010	0.36574921	0.35679969	0.00000010	0.00000010	0.00000010	0.71283066	0.07803366	0.58265722	0.00000010	0.00000010	0.05684853	0.00000010	0.13182093	0.04241598	0.00000010	0.00000010	0.01653379	0.00000010	0.00000010	0.10157675	0.56372917	0.67912924	0.00000010	0.00000010	0.00000010	0.00000010	0.50115055	0.36146078	0.03641374	0.00000010	0.00000010	0.45645329	0.00000010	0.08025269	0.00000010	0.37600899	0.43860883	0.00000010	0.53213096	0.00000010	0.00000010	0.00000010	0.00000010	0.23542826	0.00000010	0.43381411	0.00000010	0.34522563	0.00000010	0.04614900	0.00000010	0.52751184	0.36372519	0.00000010	0.00000010	0.00000010	0.48162073	0.00000010	0.81067693	0.40250605	0.00000010	0.30896345	0.00000010	0.08232421	0.00000010	0.00000010	0.45393562	0.33359203	0.56876755	0.20292626	0.00000010	0.81226432	0.37238741	0.00000010	0.00000010	1.71440506	0.02194941	0.00000010
chr4	153251965	passenage	T	C	0.26633325	0.00000010	0.11551423	0.53731501	0.77172089	0.00000010	0.09847313	0.74440849	0.00000010	0.00000010	0.21428670	0.41217417	0.00000010	0.00000010	0.00000010	0.09802707	0.00000010	0.00000010	0.11702319	0.83863556	0.08722135	0.52777994	0.00000010	0.00000010	0.27310699	0.00000010	0.00000010	0.53133148	0.00000010	0.39173943	0.40371925	0.61940300	0.13122912	0.00619393	0.48032254	0.45172292	0.21972349	0.00000010	0.00000010	0.00000010	0.21944076	0.17084117	0.00000010	0.00000010	0.00000010	0.00000010	0.00000010	0.00000010	0.72036797	0.35525337	0.00000010	1.48852563	0.03874834	0.00000010	0.64642322	0.00000010	0.47781342	0.53628421	0.02053693	0.42592925	0.23058151	0.52468348	0.00000010	0.59860760	0.31302267	0.25438538	0.60330290	0.00000010	0.00000010	0.84066296	0.03903851	0.00000010	1.32077014	0.25952160	0.00000010	0.27499801	0.00000010	0.14028864	0.38655770	0.00000010	0.30592600	0.32252765	0.00000010	0.02046267	0.00000010	0.00000010	0.00000010	0.00000010	0.72667623	0.00000010	0.30569166	0.49647045	0.00000010	0.00000010	0.00000010	0.13313021	0.80876029	0.00000010	0.00000010	0.75914085	0.00000010	0.06420156	0.45738333	0.00000010	0.12440696	0.00000010	0.32470566	0.00000010	0.34241605	0.00000010	0.43969995	0.00000010	0.17727311	0.45373067	0.00011686	0.00000010	0.00000010	0.08532783	0.12647803	0.07873423	0.00000010	0.35720247	0.00000010	0.83355188	0.60855645	0.00000010	0.00000010	0.66521001	0.00000010	0.00000010	0.00000010	0.00000010	0.00000010	0.27268362	0.00000010	0.60559946	0.56353402	0.00000010	0.19409233	0.00000010	0.00000010	0.05309334	1.05834079	0.00000010	0.00000010	0.57294428	0.43713215	0.36577588	1.03104341	1.39480662	0.20665149	0.74677569	0.02976275	0.00000010	0.46027017	0.00000010	0.32501447	0.00000010	0.08733191	0.00000010	0.36141747	0.16287100	0.00000010	0.06588946	0.00000010	0.63001966	0.23286289	0.00000010	0.69415474	0.00000010	0.75175959	0.30163813	1.32691705	0.00000010	0.00000010	0.00000010	0.67902148	0.02849965	0.14192182	0.24756411	0.03723159	0.00000010	0.00000010	0.70465708	0.41080859	0.31520319	0.00000010	0.00000010	0.20385173	0.00000010	0.00000010	0.00000010	0.00000010	0.00000010	0.00000010	0.00000010	0.00000010	0.13096274	0.35008448	0.70515144	0.01837599	0.00000010	0.00000010	0.00000010	0.51107711	0.16595238	0.01777238	0.00000010	0.01306471	0.39941061	0.00000010	0.00000010	0.13213068	0.00072842	0.42505437	0.00000010	0.43014741	0.00000010	0.00000010	0.00000010	0.00000010	0.60173327	0.00000010	0.44003183	0.00000010	0.36899775	0.00000010	0.00000010	0.00000010	0.32851759	0.37107265	0.00000010	0.00000010	0.00000010	0.57326847	0.00000010	0.59258068	0.36293495	0.00000010	0.29732198	0.00000010	0.00000010	0.00000010	0.07609869	0.40147066	0.39042717	0.48917386	0.37584859	0.00000010	0.87179756	0.21395029	0.00000010	0.02812251	1.58239889	0.00000010	0.00000010
chr2	209116179	passenage	G	A	0.61011016	0.00000010	0.00620345	0.39336592	0.25189677	0.02965104	0.01849503	0.00000010	0.00000010	0.08807965	0.26686960	0.42356250	0.00000010	0.00000010	0.00000010	0.72970986	0.01766169	0.00000010	0.34409639	0.00411652	0.70830727	0.86860782	0.00000010	0.00465765	0.48183542	0.00000010	0.25268036	0.80097413	0.00000010	0.41490319	0.31207860	0.43769601	0.41987419	0.00000010	0.25062665	0.07077554	0.10829931	0.25396350	0.00000010	0.05631449	0.44711670	0.38895950	0.00000010	0.00000010	0.00000010	0.00000010	0.00000010	0.00000010	0.60146135	0.71968246	0.63008022	0.12087583	0.00000010	0.00000010	0.35355258	0.00000010	0.34611523	0.44026530	0.00000010	0.46324235	0.00000010	0.72182512	0.00000010	0.46734288	0.04302927	0.00000010	0.00000010	0.54957604	0.00000010	0.14772427	0.59626645	0.00000010	0.02950210	0.46462131	0.00000010	0.98668796	0.00000010	0.53118902	0.32562450	0.00000010	0.62492198	0.50210690	0.00000010	0.00000010	0.00000010	0.05497763	0.57296801	1.02140975	0.03009101	0.00000010	0.24916294	0.43572426	0.00000010	0.00000010	0.31306210	0.01053484	0.49583888	0.00000010	0.00000010	0.25886613	0.02833128	0.00000010	0.67550677	0.00000010	0.49690291	0.00000010	0.13810037	0.00000010	0.41113126	0.67925406	0.75933450	0.00000010	0.40639076	0.37371266	0.00000010	0.00000010	0.00000010	0.04707802	0.21723610	0.50132102	0.00000010	0.11936994	0.00000010	0.00000010	0.72254300	0.00000010	0.00000010	0.07772307	0.02271206	0.00000010	0.00000010	0.00000010	0.00000010	0.24110925	0.00000010	0.59954828	0.35159275	0.00000010	0.04734633	0.00000010	0.00000010	0.07961053	0.35572425	0.00000010	0.34317014	0.23164137	0.71661866	0.38985306	0.73570883	0.17169094	0.06784435	0.47745490	0.00000010	0.00000010	0.44996178	0.00000010	0.00000010	0.27095112	0.49098295	0.00000010	0.00000010	0.50959563	0.04270532	0.27528757	0.00000010	0.45805776	0.62563467	0.00000010	0.53023803	0.00000010	0.05575205	0.44160259	0.32927704	0.04452910	0.00000010	0.00000010	0.49687058	0.00000010	0.59676713	0.41278267	0.03484146	0.06080458	0.00000010	0.42528754	0.16543283	0.55169940	0.00000010	0.00000010	0.38010976	0.00000010	0.00000010	0.00000010	0.00000010	0.11564909	0.00000010	0.00000010	0.00680742	0.20671754	0.51826715	0.00000010	0.00000010	0.00000010	0.00000010	0.00000010	0.26851267	0.84111273	0.27610102	0.00000010	0.00000010	0.49028096	0.00000010	0.00000010	0.00000010	0.33485541	0.27389023	0.00000010	0.26663661	0.00000010	0.08619578	0.00000010	0.00000010	0.69386840	1.11174560	0.15462495	0.00000010	0.03577806	0.00000010	0.22270626	0.03315026	0.46914801	0.19284412	0.00000010	0.00000010	0.06179550	0.47839257	0.00000010	0.95777011	0.31170163	0.00000010	0.42893749	0.00000010	0.24567056	0.21789633	0.00000010	0.16415510	1.41949022	0.02434595	0.08655711	0.00000010	0.34151798	0.40045053	0.00000010	0.00000010	0.81060743	0.10870159	0.00000010
chr2	209113112	driver	C	A	0.26600033	0.00000010	0.15450761	0.27285635	0.50230336	0.00000010	0.06363525	0.00000010	0.00000010	0.00000010	0.40726808	0.39828885	0.00000010	0.00000010	0.00000010	0.47672153	0.04651095	0.00000010	0.37056705	0.23058461	0.78016961	0.72304338	0.00000010	0.00000010	0.58800960	0.00000010	0.28211164	0.86541057	0.00000010	0.41833609	0.00000010	0.60888672	0.31221974	0.00000010	0.59062767	0.48594233	0.00164617	0.35469803	0.00000010	0.00000010	0.44616330	0.31403336	0.00000010	0.00000010	0.00000010	0.00000010	0.00000010	0.00000010	0.67463195	0.41705561	0.46201593	0.06439079	0.00000010	0.00000010	0.75981212	0.00000010	0.48800015	0.49893528	0.08151984	0.45767784	0.00000010	0.23082006	0.00000010	0.59355283	0.27030134	0.22389619	0.00000010	0.41198561	0.00000010	0.27366334	0.41233426	0.00000010	0.18456900	0.75785106	0.00000010	0.89073390	0.00000010	0.46886837	0.22965680	0.00000010	0.73188049	0.68362117	0.00000010	0.00000010	0.00000010	0.00000010	0.56199813	0.91250372	0.21560857	0.00000010	0.06243780	0.62651426	0.07691687	0.00000010	0.00000010	0.28536546	0.44667244	0.00000010	0.00000010	0.22649512	0.20945573	0.01846210	0.58273554	0.04681257	0.62855816	0.00000010	0.49327505	0.00000010	0.60626990	0.43317938	0.79511929	0.00000010	0.21541147	0.33164960	0.03226130	0.00000010	0.00000010	0.00000010	0.41893426	0.54968297	0.00000010	0.42926934	0.00000010	0.53202999	0.94973129	0.00000010	0.05428369	0.27438959	0.00000010	0.00000010	0.00000010	0.00000010	0.00000010	0.26281583	0.00000010	0.63317358	0.65687734	0.00000010	0.08438897	0.00000010	0.00000010	0.08861744	0.45882994	0.00000010	0.02838342	0.62097472	0.94088686	0.41249889	1.02526975	0.51379097	0.07432967	0.73928094	0.00000010	0.00000010	0.33166215	0.00000010	0.13303968	0.13634005	0.40630469	0.00000010	0.12121665	0.25883177	0.00000010	0.16221653	0.00000010	0.85235095	0.21493798	0.00970032	0.57571507	0.00000010	0.03843972	0.58495772	0.50939792	0.07543128	0.00000010	0.00000010	0.65298074	0.00000010	0.76423448	0.29761145	0.00000010	0.14720291	0.00000010	0.88407826	0.26627287	0.63871622	0.00000010	0.00000010	0.09763141	0.00000010	0.02803875	0.00000010	0.00000010	0.00000010	0.26741681	0.00000010	0.00000010	0.21755652	0.59957111	0.00000010	0.00000010	0.00000010	0.00000010	0.00000010	0.18728852	0.62866282	0.15288705	0.23054187	0.04243898	0.45894778	0.00000010	0.00000010	0.00000010	0.19525063	0.44656965	0.00000010	0.48974657	0.00000010	0.06237452	0.00000010	0.00000010	0.47321191	1.00206506	0.36168411	0.00000010	0.30854106	0.00000010	0.10609632	0.00000010	0.64545846	0.14991894	0.00000010	0.00000010	0.00000010	0.53261018	0.00000010	1.08849418	0.19803855	0.00000010	0.68015862	0.00000010	0.34477672	0.27882338	0.00000010	0.21761602	1.23087347	0.08320417	0.12356263	0.00000010	0.49986285	0.12918650	0.00000010	0.00000010	0.88319910	0.21721761	0.00000010
chr2	209113112	driver	C	T	0.26600033	0.00000010	0.15450761	0.27285635	0.50230336	0.00000010	0.06363525	0.00000010	0.00000010	0.00000010	0.40726808	0.39828885	0.00000010	0.00000010	0.00000010	0.47672153	0.04651095	0.00000010	0.37056705	0.23058461	0.78016961	0.72304338	0.00000010	0.00000010	0.58800960	0.00000010	0.28211164	0.86541057	0.00000010	0.41833609	0.00000010	0.60888672	0.31221974	0.00000010	0.59062767	0.48594233	0.00164617	0.35469803	0.00000010	0.00000010	0.44616330	0.31403336	0.00000010	0.00000010	0.00000010	0.00000010	0.00000010	0.00000010	0.67463195	0.41705561	0.46201593	0.06439079	0.00000010	0.00000010	0.75981212	0.00000010	0.48800015	0.49893528	0.08151984	0.45767784	0.00000010	0.23082006	0.00000010	0.59355283	0.27030134	0.22389619	0.00000010	0.41198561	0.00000010	0.27366334	0.41233426	0.00000010	0.18456900	0.75785106	0.00000010	0.89073390	0.00000010	0.46886837	0.22965680	0.00000010	0.73188049	0.68362117	0.00000010	0.00000010	0.00000010	0.00000010	0.56199813	0.91250372	0.21560857	0.00000010	0.06243780	0.62651426	0.07691687	0.00000010	0.00000010	0.28536546	0.44667244	0.00000010	0.00000010	0.22649512	0.20945573	0.01846210	0.58273554	0.04681257	0.62855816	0.00000010	0.49327505	0.00000010	0.60626990	0.43317938	0.79511929	0.00000010	0.21541147	0.33164960	0.03226130	0.00000010	0.00000010	0.00000010	0.41893426	0.54968297	0.00000010	0.42926934	0.00000010	0.53202999	0.94973129	0.00000010	0.05428369	0.27438959	0.00000010	0.00000010	0.00000010	0.00000010	0.00000010	0.26281583	0.00000010	0.63317358	0.65687734	0.00000010	0.08438897	0.00000010	0.00000010	0.08861744	0.45882994	0.00000010	0.02838342	0.62097472	0.94088686	0.41249889	1.02526975	0.51379097	0.07432967	0.73928094	0.00000010	0.00000010	0.33166215	0.00000010	0.13303968	0.13634005	0.40630469	0.00000010	0.12121665	0.25883177	0.00000010	0.16221653	0.00000010	0.85235095	0.21493798	0.00970032	0.57571507	0.00000010	0.03843972	0.58495772	0.50939792	0.07543128	0.00000010	0.00000010	0.65298074	0.00000010	0.76423448	0.29761145	0.00000010	0.14720291	0.00000010	0.88407826	0.26627287	0.63871622	0.00000010	0.00000010	0.09763141	0.00000010	0.02803875	0.00000010	0.00000010	0.00000010	0.26741681	0.00000010	0.00000010	0.21755652	0.59957111	0.00000010	0.00000010	0.00000010	0.00000010	0.00000010	0.18728852	0.62866282	0.15288705	0.23054187	0.04243898	0.45894778	0.00000010	0.00000010	0.00000010	0.19525063	0.44656965	0.00000010	0.48974657	0.00000010	0.06237452	0.00000010	0.00000010	0.47321191	1.00206506	0.36168411	0.00000010	0.30854106	0.00000010	0.10609632	0.00000010	0.64545846	0.14991894	0.00000010	0.00000010	0.00000010	0.53261018	0.00000010	1.08849418	0.19803855	0.00000010	0.68015862	0.00000010	0.34477672	0.27882338	0.00000010	0.21761602	1.23087347	0.08320417	0.12356263	0.00000010	0.49986285	0.12918650	0.00000010	0.00000010	0.88319910	0.21721761	0.00000010
chr2	209108281	passenage	C	T	0.69235361	0.00000010	0.00425351	0.37263244	0.36973923	0.00572853	0.03959394	0.00000010	0.00000010	0.00000010	0.21557716	0.37478006	0.00000010	0.00000010	0.00000010	0.65043145	0.00000010	0.00000010	0.22172396	0.21812889	0.50855446	0.81994486	0.06580669	0.00000010	0.63848996	0.00000010	0.23985396	0.64306062	0.00000010	0.35453093	0.22465113	0.50744605	0.23118158	0.00000010	0.37051770	0.18910182	0.03646770	0.50120425	0.00000010	0.03969854	0.30924723	0.13647398	0.00000010	0.00000010	0.00000010	0.00000010	0.00000010	0.00000010	0.73311102	0.13841939	0.55078447	0.27324402	0.00000010	0.00000010	0.71547329	0.00000010	0.19941881	0.51745713	0.00000010	0.36999008	0.00000010	0.61582243	0.00000010	0.56829739	0.00000010	0.14897284	0.00000010	0.47898909	0.00000010	0.14971271	0.38332272	0.00000010	0.37479573	0.34482253	0.00000010	0.71729660	0.00000010	0.90585971	0.25285149	0.00000010	0.31412569	0.47934818	0.00000010	0.00000010	0.08346717	0.00000010	0.61470985	0.99798781	0.40688643	0.00000010	0.49236667	0.28022212	0.08885048	0.00000010	0.08990901	0.03330926	0.40412349	0.00000010	0.00000010	0.38588253	0.26968271	0.02910237	0.48637640	0.00000010	0.66846746	0.00000010	0.38570374	0.00000010	0.45203990	0.47433689	0.89551491	0.00000010	0.66108018	0.17375609	0.02974037	0.00000010	0.00000010	0.05499304	0.37791568	0.91508567	0.00000010	0.20934510	0.00000010	0.10120960	0.76584691	0.00000010	0.02269576	0.12941399	0.00000010	0.01702639	0.00000010	0.00000010	0.00000010	0.17495911	0.00000010	0.66179788	0.34098148	0.00000010	0.00507438	0.00000010	0.03512101	0.00000010	0.48629409	0.00000010	0.06766684	0.54158932	0.51920372	0.14413275	0.84849405	0.48672906	0.34662676	0.40990824	0.00000010	0.00000010	0.24692544	0.00000010	0.11025738	0.15375805	0.72359526	0.00000010	0.23418388	0.38628468	0.00000010	0.23099646	0.11329495	0.64719290	0.55167651	0.00000010	0.83185351	0.00000010	0.27706072	0.30335763	0.53229558	0.31553856	0.00000010	0.00000010	0.73429132	0.00000010	0.64460152	0.23705231	0.00000010	0.11816527	0.00000010	0.45765716	0.27637675	0.83599532	0.00000010	0.00000010	0.25865415	0.00000010	0.01170695	0.01149561	0.00000010	0.00000010	0.07847810	0.00000010	0.15074974	0.24980211	0.46592978	0.19015269	0.00000010	0.00000010	0.00000010	0.00000010	0.17080647	0.96022242	0.34427878	0.00000010	0.00000010	0.66962385	0.00000010	0.00000010	0.00000010	0.29634440	0.41410351	0.00000010	0.62576616	0.00000010	0.07432553	0.00000010	0.00000010	0.50650644	0.95844769	0.06244307	0.00000010	0.09590703	0.00000010	0.32505172	0.00000010	0.72924066	0.28532502	0.13229541	0.00000010	0.17329070	0.28653663	0.00000010	1.00241208	0.18410176	0.00000010	0.62771004	0.03908458	0.31363347	0.20200318	0.03324807	0.21648996	0.77128655	0.04131550	0.32195809	0.08459294	0.32609269	0.30372825	0.00000010	0.05345055	1.02980912	0.30185297	0.00000010
chr2	209113113	driver	G	A	0.34757134	0.00000010	0.17286046	0.27347353	0.54115939	0.00000010	0.10839531	0.02789575	0.00000010	0.00000010	0.37078589	0.40206814	0.00000010	0.00000010	0.00000010	0.47329724	0.04241070	0.00000010	0.34314394	0.24230161	0.73866934	0.69334275	0.00000010	0.00000010	0.58730513	0.00000010	0.26282540	0.87243080	0.00000010	0.40872812	0.00000010	0.59567750	0.31783324	0.00000010	0.58865571	0.47932225	0.01277310	0.33782277	0.00000010	0.00000010	0.46979612	0.26731089	0.00000010	0.00000010	0.00000010	0.00000010	0.00000010	0.00000010	0.66491234	0.43361604	0.44613606	0.15230905	0.00000010	0.00000010	0.78397256	0.00000010	0.46440181	0.46920604	0.08231740	0.48205093	0.00000010	0.27245891	0.00000010	0.63234365	0.27080360	0.21882305	0.00000010	0.43408766	0.00000010	0.30937815	0.33721459	0.00000010	0.28197619	0.79255015	0.00000010	0.93160695	0.00000010	0.50009120	0.24811909	0.00000010	0.76483715	0.63957524	0.00000010	0.00000010	0.00000010	0.00000010	0.53568494	0.83362108	0.28327394	0.00000010	0.07859721	0.60579622	0.06743231	0.00000010	0.00000010	0.24077335	0.47191459	0.00000010	0.00000010	0.23546878	0.19038057	0.00000010	0.63147748	0.03448463	0.62709159	0.00000010	0.51582843	0.00000010	0.63343829	0.41997048	0.79562569	0.00000010	0.22190516	0.28434148	0.03540275	0.00000010	0.00000010	0.00000010	0.41390401	0.52748811	0.00000010	0.40048331	0.00000010	0.49679673	0.95936924	0.00000010	0.03652398	0.29614323	0.00000010	0.00000010	0.00000010	0.00000010	0.00000010	0.26559839	0.00000010	0.60782194	0.63370597	0.01816573	0.14098050	0.00000010	0.00000010	0.10016920	0.49668813	0.00000010	0.03359596	0.65017289	0.96910793	0.42174008	1.07493687	0.63312781	0.09537911	0.73007119	0.00000010	0.00000010	0.32427299	0.00000010	0.15842618	0.13675854	0.42534652	0.00000010	0.18487617	0.26338565	0.00000010	0.17367506	0.00000010	0.83711535	0.18844143	0.01541490	0.62243867	0.00000010	0.10393988	0.58316708	0.55828142	0.07417689	0.00000010	0.00000010	0.67780715	0.00000010	0.75425977	0.26441324	0.00000010	0.15253653	0.00000010	0.82040989	0.30271450	0.62287068	0.00000010	0.00000010	0.07766977	0.00000010	0.03106346	0.00000010	0.00000010	0.00000010	0.27535400	0.00000010	0.00000010	0.21192950	0.54558426	0.07895463	0.00000010	0.00000010	0.00000010	0.00000010	0.22299632	0.61894155	0.20425850	0.19131890	0.02102600	0.44253975	0.00000010	0.00000010	0.00000010	0.22096881	0.48581904	0.00000010	0.50955999	0.00000010	0.05867599	0.00000010	0.00000010	0.50532871	0.95130193	0.31113729	0.00000010	0.32828233	0.00000010	0.11592828	0.00000010	0.63927829	0.23259412	0.00000010	0.00000010	0.00000010	0.59849596	0.00000010	1.02862811	0.25622940	0.00000010	0.68653524	0.00000010	0.35094815	0.28448871	0.00000010	0.23704533	1.19893670	0.10269411	0.12320357	0.00000010	0.55634087	0.15931273	0.00000010	0.00000010	0.94913107	0.21860234	0.00000010
chr2	209113113	driver	G	T	0.34757134	0.00000010	0.17286046	0.27347353	0.54115939	0.00000010	0.10839531	0.02789575	0.00000010	0.00000010	0.37078589	0.40206814	0.00000010	0.00000010	0.00000010	0.47329724	0.04241070	0.00000010	0.34314394	0.24230161	0.73866934	0.69334275	0.00000010	0.00000010	0.58730513	0.00000010	0.26282540	0.87243080	0.00000010	0.40872812	0.00000010	0.59567750	0.31783324	0.00000010	0.58865571	0.47932225	0.01277310	0.33782277	0.00000010	0.00000010	0.46979612	0.26731089	0.00000010	0.00000010	0.00000010	0.00000010	0.00000010	0.00000010	0.66491234	0.43361604	0.44613606	0.15230905	0.00000010	0.00000010	0.78397256	0.00000010	0.46440181	0.46920604	0.08231740	0.48205093	0.00000010	0.27245891	0.00000010	0.63234365	0.27080360	0.21882305	0.00000010	0.43408766	0.00000010	0.30937815	0.33721459	0.00000010	0.28197619	0.79255015	0.00000010	0.93160695	0.00000010	0.50009120	0.24811909	0.00000010	0.76483715	0.63957524	0.00000010	0.00000010	0.00000010	0.00000010	0.53568494	0.83362108	0.28327394	0.00000010	0.07859721	0.60579622	0.06743231	0.00000010	0.00000010	0.24077335	0.47191459	0.00000010	0.00000010	0.23546878	0.19038057	0.00000010	0.63147748	0.03448463	0.62709159	0.00000010	0.51582843	0.00000010	0.63343829	0.41997048	0.79562569	0.00000010	0.22190516	0.28434148	0.03540275	0.00000010	0.00000010	0.00000010	0.41390401	0.52748811	0.00000010	0.40048331	0.00000010	0.49679673	0.95936924	0.00000010	0.03652398	0.29614323	0.00000010	0.00000010	0.00000010	0.00000010	0.00000010	0.26559839	0.00000010	0.60782194	0.63370597	0.01816573	0.14098050	0.00000010	0.00000010	0.10016920	0.49668813	0.00000010	0.03359596	0.65017289	0.96910793	0.42174008	1.07493687	0.63312781	0.09537911	0.73007119	0.00000010	0.00000010	0.32427299	0.00000010	0.15842618	0.13675854	0.42534652	0.00000010	0.18487617	0.26338565	0.00000010	0.17367506	0.00000010	0.83711535	0.18844143	0.01541490	0.62243867	0.00000010	0.10393988	0.58316708	0.55828142	0.07417689	0.00000010	0.00000010	0.67780715	0.00000010	0.75425977	0.26441324	0.00000010	0.15253653	0.00000010	0.82040989	0.30271450	0.62287068	0.00000010	0.00000010	0.07766977	0.00000010	0.03106346	0.00000010	0.00000010	0.00000010	0.27535400	0.00000010	0.00000010	0.21192950	0.54558426	0.07895463	0.00000010	0.00000010	0.00000010	0.00000010	0.22299632	0.61894155	0.20425850	0.19131890	0.02102600	0.44253975	0.00000010	0.00000010	0.00000010	0.22096881	0.48581904	0.00000010	0.50955999	0.00000010	0.05867599	0.00000010	0.00000010	0.50532871	0.95130193	0.31113729	0.00000010	0.32828233	0.00000010	0.11592828	0.00000010	0.63927829	0.23259412	0.00000010	0.00000010	0.00000010	0.59849596	0.00000010	1.02862811	0.25622940	0.00000010	0.68653524	0.00000010	0.35094815	0.28448871	0.00000010	0.23704533	1.19893670	0.10269411	0.12320357	0.00000010	0.55634087	0.15931273	0.00000010	0.00000010	0.94913107	0.21860234	0.00000010
chr15	90631943	passenage	C	T	0.13258159	0.00000010	0.00000010	0.29092348	0.38905782	0.04828456	0.00000010	0.00000010	0.00000010	0.00000010	0.60548949	0.24582916	0.00000010	0.00000010	0.00000010	0.96662509	0.16925025	0.00000010	0.54198623	0.49666566	0.49107176	0.95150012	0.00000010	0.01051172	0.65370536	0.28144112	0.32638097	0.50659007	0.00000010	0.41566372	0.41052216	0.34452593	0.28080642	0.00000010	0.35922712	0.27102658	0.05390994	0.56541711	0.00000010	0.15298317	0.40290040	0.20842348	0.00000010	0.00000010	0.00000010	0.00000010	0.00000010	0.00000010	0.45127523	0.00000010	0.68127942	0.33474067	0.00000010	0.00000010	0.11411579	0.00000010	0.33689934	0.13570000	0.00000010	0.64000380	0.00000010	0.03741752	0.00000010	0.56067955	0.00000010	0.06066050	0.00000010	0.49686939	0.00000010	0.12607056	0.56634748	0.16358176	0.47191045	0.48367560	0.00000010	0.52337688	0.00000010	0.78890777	0.94256759	0.00000010	0.31357595	0.60899067	0.00000010	0.00000010	0.02420719	0.00000010	0.62851864	0.87037373	0.14395329	0.00000010	0.38014770	0.00000010	0.00000010	0.00000010	0.16091600	0.08464520	0.00000010	0.00000010	0.05162063	0.00000010	0.08546910	0.00000010	0.24296072	0.00000010	0.32876891	0.00000010	0.23494795	0.01772906	0.14712837	0.66888207	0.81298518	0.00000010	0.07708086	0.51961625	0.00000010	0.00000010	0.00000010	0.04610467	0.34674510	0.60545522	0.00000010	0.44750267	0.01321186	0.12463730	0.20639861	0.00000010	0.03750681	0.04025643	0.06774811	0.20644319	0.00000010	0.00000010	0.00000010	0.35684869	0.00000010	0.44011396	0.26185966	0.00000010	0.10345680	0.00000010	0.00000010	0.07918964	0.31292257	0.00000010	0.05865720	0.40265244	0.47727832	0.11073734	0.56278348	0.47201771	0.12800771	0.25102469	0.00000010	0.00000010	0.57734275	0.00000010	0.05839429	0.27702492	0.87213069	0.00000010	0.07627719	0.72715592	0.00000010	0.44939181	0.00000010	0.30475295	0.74019337	0.00000010	0.40392941	0.00000010	0.09546468	0.56269699	0.45002618	0.14610265	0.00000010	0.00000010	0.57285154	0.00000010	0.68901944	0.29726553	0.00000010	0.06141424	0.00000010	0.14697117	0.12144196	0.43435013	0.00000010	0.00000010	0.44553968	0.00000010	0.00000010	0.00000010	0.00000010	0.12077016	0.25087014	0.06550737	0.00000010	0.19774216	0.64832616	0.19223319	0.02965086	0.02500335	0.00000010	0.00000010	0.00000010	0.77665460	0.54749990	0.00000010	0.00000010	0.58506876	0.00000010	0.00000010	0.15761143	0.58168340	0.19517359	0.00241753	0.42757750	0.00000010	0.08341758	0.00000010	0.00000010	0.60118330	1.24469042	0.03514679	0.00000010	0.00000010	0.00000010	0.21878549	0.03746265	0.50808209	0.05144829	0.00000010	0.00000010	0.10460147	0.17011964	0.00000010	0.62392229	0.20548479	0.00000010	0.50812650	0.13608950	0.68141651	0.30366394	0.00000010	0.17856245	1.11621356	0.09617924	0.00000010	0.01673914	0.32935649	0.25287589	0.00000010	0.00000010	0.57721537	0.22609012	0.00000010
chr15	90631838	driver	C	T	0.17796193	0.00000010	0.01420251	0.20870265	0.48718071	0.00000010	0.02817616	0.00000010	0.00000010	0.00000010	0.42628223	0.19800545	0.00000010	0.00000010	0.00000010	0.67588627	0.06998236	0.00000010	0.50260401	0.75470591	0.50490707	1.00855517	0.00000010	0.02952954	0.63411087	0.30114758	0.19749326	0.55816466	0.00000010	0.40228617	0.36232316	0.34657806	0.30788225	0.00000010	0.26082879	0.17346978	0.04684845	0.25934258	0.00000010	0.00000010	0.40874875	0.18025602	0.00000010	0.00000010	0.00000010	0.00000010	0.00000010	0.00000010	0.53552002	0.12051707	0.45808759	0.40711516	0.00000010	0.00000010	0.10814410	0.00000010	0.10362355	0.18135417	0.00000010	0.63845521	0.00000010	0.02934758	0.00000010	0.54366934	0.06137047	0.02766518	0.00000010	0.25398734	0.00000010	0.10787448	0.65419024	0.00000010	0.42979094	0.41137677	0.09197932	0.56093907	0.00000010	0.82925522	0.87659276	0.00000010	0.24390613	0.70058811	0.00000010	0.00000010	0.00000010	0.00000010	0.39110932	0.70614326	0.13992219	0.00000010	0.56301498	0.03399213	0.00000010	0.00000010	0.04228560	0.04312215	0.01393794	0.00000010	0.00000010	0.00271797	0.05363619	0.00000010	0.23647082	0.00000010	0.26373667	0.00000010	0.28727907	0.05821628	0.11357315	0.42877445	0.83791125	0.00000010	0.44695079	0.35089463	0.00000010	0.00000010	0.00000010	0.16498609	0.16609570	0.53569543	0.00000010	0.55816221	0.00810305	0.31487057	0.29692176	0.00000010	0.00021610	0.06905075	0.08561613	0.33901662	0.00000010	0.00000010	0.01171373	0.29036927	0.00000010	0.37673122	0.34169102	0.00000010	0.11373543	0.00000010	0.00000010	0.00000010	0.40744659	0.00000010	0.15037011	0.63304693	0.58003950	0.18966018	0.83240712	0.42731258	0.05311523	0.21422142	0.00000010	0.00000010	0.65962321	0.00000010	0.01092630	0.27508685	0.71566749	0.00000010	0.00000010	0.75212181	0.00000010	0.66965616	0.00000010	0.37900209	0.73497957	0.00000010	0.60875571	0.00000010	0.09120559	0.57678437	0.44341871	0.17460012	0.00000010	0.00000010	0.69769841	0.02802560	0.57901835	0.30735341	0.00000010	0.00000010	0.00000010	0.27172431	0.02485791	0.49954975	0.00000010	0.00000010	0.34490901	0.00000010	0.00000010	0.01343819	0.00000010	0.12485911	0.18671301	0.00328228	0.00000010	0.13119090	0.60508305	0.15232763	0.00000010	0.00000010	0.00000010	0.00000010	0.00000010	0.86791205	0.47779638	0.00000010	0.00000010	0.45711833	0.00000010	0.00000010	0.11584492	0.32185832	0.18424945	0.12629168	0.53338546	0.00000010	0.11897125	0.00000010	0.00000010	0.55192280	1.13982761	0.01362892	0.00000010	0.03905294	0.06936245	0.17375416	0.00000010	0.54205632	0.05719330	0.00000010	0.00000010	0.20060281	0.25996152	0.00000010	0.61298519	0.23821716	0.00000010	0.44790220	0.00000010	0.65839946	0.25272396	0.00000010	0.25619224	1.04320478	0.13004918	0.04487972	0.00000010	0.45916501	0.11370048	0.00000010	0.00000010	0.78729993	0.13118929	0.00000010
chr15	90630682	passenage	C	A	0.07092097	0.00000010	0.08601947	0.08042513	0.51473069	0.00000010	0.00000010	0.00000010	0.00000010	0.10381702	0.42701486	0.06656826	0.00000010	0.00000010	0.00000010	0.69480014	0.14964873	0.00000010	0.87377965	0.76182693	0.53727943	1.00604844	0.00000010	0.00000010	0.32316712	0.03748492	0.48012725	0.79454595	0.00000010	0.43900517	0.44887331	0.49444926	0.26190725	0.00000010	0.36773643	0.33322823	0.00000010	0.62513900	0.00000010	0.10927720	0.63056052	0.57632899	0.00000010	0.00000010	0.00000010	0.00000010	0.00000010	0.00000010	0.54012024	0.00000010	0.60765421	0.41285187	0.08969327	0.00000010	0.36735398	0.00000010	0.24046323	0.21754649	0.00000010	0.29380810	0.00000010	0.36557621	0.00000010	0.44584626	0.18767260	0.03930218	0.00000010	0.47915953	0.05353846	0.13520673	0.55500931	0.00000010	0.20837133	0.80742228	0.00000010	0.93829197	0.00000010	0.91505665	0.58265650	0.00000010	0.09744759	0.51062292	0.00000010	0.00000010	0.00000010	0.00000010	0.66058493	0.91678292	0.10349869	0.00000010	0.40249112	0.00000010	0.00000010	0.00000010	0.00000010	0.00888420	0.08633673	0.00000010	0.00000010	0.20109077	0.00000010	0.06682786	0.35093164	0.00000010	0.77409279	0.00000010	0.11734298	0.00000010	0.04065700	0.67787880	0.75136411	0.00000010	0.30023807	0.61785686	0.02181124	0.00000010	0.00000010	0.05265511	0.00000010	0.33445275	0.00000010	0.56759942	0.00000010	0.48710185	0.48685798	0.00000010	0.00000010	0.00000010	0.15676609	0.15246953	0.00000010	0.00000010	0.00000010	0.14489436	0.00000010	0.65114212	0.72380900	0.00000010	0.03815288	0.00000010	0.00000010	0.20671520	0.50398701	0.00000010	0.00000010	0.67092931	0.83914465	0.02431194	0.81942141	0.33367869	0.00692628	0.27797338	0.00000010	0.00000010	0.42646015	0.00000010	0.11161472	0.38067436	0.48457402	0.00000010	0.01511020	0.86792171	0.00000010	0.74760860	0.00000010	0.40718919	0.75982320	0.00000010	0.80375326	0.00000010	0.06689947	0.55760121	0.49104777	0.22378051	0.00970478	0.05356879	0.87455976	0.00000010	0.74487203	0.41422945	0.00000010	0.06965703	0.00000010	0.62821096	0.01863236	0.40273875	0.00000010	0.03351595	0.31468484	0.00000010	0.00000010	0.31753463	0.00000010	0.01274962	0.08795671	0.00000010	0.12701765	0.11757619	0.21684699	0.00776707	0.07050513	0.00000010	0.00000010	0.00000010	0.00000010	0.91256851	0.62285733	0.00000010	0.00000010	0.38276705	0.00000010	0.00000010	0.00000010	0.00000010	0.28054267	0.13468824	0.50560921	0.00000010	0.15759662	0.00000010	0.00000010	0.68855453	1.07765520	0.09821638	0.00000010	0.35800040	0.00000010	0.00000010	0.00000010	0.74968767	0.00000010	0.00000010	0.00000010	0.22958246	0.45531434	0.00000010	0.61459255	0.14885972	0.00000010	0.53698874	0.00000010	0.33811966	0.09482816	0.00000010	0.04178848	1.32391882	0.00000010	0.21208918	0.00000010	0.27600428	0.00000010	0.00000010	0.00000010	0.67686152	0.14049861	0.00000010
chr15	90628072	passenage	G	A	0.00000010	0.00000010	0.00000010	0.17532896	0.51860839	0.00315816	0.00000010	0.00000010	0.00000010	0.00898484	0.23599145	0.31023347	0.00000010	0.00000010	0.00000010	1.27527750	0.11254653	0.00000010	0.73329854	1.05449092	0.56474769	1.32470274	0.00000010	0.00000010	0.26386955	0.22505932	0.32643396	0.83242595	0.00000010	0.45453995	0.24163732	0.47451964	0.20687440	0.00000010	0.20848726	0.17338651	0.00171934	0.53938997	0.00000010	0.00000010	0.93846309	0.12447631	0.00000010	0.00000010	0.00000010	0.00000010	0.00000010	0.01310990	0.45536599	0.05965438	0.60935950	0.13754037	0.02161323	0.00000010	0.52428532	0.00000010	0.17701757	0.20156039	0.00000010	0.37387791	0.00000010	0.29034650	0.00000010	0.32935563	0.17284745	0.29655567	0.00000010	0.69835043	0.00000010	0.00388723	0.47325069	0.06756152	0.18798201	0.73249245	0.00000010	1.09432733	0.00000010	1.03042531	0.74654210	0.00000010	0.61429226	0.62739855	0.00000010	0.00000010	0.02773320	0.00000010	0.78784698	1.22490966	0.00000010	0.00000010	0.53687108	0.00000010	0.00000010	0.00000010	0.00000010	0.02170135	0.09516139	0.00000010	0.00000010	0.28805834	0.01615087	0.00000010	0.06660551	0.00000010	0.67292881	0.00000010	0.09004905	0.00000010	0.04693323	0.74278837	0.83343697	0.00000010	0.25529942	0.78864533	0.00000010	0.00000010	0.00000010	0.00000010	0.12018637	0.98837459	0.00000010	0.23590755	0.00000010	0.31533179	0.12555368	0.00000010	0.05267773	0.03680689	0.22491178	0.00000010	0.00000010	0.00000010	0.08681785	0.45348543	0.00000010	0.72927034	0.53701055	0.00000010	0.13096212	0.00000010	0.00000010	0.13197675	0.33531600	0.02470377	0.00000010	0.81164289	0.98094332	0.00000010	0.90590441	0.14131501	0.17393371	0.01135805	0.03118209	0.00000010	0.51445019	0.00000010	0.03952402	0.60058564	0.80719006	0.00000010	0.00000010	0.64391375	0.00000010	0.46886671	0.00000010	0.13177785	0.76662326	0.06040363	0.90294969	0.00000010	0.00000010	0.76001942	0.52305722	0.33207506	0.00000010	0.30197644	0.89138079	0.00000010	0.89274454	0.41039702	0.00000010	0.16758119	0.00000010	0.34953362	0.00000010	0.36711848	0.00000010	0.03955090	0.37021863	0.00000010	0.00000010	0.07067400	0.00000010	0.08386969	0.00000010	0.00000010	0.24894005	0.15775982	0.26980776	0.00000010	0.00564646	0.00000010	0.00000010	0.00000010	0.00000010	1.01175523	0.35235974	0.00000010	0.06365657	0.26320255	0.00000010	0.00000010	0.00000010	0.34126079	0.04883138	0.08747301	0.45241916	0.00000010	0.22426958	0.00000010	0.00000010	0.71391869	1.55027592	0.00000010	0.15690020	0.20602532	0.03114839	0.04964523	0.00000010	0.65126634	0.00000010	0.00000010	0.05806005	0.15442903	0.29649937	0.00000010	0.62766421	0.15109020	0.00000010	0.80596626	0.00000010	0.47572085	0.16923219	0.00000010	0.02440041	1.21544647	0.00244043	0.07970804	0.00000010	0.19455385	0.18713915	0.00000010	0.08360846	0.90501016	0.08578393	0.00000010
chr15	90634852	passenage	G	A	0.18386811	0.00000010	0.00000010	0.05352025	0.54390991	0.02772688	0.02648931	0.00000010	0.00000010	0.00000010	0.71588486	0.20441052	0.00000010	0.00000010	0.00000010	0.86392546	0.10696214	0.00000010	0.74179530	0.64643240	0.69229686	1.25853300	0.00000010	0.00000010	0.74341428	0.00000010	0.40212280	0.75056565	0.00000010	0.41406786	0.20867708	0.46606955	0.22760996	0.00000010	0.15799153	0.24732485	0.01587108	0.51937616	0.00000010	0.00000010	0.57357585	0.27288917	0.00000010	0.00000010	0.00000010	0.00000010	0.00000010	0.00000010	0.52865744	0.35825801	0.56783473	0.62242687	0.02376212	0.00000010	0.43374297	0.06420743	0.24401271	0.15224716	0.00000010	0.85579228	0.00000010	0.14618710	0.00000010	0.24002534	0.28225887	0.12438621	0.00000010	0.53062236	0.08749186	0.10430606	0.52750933	0.00000010	0.41360217	0.74094105	0.00415903	0.87923789	0.00000010	1.03747559	0.79845595	0.00000010	0.64204144	0.57398260	0.06001711	0.00000010	0.06740376	0.00000010	0.63350511	1.18290710	0.13081062	0.00000010	0.51530337	0.00000010	0.00000010	0.00000010	0.00000010	0.03571770	0.10344157	0.00000010	0.00000010	0.27040029	0.00000010	0.00259554	0.29753938	0.00000010	0.55722952	0.00000010	0.26136047	0.00000010	0.25285673	0.55532032	0.79240257	0.00000010	0.76078349	0.51528740	0.00000010	0.00000010	0.00000010	0.06357845	0.04969260	0.87994266	0.00000010	0.31577566	0.13330001	0.23014003	0.32279968	0.00000010	0.26273668	0.00000010	0.10791910	0.05258313	0.00000010	0.00000010	0.00000010	0.52095306	0.00000010	0.46033722	0.60593313	0.00000010	0.00000010	0.00000010	0.00000010	0.14046347	0.53625178	0.00000010	0.00309813	0.73609841	0.91337132	0.00997387	1.06501222	0.31365183	0.20045184	0.08182537	0.03234144	0.00000010	0.46217144	0.00000010	0.03882483	0.37506524	0.66337276	0.00000010	0.06209806	1.02934456	0.00000010	0.55940396	0.00000010	0.32203954	0.73472023	0.01262384	0.56380910	0.00000010	0.27654955	0.79497862	0.71869761	0.38153845	0.09303112	0.20861237	0.88010401	0.00000010	0.83792001	0.68474489	0.00000010	0.00000010	0.00000010	0.26738405	0.17460960	0.27533850	0.00000010	0.01827750	0.40092221	0.00000010	0.00000010	0.00000010	0.00000010	0.16361597	0.00000010	0.00000010	0.01184964	0.20456970	0.26855215	0.11077452	0.07767925	0.00000010	0.00000010	0.00000010	0.00000010	1.06420612	0.30015984	0.00000010	0.00000010	0.40896600	0.00000010	0.00000010	0.00000010	0.01175781	0.24901676	0.02891911	0.40078735	0.00000010	0.09012356	0.00000010	0.00000010	0.50431573	1.49036527	0.17216673	0.00000010	0.03568643	0.00000010	0.17787588	0.03281558	0.64879477	0.00000010	0.05518486	0.00000010	0.21079141	0.55859232	0.00000010	0.75169611	0.04630065	0.00000010	0.33897513	0.00000010	0.80519331	0.21362986	0.00000010	0.04252133	1.15392804	0.06948988	0.25136620	0.00000010	0.31462687	0.27798390	0.00000010	0.00000010	1.02748036	0.17887902	0.00000010
chr15	90631838	driver	C	A	0.17796193	0.00000010	0.01420251	0.20870265	0.48718071	0.00000010	0.02817616	0.00000010	0.00000010	0.00000010	0.42628223	0.19800545	0.00000010	0.00000010	0.00000010	0.67588627	0.06998236	0.00000010	0.50260401	0.75470591	0.50490707	1.00855517	0.00000010	0.02952954	0.63411087	0.30114758	0.19749326	0.55816466	0.00000010	0.40228617	0.36232316	0.34657806	0.30788225	0.00000010	0.26082879	0.17346978	0.04684845	0.25934258	0.00000010	0.00000010	0.40874875	0.18025602	0.00000010	0.00000010	0.00000010	0.00000010	0.00000010	0.00000010	0.53552002	0.12051707	0.45808759	0.40711516	0.00000010	0.00000010	0.10814410	0.00000010	0.10362355	0.18135417	0.00000010	0.63845521	0.00000010	0.02934758	0.00000010	0.54366934	0.06137047	0.02766518	0.00000010	0.25398734	0.00000010	0.10787448	0.65419024	0.00000010	0.42979094	0.41137677	0.09197932	0.56093907	0.00000010	0.82925522	0.87659276	0.00000010	0.24390613	0.70058811	0.00000010	0.00000010	0.00000010	0.00000010	0.39110932	0.70614326	0.13992219	0.00000010	0.56301498	0.03399213	0.00000010	0.00000010	0.04228560	0.04312215	0.01393794	0.00000010	0.00000010	0.00271797	0.05363619	0.00000010	0.23647082	0.00000010	0.26373667	0.00000010	0.28727907	0.05821628	0.11357315	0.42877445	0.83791125	0.00000010	0.44695079	0.35089463	0.00000010	0.00000010	0.00000010	0.16498609	0.16609570	0.53569543	0.00000010	0.55816221	0.00810305	0.31487057	0.29692176	0.00000010	0.00021610	0.06905075	0.08561613	0.33901662	0.00000010	0.00000010	0.01171373	0.29036927	0.00000010	0.37673122	0.34169102	0.00000010	0.11373543	0.00000010	0.00000010	0.00000010	0.40744659	0.00000010	0.15037011	0.63304693	0.58003950	0.18966018	0.83240712	0.42731258	0.05311523	0.21422142	0.00000010	0.00000010	0.65962321	0.00000010	0.01092630	0.27508685	0.71566749	0.00000010	0.00000010	0.75212181	0.00000010	0.66965616	0.00000010	0.37900209	0.73497957	0.00000010	0.60875571	0.00000010	0.09120559	0.57678437	0.44341871	0.17460012	0.00000010	0.00000010	0.69769841	0.02802560	0.57901835	0.30735341	0.00000010	0.00000010	0.00000010	0.27172431	0.02485791	0.49954975	0.00000010	0.00000010	0.34490901	0.00000010	0.00000010	0.01343819	0.00000010	0.12485911	0.18671301	0.00328228	0.00000010	0.13119090	0.60508305	0.15232763	0.00000010	0.00000010	0.00000010	0.00000010	0.00000010	0.86791205	0.47779638	0.00000010	0.00000010	0.45711833	0.00000010	0.00000010	0.11584492	0.32185832	0.18424945	0.12629168	0.53338546	0.00000010	0.11897125	0.00000010	0.00000010	0.55192280	1.13982761	0.01362892	0.00000010	0.03905294	0.06936245	0.17375416	0.00000010	0.54205632	0.05719330	0.00000010	0.00000010	0.20060281	0.25996152	0.00000010	0.61298519	0.23821716	0.00000010	0.44790220	0.00000010	0.65839946	0.25272396	0.00000010	0.25619224	1.04320478	0.13004918	0.04487972	0.00000010	0.45916501	0.11370048	0.00000010	0.00000010	0.78729993	0.13118929	0.00000010
chr15	90631938	passenage	T	A	0.21342327	0.00000010	0.00000010	0.26538500	0.37601215	0.02946147	0.00000010	0.00000010	0.00000010	0.00000010	0.58148158	0.24426016	0.05084141	0.00000010	0.00000010	0.93397427	0.14242470	0.00000010	0.57606733	0.48414099	0.48869777	0.94245231	0.00000010	0.00000010	0.64187557	0.17905885	0.30161828	0.57316691	0.01459389	0.40467381	0.50601864	0.32349575	0.33555230	0.00000010	0.34188449	0.28211382	0.01099047	0.50429499	0.00000010	0.11283877	0.36115274	0.20904651	0.00000010	0.00000010	0.00000010	0.00000010	0.00000010	0.00000010	0.44293711	0.09784840	0.67204624	0.31311134	0.00000010	0.00000010	0.15132040	0.00000010	0.35432410	0.16022481	0.00000010	0.66421306	0.00000010	0.07266493	0.00000010	0.58511055	0.00000010	0.09078373	0.00000010	0.46767178	0.00000010	0.16566433	0.47594479	0.07533024	0.51669276	0.37948972	0.00000010	0.55904388	0.00000010	0.77265948	0.87645251	0.00000010	0.39621398	0.65270460	0.00000010	0.00000010	0.00473340	0.00000010	0.58398068	0.81932354	0.14108901	0.00000010	0.36356851	0.02674059	0.00000010	0.00000010	0.24045089	0.07255658	0.00000010	0.00000010	0.05814834	0.00000010	0.12951751	0.00000010	0.29963875	0.00000010	0.29875749	0.00000010	0.25285372	0.02873656	0.22976433	0.62710339	0.81607497	0.00000010	0.23599324	0.57208335	0.00000010	0.00000010	0.00000010	0.02611247	0.36631101	0.53307688	0.00000010	0.50354755	0.05722277	0.10111286	0.23380631	0.00000010	0.06999032	0.13238131	0.08160892	0.13864577	0.00000010	0.00000010	0.00000010	0.35681602	0.00000010	0.43590707	0.21272588	0.00000010	0.09382962	0.00000010	0.00000010	0.06926601	0.34561387	0.00000010	0.02519345	0.45545304	0.52767640	0.11815160	0.64960700	0.51258111	0.22170648	0.16767000	0.00000010	0.00000010	0.52592635	0.00000010	0.04580402	0.29858226	0.94723535	0.00000010	0.04891656	0.68882787	0.00000010	0.48902714	0.00000010	0.37219316	0.73798740	0.00000010	0.48748571	0.00000010	0.10308662	0.56859457	0.44474918	0.13444859	0.00000010	0.00000010	0.57996547	0.00000010	0.68940175	0.35329682	0.00000010	0.06142730	0.00000010	0.17230661	0.13939480	0.56613541	0.00000010	0.00000010	0.48455107	0.00000010	0.00000010	0.00000010	0.00000010	0.14444447	0.15208435	0.00542949	0.00000010	0.11118127	0.71157086	0.23263454	0.00035238	0.03586777	0.00000010	0.00000010	0.00000010	0.81167042	0.55752504	0.00000010	0.00000010	0.59844899	0.00000010	0.00000010	0.11525570	0.51447874	0.10645801	0.00000010	0.36590427	0.00000010	0.07639514	0.00000010	0.00000010	0.57489526	1.22625875	0.04800889	0.03328926	0.00000010	0.01266457	0.19966057	0.00000010	0.54318649	0.08251146	0.00000010	0.00000010	0.09155710	0.16984215	0.00000010	0.64940083	0.28317076	0.00000010	0.50476640	0.07369484	0.61858726	0.26857486	0.10176024	0.15408772	1.12833333	0.04286895	0.00000010	0.00000010	0.38772258	0.22225749	0.00000010	0.00000010	0.67861319	0.24833176	0.00000010
chr15	90628595	passenage	G	A	0.00000010	0.05556297	0.00000010	0.30641228	0.46559370	0.14715740	0.01061142	0.23794429	0.00000010	0.02918283	0.47559479	0.30941722	0.00000010	0.00000010	0.00000010	1.01805222	0.06110573	0.00000010	0.58453733	0.88224310	0.50733978	1.18138921	0.05804381	0.09930797	0.32303512	0.24126343	0.47334895	0.65048265	0.00000010	0.46814913	0.18178755	0.37064019	0.04568440	0.00000010	0.05155165	0.01081142	0.00000010	0.59215957	0.00000010	0.02193499	0.93345833	0.23012044	0.00000010	0.00000010	0.00000010	0.00000010	0.00000010	0.00000010	0.40264052	0.24670720	0.62169564	0.47682586	0.18844402	0.00000010	0.46173525	0.05097682	0.16719152	0.21506305	0.03813356	0.41662097	0.05827960	0.10487410	0.00000010	0.32783222	0.28961360	0.15099414	0.17954996	0.42636606	0.00000010	0.17927086	0.60927439	0.02700130	0.48009259	0.71983337	0.12143885	0.85932517	0.00000010	0.81477487	0.90843022	0.00047131	0.61337376	0.68021500	0.00882337	0.00000010	0.00000010	0.04156455	0.60881495	0.65691936	0.17219949	0.00000010	0.38261625	0.00000010	0.00000010	0.00000010	0.00000010	0.06867130	0.01811151	0.00000010	0.00000010	0.27008456	0.00000010	0.00000010	0.21032755	0.00000010	0.38149226	0.00000010	0.25003272	0.00000010	0.21880898	0.50403750	0.86930668	0.00000010	0.29468703	0.76308835	0.00000010	0.00000010	0.00000010	0.00000010	0.00000010	0.79149926	0.00000010	0.44673789	0.00000010	0.31324548	0.21128598	0.00000010	0.07278036	0.01535571	0.12474115	0.00000010	0.00000010	0.00000010	0.00000010	0.36361486	0.00000010	0.49528456	0.57063317	0.00000010	0.00000010	0.00000010	0.00000010	0.13691574	0.42499095	0.00000010	0.00000010	0.83533305	0.72447395	0.07186931	0.84947181	0.41584823	0.25793293	0.00000010	0.04911895	0.00000010	0.52460480	0.00000010	0.13359304	0.36096734	0.21300086	0.00000010	0.00000010	0.72282541	0.00000010	0.70767653	0.03404463	0.19628261	0.71511942	0.11011144	0.94040060	0.00000010	0.28422254	0.56264418	0.67474180	0.33100173	0.00000010	0.39285922	0.92802918	0.00223910	0.90786636	0.40184963	0.00000010	0.15143812	0.00000010	0.14719556	0.13059112	0.01443461	0.00000010	0.07683183	0.27808842	0.00000010	0.00000010	0.00000010	0.00000010	0.00000010	0.00000010	0.00000010	0.35623091	0.11641220	0.17628340	0.28022322	0.03173420	0.05077918	0.00000010	0.00000010	0.00000010	0.91017568	0.25790116	0.00000010	0.00000010	0.25156906	0.00496136	0.00000010	0.00000010	0.41720501	0.04331589	0.00000010	0.30131525	0.00000010	0.17106484	0.00000010	0.04003838	0.54511452	1.02265036	0.08002971	0.08346084	0.14134578	0.19879399	0.00000010	0.00000010	0.41911426	0.00000010	0.00000010	0.00000010	0.10370567	0.43175942	0.00000010	0.55735427	0.16233295	0.00000010	0.65173876	0.00000010	0.41106665	0.13795914	0.00000010	0.04019192	0.83704740	0.16719967	0.09196301	0.00000010	0.37571007	0.37217963	0.00000010	0.02893989	0.98631746	0.00535761	0.00000010
chr12	25398285	driver	C	T	0.17738937	0.00000010	0.00760383	0.57166636	0.43620121	0.23137107	0.04107755	0.07655364	0.00000010	0.03296190	0.49864602	0.47219658	0.00000010	0.08988579	0.00000010	0.32688689	0.21297944	0.00000010	0.00000010	0.31248641	0.46217752	0.60544986	0.00000010	0.00000010	0.58098584	0.00000010	0.24081390	0.57899523	0.00000010	0.41880167	0.12756896	0.54530936	0.28018934	0.00000010	0.54049307	0.57470870	0.16299607	0.00000010	0.00000010	0.00000010	0.09241900	0.33954531	0.00000010	0.00000010	0.00000010	0.00000010	0.00000010	0.00000010	0.54990739	0.24733411	0.11484306	0.44429749	0.21450849	0.00812193	0.67165685	0.00000010	0.47642708	0.78423703	0.10335526	0.30432633	0.00000010	0.40778396	0.00000010	0.73687029	0.24298495	0.00000010	0.00000010	0.15385953	0.00000010	0.69117898	0.25120628	0.00000010	0.47568914	0.48564970	0.00000010	0.52773577	0.00000010	0.68003607	0.00000010	0.00000010	0.73096669	0.52286309	0.00000010	0.32423118	0.00000010	0.18986115	0.09007098	0.37162140	0.18915260	0.00000010	0.00000010	0.33850297	0.00000010	0.00000010	0.00000010	0.23205079	0.51679891	0.00000010	0.00000010	0.56337023	0.07100446	0.00000010	0.63235301	0.00000010	0.45554683	0.00000010	0.12059226	0.00000010	0.38961729	0.10436033	0.50963950	0.00000010	0.33316112	0.45962626	0.00000010	0.00000010	0.00000010	0.08815115	0.24220258	0.13641581	0.00000010	0.30975711	0.16919792	0.42954224	0.65466952	0.00000010	0.22716586	0.11137083	0.08432733	0.00000010	0.01034053	0.00000010	0.00000010	0.02625690	0.00000010	0.62320435	0.41590011	0.00000010	0.00000010	0.00000010	0.02706526	0.31801218	0.49361849	0.00000010	0.14765865	0.32153940	0.81743467	0.27021044	1.03791142	0.61628795	0.10346380	0.77207792	0.00000010	0.13619807	0.29530153	0.00000010	0.00850809	0.08281800	0.21446902	0.00000010	0.10947004	0.33868229	0.00000010	0.04652943	0.00000010	0.48052806	0.60317302	0.00000010	0.37644306	0.00000010	0.17085609	0.63560909	0.60933226	0.04877049	0.00000010	0.00000010	0.58670443	0.00000010	0.50437725	0.11759262	0.00000010	0.22027144	0.00000010	0.63814723	0.15106817	0.17010166	0.00000010	0.00000010	0.30415446	0.00000010	0.00000010	0.00000010	0.02959482	0.00000010	0.00000010	0.00000010	0.18757126	0.48262849	0.23655429	0.10865852	0.04015464	0.00000010	0.00000010	0.00000010	0.41781589	0.50122499	0.06873982	0.00000010	0.23090923	0.57587630	0.00000010	0.03210000	0.03434431	0.16104916	0.36937922	0.05030655	0.44971889	0.00000010	0.00016439	0.00000010	0.00000010	0.56345230	0.44237804	0.46709472	0.09128766	0.33011487	0.00000010	0.00000010	0.00000010	0.34019426	0.00000010	0.00000010	0.00000010	0.00000010	0.48650968	0.00000010	0.92969131	0.23711732	0.00000010	0.44209152	0.00000010	0.12690437	0.03054471	0.15961228	0.14370424	0.70593828	0.11702362	0.09025365	0.00000010	0.50148523	0.42920312	0.00000010	0.00000010	0.82007700	0.13211745	0.00000010
chr12	25398220	driver	A	T	0.14344534	0.00000010	0.00000010	0.52301109	0.43096024	0.24955425	0.00000010	0.00000010	0.00000010	0.03249410	0.24842098	0.39423868	0.04804484	0.02697425	0.00000010	0.28684166	0.13913785	0.00000010	0.02712140	0.09420956	0.37291646	0.45296416	0.02052881	0.01922309	0.51314151	0.04339112	0.23099858	0.59350252	0.00000010	0.42685711	0.16274031	0.56466389	0.22854933	0.00000010	0.30554283	0.32193089	0.21894452	0.02031885	0.00000010	0.00000010	0.20325208	0.42809743	0.00000010	0.00000010	0.00000010	0.00000010	0.00000010	0.00000010	0.58552015	0.13061923	0.16992933	0.23206714	0.17485401	0.01903090	0.64944953	0.00000010	0.36893484	0.85838491	0.06398461	0.20267825	0.00000010	0.39959177	0.00000010	0.67352617	0.32076001	0.00000010	0.00000010	0.19299963	0.00000010	0.45995480	0.30643702	0.00000010	0.35386196	0.54135180	0.00000010	0.61413813	0.00000010	0.81472707	0.00000010	0.00000010	0.67577344	0.43216884	0.00000010	0.32505670	0.00672411	0.22430500	0.10621661	0.59315968	0.24638033	0.00000010	0.00000010	0.30750868	0.00000010	0.00000010	0.00000010	0.16728216	0.52165759	0.00000010	0.00000010	0.74206305	0.03634031	0.00000010	0.62941831	0.08208635	0.47437495	0.00000010	0.12286780	0.00000010	0.29147962	0.19289163	0.57756197	0.00000010	0.42454726	0.30450732	0.00000010	0.01400029	0.00000010	0.09964134	0.20960228	0.18490466	0.00000010	0.07918739	0.11591148	0.46507892	0.70684254	0.00000010	0.21045366	0.17361788	0.05427994	0.00000010	0.06950669	0.00000010	0.00000010	0.00000010	0.00000010	0.60315108	0.35291862	0.00000010	0.00000010	0.00000010	0.00000010	0.29881358	0.49198109	0.00000010	0.18803525	0.28053835	0.75309646	0.36634153	0.83565199	0.60758448	0.06547891	0.76632214	0.00000010	0.12839490	0.29822949	0.00000010	0.03228549	0.07931341	0.32628864	0.00000010	0.09637567	0.28969580	0.00000010	0.00027403	0.00000010	0.61178905	0.45901257	0.00000010	0.41554475	0.00000010	0.12849474	0.62191367	0.56987160	0.07115257	0.00000010	0.00000010	0.58060753	0.00000010	0.47791597	0.09124322	0.00000010	0.26334557	0.00000010	0.54412532	0.27903786	0.34031755	0.00000010	0.00000010	0.34112197	0.00000010	0.09491044	0.00000010	0.00000010	0.00000010	0.00597052	0.00000010	0.18276858	0.41243210	0.14828947	0.00000010	0.00000010	0.00000010	0.00000010	0.00000010	0.45816365	0.52297544	0.02848771	0.00000010	0.19590986	0.53513992	0.00000010	0.00000010	0.00000010	0.16287284	0.44458625	0.02273790	0.49780858	0.00000010	0.02664943	0.00000010	0.00000010	0.33991063	0.60928166	0.21745291	0.05125601	0.31396922	0.00000010	0.00000010	0.00000010	0.31694528	0.05755365	0.00000010	0.00000010	0.00000010	0.62331432	0.00000010	0.95520544	0.18338598	0.00000010	0.50203651	0.00000010	0.13432714	0.12307295	0.07392268	0.15040877	0.48490244	0.23380153	0.02431313	0.06759500	0.50293660	0.50737178	0.00000010	0.00000010	0.80405611	0.14880937	0.00000010
chr12	25398284	driver	C	T	0.17431782	0.00000010	0.01231407	0.54648483	0.45037371	0.20645221	0.05609968	0.02708282	0.00000010	0.04050381	0.51778400	0.46989155	0.00000010	0.06415655	0.00000010	0.32640478	0.20428482	0.00000010	0.00000010	0.36606947	0.48692620	0.62483704	0.00000010	0.00000010	0.57335186	0.00000010	0.29204506	0.57892823	0.00000010	0.41375715	0.13442577	0.53815585	0.31164303	0.00000010	0.50897437	0.58888280	0.17907730	0.00000010	0.00000010	0.00000010	0.09852379	0.32486475	0.00000010	0.00000010	0.00000010	0.00000010	0.00000010	0.00000010	0.60036504	0.23922472	0.14055118	0.41028315	0.22256951	0.00000010	0.66949403	0.00000010	0.46444526	0.78154206	0.08932651	0.31627968	0.00000010	0.41963413	0.00000010	0.73109341	0.26533765	0.00000010	0.00000010	0.18924937	0.00000010	0.69505745	0.23615345	0.00000010	0.44651332	0.46517909	0.00000010	0.52819645	0.00000010	0.70062011	0.00000010	0.00000010	0.71589518	0.52459937	0.00000010	0.33037135	0.00000010	0.19027834	0.12284175	0.42493832	0.15511261	0.00000010	0.02454781	0.27609476	0.00000010	0.00000010	0.00000010	0.24148646	0.49227685	0.00000010	0.00000010	0.54892403	0.07190137	0.00000010	0.63886046	0.00000010	0.49282527	0.00000010	0.10333717	0.00000010	0.38207451	0.11652925	0.49184483	0.00000010	0.32572383	0.48253703	0.00000010	0.00000010	0.00000010	0.09092522	0.23777822	0.12774837	0.00000010	0.29797146	0.16019118	0.41947109	0.66919911	0.00000010	0.22152951	0.07010266	0.10573904	0.00000010	0.00813844	0.00000010	0.00000010	0.02905921	0.00000010	0.62450576	0.40470049	0.00000010	0.00000010	0.00000010	0.01747116	0.33337623	0.44289273	0.00000010	0.11814429	0.32356635	0.82936102	0.27080610	1.00888252	0.58221269	0.11827989	0.78568119	0.00000010	0.15523264	0.31826326	0.00000010	0.00270538	0.08372681	0.27680510	0.00000010	0.08255094	0.36860704	0.00000010	0.09901103	0.00000010	0.46408147	0.63068521	0.00000010	0.38177806	0.00000010	0.12123695	0.65421236	0.57181180	0.04383469	0.00000010	0.00000010	0.58647597	0.00000010	0.49760789	0.12257491	0.00000010	0.22457936	0.00000010	0.61559832	0.14982788	0.14811522	0.00000010	0.00000010	0.31869513	0.00000010	0.00000010	0.00951927	0.01531970	0.00000010	0.00000010	0.00000010	0.19521657	0.48659009	0.25166425	0.04955585	0.03236778	0.00000010	0.00000010	0.00000010	0.39361247	0.52364856	0.09460613	0.00000010	0.24089485	0.57481617	0.00000010	0.02622756	0.00861461	0.16870295	0.39371675	0.04000307	0.50786632	0.00000010	0.00000010	0.00000010	0.00000010	0.54859471	0.50547910	0.49840885	0.06419316	0.32181823	0.00000010	0.00000010	0.00000010	0.34180304	0.00000010	0.00000010	0.00000010	0.00000010	0.51080865	0.00000010	0.92384064	0.20554605	0.00000010	0.43346816	0.00000010	0.15598063	0.04667249	0.16920076	0.14870057	0.73654926	0.12885508	0.08753911	0.00000010	0.49397424	0.40886977	0.00000010	0.00000010	0.78702188	0.14132583	0.00000010
chr12	25380274	driver	C	T	0.42367125	0.00000010	0.14716351	0.29697153	0.53562272	0.01889156	0.12461010	0.07283216	0.00000010	0.14598075	0.47543034	0.33625671	0.00000010	0.00000010	0.00000010	0.39697927	0.00000010	0.00000010	0.23088107	0.53403515	0.60004181	0.55231237	0.04310039	0.00000010	0.59304422	0.00000010	0.20627871	0.49763829	0.00000010	0.36321718	0.22375846	0.48943725	0.07806288	0.02040024	0.38059139	0.34144413	0.14751387	0.27762973	0.00000010	0.00000010	0.50783926	0.27349997	0.00000010	0.00000010	0.00000010	0.00000010	0.00000010	0.00000010	0.43289548	0.50645524	0.34250110	0.29890612	0.00000010	0.02993345	0.51277733	0.00000010	0.55796266	0.36671323	0.00000010	0.47784978	0.00000010	0.37846079	0.00000010	0.79471797	0.10733213	0.05620678	0.00000010	0.35456854	0.00000010	0.50737745	0.29164487	0.00000010	0.38695341	0.55707121	0.00000010	0.76729226	0.00000010	0.15497525	0.18683335	0.00000010	0.51527143	0.65007472	0.03986086	0.24882089	0.00000010	0.00000010	0.28579646	0.61786258	0.17589872	0.00000010	0.31364724	0.41535509	0.04003114	0.00000010	0.13536309	0.19527598	0.52706760	0.00000010	0.00000010	0.30954942	0.05297012	0.02866629	0.41686195	0.00000010	0.36692733	0.00000010	0.21051773	0.00000010	0.40852404	0.32069179	0.55757236	0.00000010	0.33358604	0.25270900	0.00000010	0.00000010	0.00000010	0.05699809	0.32714373	0.38202149	0.00000010	0.13432017	0.00000010	0.54795355	0.59572381	0.00000010	0.00000010	0.08235003	0.00000010	0.07439646	0.00000010	0.00000010	0.00000010	0.32449967	0.00000010	0.49787432	0.53644669	0.00000010	0.45064005	0.00000010	0.00000010	0.01534059	0.39139864	0.00000010	0.22829121	0.23134711	0.83001256	0.42307040	0.82829607	0.61068392	0.31886998	0.54700661	0.00000010	0.00000010	0.28984195	0.00000010	0.13165510	0.12151305	0.30512822	0.00000010	0.23129314	0.54895729	0.00000010	0.39543551	0.00000010	0.44939151	0.34376881	0.00000010	0.49214888	0.00000010	0.10728868	0.25049824	0.53451377	0.06890585	0.00000010	0.00000010	0.66669840	0.07468185	0.57897210	0.04463066	0.00000010	0.22208570	0.00000010	0.58583301	0.22905523	0.36199778	0.00000010	0.00000010	0.17198892	0.00000010	0.00000010	0.00000010	0.00000010	0.00000010	0.28341651	0.00000010	0.04065828	0.16389014	0.56772518	0.02098987	0.00000010	0.00000010	0.00000010	0.00000010	0.36562514	0.55613458	0.17218193	0.00000010	0.00000010	0.54215109	0.00000010	0.06895447	0.00000010	0.17416129	0.28588694	0.00000010	0.59234303	0.00000010	0.08099362	0.00000010	0.00000010	0.49847820	0.77871406	0.24308454	0.00000010	0.23285902	0.00000010	0.00523688	0.00000010	0.43060222	0.22905992	0.00000010	0.00000010	0.00000010	0.42251226	0.00000010	0.92482454	0.24684760	0.00000010	0.55192447	0.00000010	0.17322259	0.08718818	0.28433535	0.27340150	1.25351286	0.00000010	0.14384916	0.00000010	0.44522661	0.37227294	0.00000010	0.00000010	0.75558561	0.10483985	0.00000010
chr12	25380282	driver	G	C	0.39617395	0.00000010	0.13068774	0.42800048	0.50323391	0.00000010	0.04302663	0.05569211	0.00000010	0.07671248	0.37238422	0.40291956	0.00000010	0.00000010	0.00000010	0.50438017	0.00000010	0.00000010	0.19826214	0.34842312	0.71841556	0.44394308	0.00669269	0.00000010	0.56367719	0.00000010	0.31627476	0.53956509	0.00000010	0.35493314	0.14190722	0.46687675	0.00000010	0.00000010	0.35519493	0.16940485	0.10652311	0.35893449	0.00000010	0.00000010	0.56604671	0.34050354	0.06081145	0.00000010	0.00000010	0.00000010	0.00000010	0.00000010	0.42817473	0.59912217	0.42671689	0.23001024	0.00000010	0.00000010	0.41039354	0.00000010	0.54267019	0.24383813	0.00000010	0.44641086	0.00000010	0.37695929	0.00000010	0.60913670	0.05325572	0.07487035	0.00000010	0.36185041	0.00000010	0.35233933	0.33604696	0.00000010	0.37263253	0.59389246	0.00000010	0.75644600	0.00000010	0.20814060	0.34665066	0.00000010	0.61087435	0.57788754	0.06650390	0.25370827	0.00731946	0.00000010	0.41285881	0.73690176	0.21394411	0.00000010	0.25145555	0.54686284	0.00000010	0.05483300	0.11088806	0.25447375	0.49419960	0.00000010	0.00000010	0.37255022	0.07319202	0.08162470	0.29608956	0.00000010	0.35332516	0.00000010	0.28289339	0.00000010	0.40118450	0.34143209	0.55688459	0.00000010	0.40212274	0.28599936	0.01187541	0.00000010	0.00000010	0.01179428	0.32606450	0.32678810	0.00000010	0.16008113	0.00000010	0.48375040	0.57063878	0.00000010	0.00782813	0.00000010	0.03886718	0.06768470	0.00000010	0.00000010	0.00000010	0.24996096	0.00000010	0.54567873	0.47165212	0.00000010	0.34948301	0.00000010	0.01521956	0.19077878	0.34653670	0.00000010	0.17276019	0.35203072	0.78260159	0.41026938	0.90593439	0.61648113	0.33607543	0.50028491	0.00000010	0.00000010	0.38336766	0.00000010	0.16444141	0.17560047	0.46399552	0.00000010	0.20444170	0.54310298	0.00000010	0.35041758	0.00000010	0.52850544	0.29808125	0.00000010	0.60905355	0.00000010	0.12431630	0.28444281	0.55322319	0.10179803	0.00000010	0.00000010	0.60978127	0.00000010	0.68447304	0.18954292	0.05376992	0.24105152	0.00000010	0.41710526	0.24928766	0.30020085	0.00000010	0.00000010	0.25584137	0.00000010	0.00000010	0.00000010	0.00000010	0.00000010	0.30768365	0.00000010	0.00000010	0.15801294	0.61103916	0.00000010	0.00000010	0.00000010	0.00000010	0.00000010	0.24365215	0.71539652	0.06668060	0.00000010	0.00000010	0.53115034	0.00000010	0.08703662	0.00000010	0.18134126	0.46220922	0.00000010	0.60840619	0.00000010	0.11531110	0.00000010	0.05609190	0.36799020	0.73894441	0.20814487	0.00000010	0.21108879	0.00000010	0.00468278	0.00000010	0.48477826	0.29611585	0.00000010	0.00000010	0.00000010	0.58213061	0.00000010	0.86916542	0.23097774	0.00000010	0.63648677	0.00000010	0.33753628	0.14082675	0.20966874	0.22573227	1.20394492	0.05216242	0.15382805	0.00000010	0.44441602	0.49303576	0.00000010	0.00000010	0.72616166	0.17850390	0.00000010
chr12	25398284	driver	C	A	0.17431782	0.00000010	0.01231407	0.54648483	0.45037371	0.20645221	0.05609968	0.02708282	0.00000010	0.04050381	0.51778400	0.46989155	0.00000010	0.06415655	0.00000010	0.32640478	0.20428482	0.00000010	0.00000010	0.36606947	0.48692620	0.62483704	0.00000010	0.00000010	0.57335186	0.00000010	0.29204506	0.57892823	0.00000010	0.41375715	0.13442577	0.53815585	0.31164303	0.00000010	0.50897437	0.58888280	0.17907730	0.00000010	0.00000010	0.00000010	0.09852379	0.32486475	0.00000010	0.00000010	0.00000010	0.00000010	0.00000010	0.00000010	0.60036504	0.23922472	0.14055118	0.41028315	0.22256951	0.00000010	0.66949403	0.00000010	0.46444526	0.78154206	0.08932651	0.31627968	0.00000010	0.41963413	0.00000010	0.73109341	0.26533765	0.00000010	0.00000010	0.18924937	0.00000010	0.69505745	0.23615345	0.00000010	0.44651332	0.46517909	0.00000010	0.52819645	0.00000010	0.70062011	0.00000010	0.00000010	0.71589518	0.52459937	0.00000010	0.33037135	0.00000010	0.19027834	0.12284175	0.42493832	0.15511261	0.00000010	0.02454781	0.27609476	0.00000010	0.00000010	0.00000010	0.24148646	0.49227685	0.00000010	0.00000010	0.54892403	0.07190137	0.00000010	0.63886046	0.00000010	0.49282527	0.00000010	0.10333717	0.00000010	0.38207451	0.11652925	0.49184483	0.00000010	0.32572383	0.48253703	0.00000010	0.00000010	0.00000010	0.09092522	0.23777822	0.12774837	0.00000010	0.29797146	0.16019118	0.41947109	0.66919911	0.00000010	0.22152951	0.07010266	0.10573904	0.00000010	0.00813844	0.00000010	0.00000010	0.02905921	0.00000010	0.62450576	0.40470049	0.00000010	0.00000010	0.00000010	0.01747116	0.33337623	0.44289273	0.00000010	0.11814429	0.32356635	0.82936102	0.27080610	1.00888252	0.58221269	0.11827989	0.78568119	0.00000010	0.15523264	0.31826326	0.00000010	0.00270538	0.08372681	0.27680510	0.00000010	0.08255094	0.36860704	0.00000010	0.09901103	0.00000010	0.46408147	0.63068521	0.00000010	0.38177806	0.00000010	0.12123695	0.65421236	0.57181180	0.04383469	0.00000010	0.00000010	0.58647597	0.00000010	0.49760789	0.12257491	0.00000010	0.22457936	0.00000010	0.61559832	0.14982788	0.14811522	0.00000010	0.00000010	0.31869513	0.00000010	0.00000010	0.00951927	0.01531970	0.00000010	0.00000010	0.00000010	0.19521657	0.48659009	0.25166425	0.04955585	0.03236778	0.00000010	0.00000010	0.00000010	0.39361247	0.52364856	0.09460613	0.00000010	0.24089485	0.57481617	0.00000010	0.02622756	0.00861461	0.16870295	0.39371675	0.04000307	0.50786632	0.00000010	0.00000010	0.00000010	0.00000010	0.54859471	0.50547910	0.49840885	0.06419316	0.32181823	0.00000010	0.00000010	0.00000010	0.34180304	0.00000010	0.00000010	0.00000010	0.00000010	0.51080865	0.00000010	0.92384064	0.20554605	0.00000010	0.43346816	0.00000010	0.15598063	0.04667249	0.16920076	0.14870057	0.73654926	0.12885508	0.08753911	0.00000010	0.49397424	0.40886977	0.00000010	0.00000010	0.78702188	0.14132583	0.00000010
chr12	25398285	driver	C	A	0.17738937	0.00000010	0.00760383	0.57166636	0.43620121	0.23137107	0.04107755	0.07655364	0.00000010	0.03296190	0.49864602	0.47219658	0.00000010	0.08988579	0.00000010	0.32688689	0.21297944	0.00000010	0.00000010	0.31248641	0.46217752	0.60544986	0.00000010	0.00000010	0.58098584	0.00000010	0.24081390	0.57899523	0.00000010	0.41880167	0.12756896	0.54530936	0.28018934	0.00000010	0.54049307	0.57470870	0.16299607	0.00000010	0.00000010	0.00000010	0.09241900	0.33954531	0.00000010	0.00000010	0.00000010	0.00000010	0.00000010	0.00000010	0.54990739	0.24733411	0.11484306	0.44429749	0.21450849	0.00812193	0.67165685	0.00000010	0.47642708	0.78423703	0.10335526	0.30432633	0.00000010	0.40778396	0.00000010	0.73687029	0.24298495	0.00000010	0.00000010	0.15385953	0.00000010	0.69117898	0.25120628	0.00000010	0.47568914	0.48564970	0.00000010	0.52773577	0.00000010	0.68003607	0.00000010	0.00000010	0.73096669	0.52286309	0.00000010	0.32423118	0.00000010	0.18986115	0.09007098	0.37162140	0.18915260	0.00000010	0.00000010	0.33850297	0.00000010	0.00000010	0.00000010	0.23205079	0.51679891	0.00000010	0.00000010	0.56337023	0.07100446	0.00000010	0.63235301	0.00000010	0.45554683	0.00000010	0.12059226	0.00000010	0.38961729	0.10436033	0.50963950	0.00000010	0.33316112	0.45962626	0.00000010	0.00000010	0.00000010	0.08815115	0.24220258	0.13641581	0.00000010	0.30975711	0.16919792	0.42954224	0.65466952	0.00000010	0.22716586	0.11137083	0.08432733	0.00000010	0.01034053	0.00000010	0.00000010	0.02625690	0.00000010	0.62320435	0.41590011	0.00000010	0.00000010	0.00000010	0.02706526	0.31801218	0.49361849	0.00000010	0.14765865	0.32153940	0.81743467	0.27021044	1.03791142	0.61628795	0.10346380	0.77207792	0.00000010	0.13619807	0.29530153	0.00000010	0.00850809	0.08281800	0.21446902	0.00000010	0.10947004	0.33868229	0.00000010	0.04652943	0.00000010	0.48052806	0.60317302	0.00000010	0.37644306	0.00000010	0.17085609	0.63560909	0.60933226	0.04877049	0.00000010	0.00000010	0.58670443	0.00000010	0.50437725	0.11759262	0.00000010	0.22027144	0.00000010	0.63814723	0.15106817	0.17010166	0.00000010	0.00000010	0.30415446	0.00000010	0.00000010	0.00000010	0.02959482	0.00000010	0.00000010	0.00000010	0.18757126	0.48262849	0.23655429	0.10865852	0.04015464	0.00000010	0.00000010	0.00000010	0.41781589	0.50122499	0.06873982	0.00000010	0.23090923	0.57587630	0.00000010	0.03210000	0.03434431	0.16104916	0.36937922	0.05030655	0.44971889	0.00000010	0.00016439	0.00000010	0.00000010	0.56345230	0.44237804	0.46709472	0.09128766	0.33011487	0.00000010	0.00000010	0.00000010	0.34019426	0.00000010	0.00000010	0.00000010	0.00000010	0.48650968	0.00000010	0.92969131	0.23711732	0.00000010	0.44209152	0.00000010	0.12690437	0.03054471	0.15961228	0.14370424	0.70593828	0.11702362	0.09025365	0.00000010	0.50148523	0.42920312	0.00000010	0.00000010	0.82007700	0.13211745	0.00000010
chr12	25398284	driver	C	G	0.17431782	0.00000010	0.01231407	0.54648483	0.45037371	0.20645221	0.05609968	0.02708282	0.00000010	0.04050381	0.51778400	0.46989155	0.00000010	0.06415655	0.00000010	0.32640478	0.20428482	0.00000010	0.00000010	0.36606947	0.48692620	0.62483704	0.00000010	0.00000010	0.57335186	0.00000010	0.29204506	0.57892823	0.00000010	0.41375715	0.13442577	0.53815585	0.31164303	0.00000010	0.50897437	0.58888280	0.17907730	0.00000010	0.00000010	0.00000010	0.09852379	0.32486475	0.00000010	0.00000010	0.00000010	0.00000010	0.00000010	0.00000010	0.60036504	0.23922472	0.14055118	0.41028315	0.22256951	0.00000010	0.66949403	0.00000010	0.46444526	0.78154206	0.08932651	0.31627968	0.00000010	0.41963413	0.00000010	0.73109341	0.26533765	0.00000010	0.00000010	0.18924937	0.00000010	0.69505745	0.23615345	0.00000010	0.44651332	0.46517909	0.00000010	0.52819645	0.00000010	0.70062011	0.00000010	0.00000010	0.71589518	0.52459937	0.00000010	0.33037135	0.00000010	0.19027834	0.12284175	0.42493832	0.15511261	0.00000010	0.02454781	0.27609476	0.00000010	0.00000010	0.00000010	0.24148646	0.49227685	0.00000010	0.00000010	0.54892403	0.07190137	0.00000010	0.63886046	0.00000010	0.49282527	0.00000010	0.10333717	0.00000010	0.38207451	0.11652925	0.49184483	0.00000010	0.32572383	0.48253703	0.00000010	0.00000010	0.00000010	0.09092522	0.23777822	0.12774837	0.00000010	0.29797146	0.16019118	0.41947109	0.66919911	0.00000010	0.22152951	0.07010266	0.10573904	0.00000010	0.00813844	0.00000010	0.00000010	0.02905921	0.00000010	0.62450576	0.40470049	0.00000010	0.00000010	0.00000010	0.01747116	0.33337623	0.44289273	0.00000010	0.11814429	0.32356635	0.82936102	0.27080610	1.00888252	0.58221269	0.11827989	0.78568119	0.00000010	0.15523264	0.31826326	0.00000010	0.00270538	0.08372681	0.27680510	0.00000010	0.08255094	0.36860704	0.00000010	0.09901103	0.00000010	0.46408147	0.63068521	0.00000010	0.38177806	0.00000010	0.12123695	0.65421236	0.57181180	0.04383469	0.00000010	0.00000010	0.58647597	0.00000010	0.49760789	0.12257491	0.00000010	0.22457936	0.00000010	0.61559832	0.14982788	0.14811522	0.00000010	0.00000010	0.31869513	0.00000010	0.00000010	0.00951927	0.01531970	0.00000010	0.00000010	0.00000010	0.19521657	0.48659009	0.25166425	0.04955585	0.03236778	0.00000010	0.00000010	0.00000010	0.39361247	0.52364856	0.09460613	0.00000010	0.24089485	0.57481617	0.00000010	0.02622756	0.00861461	0.16870295	0.39371675	0.04000307	0.50786632	0.00000010	0.00000010	0.00000010	0.00000010	0.54859471	0.50547910	0.49840885	0.06419316	0.32181823	0.00000010	0.00000010	0.00000010	0.34180304	0.00000010	0.00000010	0.00000010	0.00000010	0.51080865	0.00000010	0.92384064	0.20554605	0.00000010	0.43346816	0.00000010	0.15598063	0.04667249	0.16920076	0.14870057	0.73654926	0.12885508	0.08753911	0.00000010	0.49397424	0.40886977	0.00000010	0.00000010	0.78702188	0.14132583	0.00000010
chr2	178098806	driver	G	T	0.57936472	0.00000010	0.02465318	0.50805771	0.35584366	0.02239522	0.05317404	0.02893763	0.00000010	0.00000010	0.19946365	0.45622012	0.00000010	0.00000010	0.00000010	0.43142027	0.08457294	0.00000010	0.15336382	0.22341530	0.50083554	0.88992423	0.17146549	0.00000010	0.49105787	0.00421934	0.00000010	0.58460820	0.00000010	0.30905125	0.19992404	0.37266082	0.07235055	0.00000010	0.56716657	0.29856113	0.23338802	0.00000010	0.00000010	0.00000010	0.42793858	0.23326731	0.00000010	0.00000010	0.00000010	0.00000010	0.00000010	0.00000010	0.87531859	0.42033690	0.12408240	0.55537939	0.02932156	0.00000010	0.61518347	0.00000010	0.14820938	0.54455125	0.00000010	0.71217227	0.00000010	0.13518499	0.00000010	0.76112390	0.04370843	0.29319960	0.00000010	0.20505467	0.00000010	0.21190745	0.59604836	0.00000010	0.32743743	0.32058102	0.01995271	0.59875023	0.00000010	0.58479714	0.58089793	0.00000010	0.56455904	0.37005937	0.00000010	0.00000010	0.00000010	0.00000010	0.00814200	0.73466498	0.24551222	0.00000010	0.20902401	0.24193335	0.00000010	0.00000010	0.14977497	0.00000010	0.37236094	0.00000010	0.00000010	0.17215797	0.21278054	0.17730424	0.31260821	0.00000010	0.21658076	0.00000010	0.36590773	0.00000010	0.20436570	0.25119343	0.64038670	0.00000010	0.57050478	0.22655043	0.00000010	0.01283268	0.00000010	0.21664324	0.37892646	0.59711111	0.00000010	0.20686516	0.00000010	0.25159767	0.76459432	0.00000010	0.00770997	0.00000010	0.00000010	0.00000010	0.00000010	0.00000010	0.00000010	0.06787705	0.00000010	0.39767873	0.36224467	0.00000010	0.28722191	0.00000010	0.01409339	0.00000010	0.75858366	0.00000010	0.11365767	0.30715430	0.78098631	0.27391887	0.71058130	0.52927512	0.30795410	0.40273935	0.06343321	0.00000010	0.72164917	0.00000010	0.08464246	0.00000010	0.57949269	0.00000010	0.06134983	0.69983047	0.00000010	0.49995321	0.01470383	0.67478931	0.52152359	0.01338791	0.63000715	0.00000010	0.05322131	0.67337954	0.75085795	0.10595436	0.00000010	0.00000010	0.56322396	0.00000010	0.59846187	0.29107070	0.00000010	0.02566569	0.00000010	0.51213199	0.50666893	0.06571110	0.00000010	0.00000010	0.31008992	0.00000010	0.00000010	0.00000010	0.00000010	0.03095159	0.15611450	0.00000010	0.00000010	0.25143042	0.41820893	0.00000010	0.00000010	0.00000010	0.00000010	0.00000010	0.06412525	0.60455543	0.36116171	0.00000010	0.00000010	0.58541000	0.00000010	0.00000010	0.00000010	0.28964356	0.22450647	0.00000010	0.70661509	0.00000010	0.06780267	0.00000010	0.00000010	0.84447408	0.50532311	0.03435820	0.00000010	0.08709969	0.00000010	0.29128236	0.01698096	0.66515976	0.26310146	0.00000010	0.00000010	0.16553777	0.27952749	0.00000010	0.91935050	0.17772445	0.00000010	0.34677881	0.00000010	0.48866075	0.10269710	0.26760498	0.24068093	0.65854782	0.04570346	0.25761408	0.00000010	0.55364943	0.57145953	0.00000010	0.07197525	1.20666063	0.14302930	0.00000010
chr2	178098953	driver	C	A	0.77630836	0.00000010	0.07657021	0.32843593	0.44782704	0.07708984	0.00000010	0.00000010	0.00000010	0.00000010	0.31700608	0.49844956	0.00000010	0.00000010	0.00000010	0.39400703	0.03490587	0.00000010	0.50109929	0.14323662	0.56725442	0.91848952	0.07245699	0.00000010	0.58822745	0.06400882	0.11709863	0.62785816	0.00000010	0.31515020	0.23522516	0.38106316	0.13777480	0.00000010	0.81839859	0.14918047	0.30593285	0.13358018	0.00000010	0.00000010	0.35529530	0.19821031	0.00000010	0.00000010	0.00000010	0.00000010	0.00000010	0.00000010	0.85497010	0.44185740	0.33301651	0.49707043	0.00000010	0.00000010	0.47675169	0.00000010	0.24411571	0.41635057	0.00000010	0.72577298	0.00000010	0.11288579	0.00000010	0.78022093	0.00000010	0.22769317	0.00000010	0.39424056	0.00000010	0.31222260	0.85194355	0.00000010	0.34116143	0.22098875	0.01753815	0.79066193	0.00000010	0.76634085	0.34061098	0.00000010	0.73496717	0.48444718	0.00000010	0.00000010	0.00000010	0.00000010	0.09365463	0.99908376	0.15759468	0.00000010	0.14501803	0.00000010	0.02555579	0.00000010	0.06590089	0.00000010	0.36029387	0.00000010	0.00000010	0.03469861	0.13870525	0.02460601	0.40868539	0.00000010	0.24527618	0.00000010	0.26069784	0.00000010	0.37840459	0.40347219	0.68926418	0.00000010	0.35509193	0.12979569	0.00000010	0.00000010	0.00000010	0.27518815	0.27061227	0.55841088	0.00000010	0.27815074	0.00000010	0.21332574	0.92115247	0.00000010	0.03076138	0.00000010	0.00000010	0.00000010	0.00000010	0.00000010	0.00000010	0.09260404	0.05319955	0.51818824	0.25836977	0.00000010	0.27543896	0.00000010	0.02462614	0.14399454	0.79988647	0.00000010	0.14685647	0.23597518	0.81584954	0.46943375	0.80328596	0.21475419	0.30069202	0.49995828	0.00000010	0.00000010	0.57079780	0.00000010	0.04526030	0.03274409	0.56234264	0.00000010	0.12468517	0.68445349	0.00000010	0.53816557	0.00000010	0.63097966	0.60517669	0.00000010	0.34377199	0.00000010	0.05320022	0.56619358	0.59693730	0.14321452	0.00000010	0.00000010	0.70786762	0.00000010	0.55786228	0.28389710	0.00000010	0.00000010	0.00000010	0.40512693	0.40054250	0.29975414	0.00000010	0.00000010	0.46908724	0.00000010	0.00000010	0.08085428	0.00000010	0.13702044	0.22295949	0.00000010	0.00000010	0.21065661	0.58923495	0.00000010	0.00000010	0.00000010	0.00000010	0.00000010	0.01326631	0.71981341	0.51152009	0.03158951	0.00000010	0.60183811	0.00000010	0.00000010	0.00000010	0.45516962	0.10903575	0.00000010	0.62257814	0.00000010	0.00949338	0.00000010	0.00000010	0.96454877	0.68969572	0.09367844	0.01632188	0.07180019	0.01129786	0.30207324	0.00000010	0.60756075	0.09413943	0.00000010	0.00000010	0.15147930	0.32425636	0.00000010	1.13272130	0.07623149	0.00000010	0.31997126	0.00000010	0.38788551	0.04858834	0.34032243	0.22551620	0.71431297	0.00000010	0.20361960	0.00000010	0.60125178	0.45486322	0.00000010	0.05889456	1.02735770	0.27101588	0.00000010
chr2	178098954	driver	C	T	0.84109879	0.00000010	0.09267679	0.31241602	0.44694167	0.08187813	0.00000010	0.00000010	0.00000010	0.00000010	0.32526481	0.50196838	0.00000010	0.00000010	0.00000010	0.41016611	0.01542905	0.00000010	0.46330231	0.10813606	0.59285361	0.91450441	0.06907069	0.00000010	0.59857911	0.02017630	0.04172226	0.67904729	0.00000010	0.31941164	0.26760057	0.35887814	0.12121010	0.00000010	0.83562690	0.12973148	0.30273554	0.07980629	0.00000010	0.00000010	0.32077420	0.12601374	0.00000010	0.00000010	0.00000010	0.00000010	0.00000010	0.00000010	0.84198201	0.50982791	0.31789714	0.54101098	0.00000010	0.00000010	0.51338911	0.00000010	0.26189500	0.42008394	0.00000010	0.75511014	0.00000010	0.13501254	0.00000010	0.84027886	0.00000010	0.20153883	0.00000010	0.39230961	0.00000010	0.32627946	0.84961617	0.00000010	0.34182853	0.21539253	0.00000010	0.80356640	0.00000010	0.73771077	0.40677565	0.00000010	0.80738211	0.49352276	0.00000010	0.00000010	0.00000010	0.00000010	0.05670122	0.99737173	0.18550535	0.00000010	0.06207683	0.05800486	0.02937062	0.00000010	0.07212993	0.00000010	0.38474581	0.00000010	0.00000010	0.09147321	0.12366860	0.01158169	0.47749496	0.00000010	0.24246508	0.00000010	0.30656159	0.00000010	0.45239854	0.41590348	0.67352760	0.00000010	0.43366987	0.13260776	0.00000010	0.00000010	0.00000010	0.28109828	0.27164757	0.54686701	0.00000010	0.29132181	0.00000010	0.15801431	0.90643936	0.00000010	0.03102748	0.00000010	0.00000010	0.00000010	0.00000010	0.00000010	0.00000010	0.08837288	0.06574480	0.53943866	0.22465111	0.00000010	0.21133226	0.00000010	0.02870351	0.17691235	0.80865353	0.00000010	0.18748178	0.18970796	0.84310412	0.49119109	0.81624663	0.23770076	0.34256876	0.47492260	0.00000010	0.00000010	0.60354590	0.00000010	0.01461271	0.00370500	0.55767429	0.00000010	0.09678149	0.66421235	0.00000010	0.54948372	0.00000010	0.62454629	0.59670782	0.00000010	0.42901671	0.00000010	0.03586699	0.55106580	0.60776418	0.11963685	0.00000010	0.00000010	0.74219382	0.00000010	0.54560304	0.28556609	0.00000010	0.00000010	0.00000010	0.34862894	0.41280150	0.33487481	0.00000010	0.00000010	0.47338879	0.00000010	0.00000010	0.00217641	0.00000010	0.16744588	0.21239561	0.00000010	0.00000010	0.21196006	0.59341800	0.00000010	0.00000010	0.00000010	0.00000010	0.00000010	0.00000010	0.72112155	0.46362919	0.03243791	0.00000010	0.61637765	0.00000010	0.00000010	0.00000010	0.39443985	0.14005110	0.00000010	0.62849301	0.00000010	0.01045935	0.00000010	0.00000010	0.96708977	0.72496176	0.10274787	0.05494273	0.04718265	0.02200372	0.28741643	0.00000010	0.61107868	0.09847939	0.00000010	0.00000010	0.14749989	0.31389278	0.00000010	1.16334713	0.10691439	0.00000010	0.29773226	0.00000010	0.31166673	0.04339361	0.35752431	0.22789827	0.72161341	0.00000010	0.17871250	0.00000010	0.58225971	0.37289232	0.00000010	0.06211713	1.08908570	0.28761420	0.00000010
chr2	178098953	driver	C	G	0.77630836	0.00000010	0.07657021	0.32843593	0.44782704	0.07708984	0.00000010	0.00000010	0.00000010	0.00000010	0.31700608	0.49844956	0.00000010	0.00000010	0.00000010	0.39400703	0.03490587	0.00000010	0.50109929	0.14323662	0.56725442	0.91848952	0.07245699	0.00000010	0.58822745	0.06400882	0.11709863	0.62785816	0.00000010	0.31515020	0.23522516	0.38106316	0.13777480	0.00000010	0.81839859	0.14918047	0.30593285	0.13358018	0.00000010	0.00000010	0.35529530	0.19821031	0.00000010	0.00000010	0.00000010	0.00000010	0.00000010	0.00000010	0.85497010	0.44185740	0.33301651	0.49707043	0.00000010	0.00000010	0.47675169	0.00000010	0.24411571	0.41635057	0.00000010	0.72577298	0.00000010	0.11288579	0.00000010	0.78022093	0.00000010	0.22769317	0.00000010	0.39424056	0.00000010	0.31222260	0.85194355	0.00000010	0.34116143	0.22098875	0.01753815	0.79066193	0.00000010	0.76634085	0.34061098	0.00000010	0.73496717	0.48444718	0.00000010	0.00000010	0.00000010	0.00000010	0.09365463	0.99908376	0.15759468	0.00000010	0.14501803	0.00000010	0.02555579	0.00000010	0.06590089	0.00000010	0.36029387	0.00000010	0.00000010	0.03469861	0.13870525	0.02460601	0.40868539	0.00000010	0.24527618	0.00000010	0.26069784	0.00000010	0.37840459	0.40347219	0.68926418	0.00000010	0.35509193	0.12979569	0.00000010	0.00000010	0.00000010	0.27518815	0.27061227	0.55841088	0.00000010	0.27815074	0.00000010	0.21332574	0.92115247	0.00000010	0.03076138	0.00000010	0.00000010	0.00000010	0.00000010	0.00000010	0.00000010	0.09260404	0.05319955	0.51818824	0.25836977	0.00000010	0.27543896	0.00000010	0.02462614	0.14399454	0.79988647	0.00000010	0.14685647	0.23597518	0.81584954	0.46943375	0.80328596	0.21475419	0.30069202	0.49995828	0.00000010	0.00000010	0.57079780	0.00000010	0.04526030	0.03274409	0.56234264	0.00000010	0.12468517	0.68445349	0.00000010	0.53816557	0.00000010	0.63097966	0.60517669	0.00000010	0.34377199	0.00000010	0.05320022	0.56619358	0.59693730	0.14321452	0.00000010	0.00000010	0.70786762	0.00000010	0.55786228	0.28389710	0.00000010	0.00000010	0.00000010	0.40512693	0.40054250	0.29975414	0.00000010	0.00000010	0.46908724	0.00000010	0.00000010	0.08085428	0.00000010	0.13702044	0.22295949	0.00000010	0.00000010	0.21065661	0.58923495	0.00000010	0.00000010	0.00000010	0.00000010	0.00000010	0.01326631	0.71981341	0.51152009	0.03158951	0.00000010	0.60183811	0.00000010	0.00000010	0.00000010	0.45516962	0.10903575	0.00000010	0.62257814	0.00000010	0.00949338	0.00000010	0.00000010	0.96454877	0.68969572	0.09367844	0.01632188	0.07180019	0.01129786	0.30207324	0.00000010	0.60756075	0.09413943	0.00000010	0.00000010	0.15147930	0.32425636	0.00000010	1.13272130	0.07623149	0.00000010	0.31997126	0.00000010	0.38788551	0.04858834	0.34032243	0.22551620	0.71431297	0.00000010	0.20361960	0.00000010	0.60125178	0.45486322	0.00000010	0.05889456	1.02735770	0.27101588	0.00000010
chr2	178097235	passenage	T	C	0.42947769	0.00000010	0.08483817	0.53149033	0.41751617	0.02420014	0.00000010	0.00000010	0.00000010	0.03951438	0.00282671	0.20388585	0.00155234	0.00000010	0.00000010	0.30581820	0.06013121	0.00000010	0.16592386	0.14272675	0.74205351	0.54428363	0.06852040	0.00000010	0.35587376	0.00000010	0.01341666	0.54760557	0.04127441	0.29031143	0.15077950	0.38567507	0.00930990	0.00000010	0.28452310	0.50275469	0.23198974	0.00000010	0.00000010	0.00000010	0.22770032	0.50766325	0.00000010	0.00000010	0.00000010	0.00000010	0.00000010	0.00000010	0.53246063	0.23775944	0.31171736	0.16400874	0.00000010	0.00000010	0.17318718	0.00000010	0.36756676	0.50493938	0.00000010	0.34928530	0.00000010	0.09603560	0.00000010	0.77481329	0.02565488	0.06738573	0.00000010	0.10350725	0.00000010	0.32508752	0.48535609	0.00000010	0.08827829	0.63773978	0.00000010	0.79903960	0.00000010	0.64964306	0.51409674	0.00000010	0.21833873	0.28322029	0.00000010	0.00000010	0.00277316	0.18069957	0.03386137	0.68542016	0.21675339	0.00000010	0.14956233	0.36395520	0.00000010	0.00000010	0.00000010	0.22345999	0.35354730	0.00000010	0.00000010	0.58546680	0.15687025	0.03717796	0.54636544	0.00000010	0.38665062	0.00000010	0.35911828	0.00000010	0.51537955	0.14486620	0.70718443	0.00000010	0.77475667	0.06659899	0.07165443	0.00825901	0.00000010	0.29458162	0.09465174	0.29817396	0.00000010	0.44524032	0.02787651	0.31535268	0.72629136	0.00000010	0.14793183	0.15433708	0.00000010	0.00594603	0.00000010	0.00000010	0.00000010	0.05739067	0.00000010	0.21334907	0.21453437	0.00000010	0.28920496	0.00000010	0.00726071	0.10666934	0.37272725	0.00000010	0.06833228	0.11806908	0.63791370	0.56222773	0.74249500	0.39600629	0.00000010	0.37082651	0.00000010	0.00000010	0.22334437	0.00000010	0.03232192	0.02452852	0.15751499	0.00000010	0.09663449	0.44354409	0.00000010	0.44360960	0.16117540	0.67974788	0.59913737	0.00187585	0.71325219	0.00000010	0.02037024	0.24927464	0.25777975	0.18969463	0.00000010	0.00000010	0.47531968	0.00000010	0.55397451	0.09764646	0.00000010	0.23665014	0.00000010	0.33650553	0.07727493	0.36532325	0.05562769	0.00000010	0.16922289	0.00000010	0.00000010	0.00000010	0.00000010	0.00000010	0.04541741	0.00000010	0.00000010	0.21801043	0.63017142	0.00000010	0.00000010	0.00000010	0.00000010	0.00000010	0.14813821	0.58999425	0.03763795	0.13086039	0.00000010	0.49452096	0.00000010	0.00000010	0.00000010	0.20872690	0.80626255	0.00000010	0.83698344	0.00000010	0.02336745	0.00000010	0.00000010	0.97262669	0.77531171	0.03762465	0.00000010	0.31178647	0.00000010	0.17104182	0.00000010	0.80257833	0.01758182	0.00000010	0.00000010	0.00000010	0.19675605	0.00000010	0.85525411	0.06794821	0.00000010	0.42640707	0.00000010	0.15982483	0.06149745	0.00000010	0.20668003	0.60763884	0.00000010	0.46476451	0.09991127	0.34309575	0.43690166	0.00000010	0.02196771	0.75706041	0.09077583	0.00000010
chr1	115256530	driver	G	T	0.73998970	0.00000010	0.00000010	0.27038804	0.40584439	0.09676539	0.14245376	0.00000010	0.00000010	0.00000010	0.53724372	0.39844757	0.00000010	0.00000010	0.00000010	0.41590768	0.05798947	0.00000010	0.25726795	0.16298085	0.67974818	1.10428047	0.00000010	0.10820857	0.23468986	0.00000010	0.38914797	0.72102845	0.00000010	0.34793979	0.11398278	0.40415749	0.18903628	0.00000010	0.63755119	0.38509777	0.07994421	0.30989617	0.00000010	0.00000010	0.44473329	0.01070048	0.00000010	0.00000010	0.00000010	0.00000010	0.00000010	0.00000010	0.59163731	0.62778521	0.43860760	0.12717094	0.00000010	0.00000010	0.48725307	0.00427591	0.41509616	0.45970765	0.00000010	0.73898423	0.00000010	0.36423999	0.00000010	0.62178773	0.06996861	0.00000010	0.00000010	0.44925830	0.03089475	0.40086716	0.56963468	0.00000010	0.11352730	0.68985575	0.00000010	0.92891169	0.00000010	1.06831002	0.35891938	0.00000010	0.75977474	0.61377120	0.01962956	0.00000010	0.00000010	0.00000010	0.34906998	0.99248648	0.01910923	0.00000010	0.17281735	0.31280154	0.05239085	0.00000010	0.05619357	0.00000010	0.55369347	0.00000010	0.00000010	0.53829730	0.22287577	0.00000010	0.52302104	0.01168145	0.58890927	0.00000010	0.13743480	0.00000010	0.31405279	0.42806304	0.84650636	0.00000010	0.69220930	0.27135023	0.09195010	0.00000010	0.00000010	0.06676335	0.17857921	0.36000839	0.00000010	0.41531348	0.00000010	0.14887933	0.53999311	0.00000010	0.00000010	0.14676690	0.00000010	0.00000010	0.00000010	0.00000010	0.04062054	0.08874992	0.00000010	0.12964493	0.45917308	0.00000010	0.15881222	0.00000010	0.00000010	0.00000010	0.34909970	0.00000010	0.00000010	0.53268921	0.90261614	0.31272343	1.07695556	0.29558602	0.22220902	0.28610754	0.00000010	0.00000010	0.18366770	0.00000010	0.05164538	0.30096754	0.62116212	0.00000010	0.10524096	0.47642100	0.00000010	0.27636412	0.00000010	0.51500487	0.53266615	0.00000010	0.50167680	0.00000010	0.00000010	0.52867931	0.37127361	0.27405465	0.00566996	0.00000010	0.59303832	0.00000010	0.39534947	0.37835425	0.00000010	0.10773420	0.00000010	0.62138551	0.19953644	0.37396985	0.00000010	0.00000010	0.19216490	0.00000010	0.00000010	0.05446591	0.00000010	0.00000010	0.18295735	0.00000010	0.00000010	0.14142112	0.58210599	0.00000010	0.00000010	0.00000010	0.00000010	0.00000010	0.48455539	0.93088400	0.60309976	0.00000010	0.00000010	0.56932271	0.00000010	0.00000010	0.07178079	0.41389954	0.40861481	0.00000010	0.46170622	0.00000010	0.00762306	0.00000010	0.00000010	0.60534525	1.45739388	0.25316948	0.19294636	0.33865440	0.00000010	0.10895304	0.00000010	0.66995949	0.11912049	0.09575855	0.00000010	0.15403466	0.43408579	0.00000010	1.07101703	0.16157520	0.00000010	0.41967756	0.00000010	0.11625981	0.14310843	0.11149059	0.07632163	1.21069252	0.22072226	0.76473796	0.00000010	0.42775735	0.38186988	0.00000010	0.00000010	0.78018820	0.23921350	0.00000010
chr1	115258747	driver	C	G	0.37171996	0.00000010	0.11790279	0.38788405	0.34288931	0.01554218	0.00000010	0.00000010	0.00000010	0.07376738	0.03256167	0.22795108	0.00000010	0.00000010	0.00000010	0.27812481	0.04509196	0.00000010	0.60663348	0.29041812	0.79236174	0.95606363	0.00000010	0.09647252	0.11379096	0.00000010	0.48401240	0.75449091	0.00000010	0.31630141	0.19152942	0.64014828	0.06533486	0.00000010	0.58106661	0.36092642	0.08088995	0.78256738	0.00000010	0.14019643	0.68767852	0.42425740	0.00000010	0.00000010	0.00000010	0.00000010	0.00000010	0.00000010	0.44998515	0.58919948	0.75876284	0.13208139	0.00000010	0.00000010	0.26182878	0.00000010	0.33838201	0.26515311	0.00000010	0.21261613	0.00000010	0.52001923	0.00000010	0.51980424	0.07890496	0.05893437	0.00000010	0.70175564	0.00000010	0.00000010	0.39073575	0.12666287	0.10453763	0.70880616	0.00000010	1.06392038	0.00000010	0.81376314	0.54263806	0.00000010	0.27102765	0.52665138	0.00000010	0.00000010	0.05050384	0.00000010	0.57219124	1.47823167	0.00000010	0.00000010	0.11547369	0.32987449	0.00000010	0.00000010	0.00000010	0.04622662	0.40676841	0.00000010	0.00000010	0.35973823	0.06802608	0.02554834	0.58804315	0.00000010	0.69170946	0.00000010	0.32665581	0.00000010	0.22596037	0.66267836	0.90165329	0.00000010	0.71512425	0.47089720	0.00000010	0.01686270	0.00000010	0.10490178	0.03614547	0.49680525	0.00000010	0.21450683	0.00000010	0.00368022	0.86378407	0.00000010	0.05764768	0.03111371	0.06259587	0.18206823	0.00000010	0.00000010	0.00000010	0.00000010	0.00000010	0.23070243	0.49884963	0.00000010	0.14956248	0.00000010	0.00000010	0.07944106	0.49156925	0.00000010	0.03359916	0.47677916	0.97801352	0.33688542	0.73280394	0.16584605	0.01064103	0.37559319	0.00000010	0.00000010	0.32751054	0.00000010	0.03658097	0.33423138	0.55967373	0.00000010	0.01485050	0.42707521	0.00000010	0.26762554	0.00000010	0.56635892	0.84514773	0.00000010	0.64261925	0.00000010	0.00000010	0.28776389	0.19022654	0.24985120	0.00000010	0.00000010	0.38564837	0.00000010	0.76300669	0.33340776	0.00000010	0.13905604	0.00000010	0.63201237	0.09839459	0.55288202	0.00000010	0.00000010	0.20004557	0.00000010	0.00000010	0.11304587	0.00000010	0.07864895	0.11340658	0.00000010	0.00000010	0.21494468	0.70829964	0.00000010	0.00000010	0.00000010	0.00000010	0.00000010	0.09236162	0.77615678	0.42530462	0.00000010	0.00000010	0.39763108	0.00000010	0.00000010	0.00000010	0.16278943	0.42050347	0.00000010	0.60121411	0.00000010	0.03197927	0.00000010	0.00000010	1.14496255	1.40069461	0.27639878	0.00000010	0.19067368	0.12333360	0.21329418	0.00000010	1.04751611	0.00530990	0.00016866	0.00000010	0.06823587	0.57873029	0.00000010	1.07090962	0.09335868	0.00000010	0.49264395	0.07379904	0.01137872	0.36042622	0.00000010	0.19909820	1.31798005	0.00000010	0.51379937	0.00000010	0.19107835	0.37924808	0.00000010	0.00000010	0.46862069	0.45619607	0.00000010
chr1	115256521	passenage	A	C	0.62530756	0.00000010	0.02439980	0.12182926	0.40273744	0.01687718	0.09880807	0.00000010	0.00000010	0.00000010	0.72710907	0.36054498	0.00000010	0.00000010	0.00000010	0.39798295	0.09261250	0.00000010	0.38138324	0.07820794	0.68651366	1.06328690	0.00000010	0.10169901	0.26250890	0.00000010	0.41866320	0.79326570	0.00000010	0.35052255	0.15066215	0.46374065	0.24819753	0.00000010	0.75588489	0.42110056	0.05541033	0.29909047	0.00000010	0.00000010	0.47053942	0.05807971	0.00000010	0.00000010	0.00000010	0.00000010	0.00000010	0.00000010	0.55798674	0.72176421	0.47034672	0.00000010	0.00000010	0.00000010	0.44688573	0.00000010	0.36404285	0.38976085	0.00310537	0.77371341	0.00000010	0.38347012	0.00000010	0.73048478	0.02478464	0.07844631	0.00000010	0.36957189	0.01639932	0.31808290	0.80217332	0.00000010	0.09170489	0.71847165	0.00000010	0.93837667	0.00000010	1.00789094	0.24973063	0.01104074	0.58689839	0.62565589	0.04144835	0.00000010	0.00000010	0.00000010	0.30933091	1.03763962	0.00000010	0.00000010	0.22880766	0.36071581	0.04147596	0.00000010	0.08041668	0.02884907	0.51992720	0.00000010	0.00000010	0.39929080	0.20523633	0.00000010	0.44930649	0.01438252	0.51238686	0.00000010	0.21605858	0.00000010	0.41545516	0.50006467	0.82857496	0.00000010	0.88174117	0.30969268	0.06782483	0.00000010	0.00000010	0.03285399	0.18853685	0.43366027	0.00000010	0.40414092	0.00000010	0.18320313	0.46787870	0.00000010	0.00000010	0.16300051	0.00000010	0.00000010	0.00000010	0.00000010	0.04289014	0.04257038	0.00000010	0.26399627	0.62754345	0.00000010	0.05323058	0.00000010	0.00000010	0.00000010	0.26609033	0.00000010	0.08858781	0.41486228	0.91087347	0.31834725	1.03053093	0.26624188	0.08866678	0.29149529	0.00000010	0.00000010	0.10664121	0.00000010	0.03597078	0.24695918	0.58139414	0.00000010	0.06776335	0.48935908	0.00000010	0.19672200	0.00000010	0.46892491	0.61351174	0.00000010	0.42349356	0.02431478	0.00000010	0.56659985	0.30883935	0.20982887	0.00000010	0.00000010	0.60170037	0.00000010	0.41980332	0.44153768	0.00000010	0.08292437	0.00000010	0.60002851	0.16567361	0.27020746	0.00000010	0.00000010	0.13620573	0.00000010	0.00000010	0.04635460	0.00000010	0.06227220	0.32398689	0.00000010	0.00000010	0.10744223	0.57755768	0.00000010	0.00000010	0.00000010	0.00000010	0.00000010	0.41490954	0.94302028	0.47610572	0.00000010	0.00000010	0.60970730	0.00000010	0.00000010	0.13385797	0.43353617	0.40282381	0.00000010	0.37033498	0.00000010	0.00000010	0.00000010	0.00000010	0.60125101	1.45900321	0.22117583	0.14368372	0.39565134	0.00000010	0.16021234	0.00000010	0.64905339	0.09363911	0.09367612	0.00283814	0.16022292	0.53486753	0.00000010	1.10011280	0.11168456	0.00000010	0.38986361	0.00000010	0.20791297	0.14877810	0.04553350	0.19437763	1.13571048	0.14625557	0.67402434	0.00000010	0.41817918	0.37300199	0.00000010	0.00000010	0.66169882	0.19433711	0.00000010
chr1	115256529	driver	T	C	0.80631030	0.00000010	0.00000010	0.26284611	0.39478964	0.08153199	0.12924232	0.00000010	0.00000010	0.00000010	0.56719589	0.42185161	0.00000010	0.00000010	0.00000010	0.45723343	0.09048698	0.00000010	0.29164517	0.18597817	0.68966126	1.10809946	0.00000010	0.09692901	0.26215854	0.00000010	0.38820893	0.73538363	0.00000010	0.34737784	0.16468155	0.43125039	0.22439468	0.00000010	0.64512348	0.38358638	0.08554424	0.27702096	0.00000010	0.00000010	0.45552278	0.05622806	0.00000010	0.00000010	0.00000010	0.00000010	0.00000010	0.00000010	0.62010109	0.61834848	0.45702857	0.08250433	0.00000010	0.00000010	0.50496018	0.00566871	0.35777301	0.45245856	0.00000010	0.74544567	0.00000010	0.34469312	0.00000010	0.64205921	0.08994538	0.01030647	0.00000010	0.47647756	0.05179106	0.38068017	0.51440686	0.00000010	0.09034055	0.67267352	0.00000010	0.94955945	0.00000010	1.05016315	0.40369523	0.00000010	0.72955543	0.62986624	0.01514153	0.00000010	0.00000010	0.00000010	0.36532897	1.05110705	0.00000010	0.00000010	0.15623508	0.28271499	0.05441014	0.00000010	0.07980314	0.01797017	0.53689736	0.00000010	0.00000010	0.51994848	0.22724470	0.00000010	0.54004532	0.01556419	0.61154974	0.00000010	0.15754922	0.00000010	0.27856678	0.46760735	0.85309803	0.00000010	0.67260885	0.26900262	0.09493995	0.00000010	0.00000010	0.07499218	0.18212442	0.37987149	0.00000010	0.43394738	0.00000010	0.11030238	0.52069223	0.00000010	0.00000010	0.11946844	0.00000010	0.00000010	0.00000010	0.00000010	0.04274601	0.10145454	0.00000010	0.15679096	0.43667561	0.00000010	0.17706743	0.00000010	0.00000010	0.00000010	0.37172037	0.00000010	0.00000010	0.53681690	0.92055494	0.32600453	1.07387447	0.24209981	0.22162239	0.27526790	0.00000010	0.00000010	0.17138189	0.00000010	0.03384686	0.29891801	0.64643937	0.00000010	0.05828460	0.48694497	0.00000010	0.28527683	0.00000010	0.54394388	0.54663128	0.00000010	0.51649356	0.00000010	0.00000010	0.55050087	0.33236903	0.26332879	0.00000010	0.00000010	0.59001458	0.00000010	0.42610532	0.38012463	0.00000010	0.09723017	0.00000010	0.64017916	0.22709948	0.38719332	0.00000010	0.00000010	0.22208941	0.00000010	0.00000010	0.08368468	0.00000010	0.00000010	0.20788288	0.00000010	0.00000010	0.16122402	0.56364834	0.00000010	0.00000010	0.00000010	0.00000010	0.00000010	0.47918579	0.93144882	0.63258481	0.00000010	0.00000010	0.55910265	0.00000010	0.00000010	0.07300108	0.41693085	0.38856256	0.00000010	0.44528145	0.00000010	0.00132658	0.00000010	0.00000010	0.63516760	1.45909381	0.25403729	0.20841067	0.36107397	0.03359828	0.10926588	0.00000010	0.69046307	0.10362650	0.07353634	0.00000010	0.17349648	0.43274677	0.00000010	1.04983389	0.14402808	0.00000010	0.40477633	0.00000010	0.14906567	0.15167506	0.12845124	0.08353386	1.23313808	0.19948575	0.75219131	0.00000010	0.44264644	0.35347626	0.00000010	0.00000010	0.78370947	0.24975927	0.00000010
chr1	115258748	driver	C	A	0.37111455	0.00000010	0.13956787	0.40010020	0.36937204	0.00000010	0.00000010	0.00000010	0.00039437	0.06686676	0.02306749	0.21064341	0.00000010	0.00000010	0.00000010	0.29734787	0.03953662	0.00000010	0.61243886	0.30178186	0.80854607	0.94780910	0.00000010	0.11552619	0.10172400	0.00000010	0.55554879	0.77468771	0.00000010	0.31324837	0.17890464	0.61845386	0.05768727	0.00000010	0.60119128	0.33240151	0.06443588	0.81235629	0.00000010	0.14529857	0.67735624	0.47026020	0.00000010	0.00000010	0.00000010	0.00000010	0.00000010	0.00000010	0.41827226	0.60277730	0.83131236	0.08739102	0.00000010	0.00000010	0.27799779	0.00000010	0.33512652	0.23527747	0.00000010	0.15552452	0.00000010	0.51526815	0.00000010	0.52260232	0.06461992	0.09337804	0.00000010	0.72301668	0.00000010	0.00000010	0.41536957	0.12992507	0.09220728	0.75127834	0.00000010	1.08767629	0.00000010	0.82664728	0.54248118	0.00000010	0.25772038	0.47620422	0.00000010	0.00000010	0.00000010	0.00000010	0.64939308	1.53466368	0.00000010	0.00000010	0.10005049	0.28799152	0.00000010	0.00000010	0.00000010	0.07506412	0.37687922	0.00000010	0.00000010	0.32056627	0.10261717	0.00489620	0.54272163	0.00000010	0.72734118	0.00000010	0.32857800	0.00000010	0.27888387	0.68377811	0.87714911	0.00000010	0.75260645	0.45262831	0.00107725	0.00626002	0.00000010	0.09673461	0.03785024	0.49793169	0.00000010	0.15210652	0.00000010	0.00000010	0.87713277	0.00000010	0.07971822	0.00000010	0.09172168	0.20700626	0.00000010	0.00000010	0.00000010	0.00000010	0.00000010	0.28440347	0.48752356	0.00000010	0.15093210	0.00000010	0.00000010	0.08080503	0.48689136	0.00000010	0.00515835	0.40134779	0.97734141	0.32871106	0.70716214	0.15223290	0.00000010	0.42498952	0.00000010	0.00000010	0.28267783	0.00000010	0.03863628	0.34317386	0.60288018	0.00000010	0.03535126	0.43168449	0.00000010	0.23894778	0.00000010	0.57152247	0.83120358	0.00000010	0.72587872	0.00000010	0.00000010	0.33219340	0.22521089	0.22297941	0.00000010	0.00000010	0.36344898	0.00000010	0.75637031	0.32370594	0.00000010	0.17902558	0.00000010	0.63079548	0.09875281	0.54555786	0.00000010	0.00000010	0.20674913	0.00000010	0.00000010	0.10266590	0.00000010	0.05898874	0.08948731	0.00000010	0.00000010	0.19648787	0.71707833	0.00000010	0.00000010	0.00000010	0.00000010	0.00000010	0.04869611	0.79623044	0.40787840	0.00000010	0.00000010	0.43582088	0.00000010	0.00000010	0.00000010	0.14696960	0.43950641	0.00000010	0.63009012	0.00000010	0.02750799	0.00000010	0.00000010	1.19456840	1.51180446	0.28836483	0.00000010	0.19067095	0.12293911	0.23565996	0.00000010	1.04600859	0.05176722	0.00000010	0.00000010	0.05811549	0.54225951	0.00000010	1.05192375	0.05828217	0.00000010	0.58191484	0.10577248	0.00263473	0.40929243	0.00000010	0.17012690	1.29699349	0.00000010	0.49645203	0.00000010	0.17999391	0.39047563	0.00000010	0.00000010	0.46959344	0.44896933	0.00000010
chr1	115256528	driver	T	G	0.79922116	0.00000010	0.00000010	0.25040630	0.39181709	0.08408892	0.16199152	0.00000010	0.00000010	0.00000010	0.54075933	0.42843559	0.00000010	0.00000010	0.00000010	0.39672917	0.10202849	0.00000010	0.32409307	0.17632690	0.72239554	1.09141481	0.00000010	0.11917551	0.29398468	0.00000010	0.41550866	0.75058115	0.00000010	0.34450325	0.20692769	0.43441361	0.22037885	0.00000010	0.65468818	0.36811325	0.08616769	0.32027683	0.00000010	0.00000010	0.46478122	0.09583233	0.00000010	0.00000010	0.00000010	0.00000010	0.00000010	0.00000010	0.62182164	0.63806069	0.49941564	0.10584441	0.00000010	0.00000010	0.50585437	0.00000010	0.36311990	0.40866339	0.00000010	0.74070942	0.00000010	0.32156667	0.00000010	0.65452516	0.09019415	0.03348164	0.00000010	0.50702947	0.05967377	0.37455180	0.50121236	0.00000010	0.13118529	0.65007180	0.00000010	0.95799208	0.00000010	1.04798412	0.42198396	0.00000010	0.66668582	0.61647463	0.01231883	0.00000010	0.00000010	0.00000010	0.37706259	1.04793203	0.00000010	0.00000010	0.16413952	0.28300756	0.02968042	0.00000010	0.09040259	0.01671086	0.55697435	0.00000010	0.00000010	0.48259914	0.21159416	0.00000010	0.56521481	0.00000010	0.61337340	0.00000010	0.17197943	0.00000010	0.26798159	0.50331545	0.83625412	0.00000010	0.68730187	0.27071905	0.08101478	0.00000010	0.00000010	0.05988907	0.17268649	0.32761183	0.00000010	0.42824596	0.00000010	0.10848626	0.48481280	0.00000010	0.00000010	0.11568795	0.00000010	0.00000010	0.00000010	0.00000010	0.05124921	0.11875243	0.00000010	0.12659481	0.43654430	0.00000010	0.17160115	0.00000010	0.00000010	0.00000010	0.31590390	0.00000010	0.00000010	0.48992157	0.90703726	0.27625519	1.06861210	0.25626737	0.20919573	0.27869731	0.00000010	0.00000010	0.16867283	0.00000010	0.04439877	0.29733154	0.64721107	0.00000010	0.07072944	0.49257627	0.00000010	0.26674208	0.00000010	0.53991866	0.53407395	0.00000010	0.49090010	0.00000010	0.00000010	0.54423475	0.33284837	0.29061630	0.00000010	0.00000010	0.59480631	0.00000010	0.40215892	0.39096978	0.00000010	0.10898983	0.00000010	0.65682220	0.23982561	0.38895801	0.00000010	0.00000010	0.25326270	0.01776161	0.00000010	0.04059459	0.00000010	0.00653066	0.22642875	0.00000010	0.00000010	0.17110887	0.56998110	0.00000010	0.00000010	0.00000010	0.00000010	0.00000010	0.50174409	0.90914404	0.67084950	0.00000010	0.00000010	0.55770314	0.00000010	0.00000010	0.10234924	0.35560316	0.43531197	0.00000010	0.46237826	0.00000010	0.00000010	0.00000010	0.00000010	0.67028862	1.45231283	0.23189545	0.24027535	0.33200312	0.00457585	0.14904308	0.00000010	0.70094967	0.10787167	0.05351495	0.00000010	0.18932423	0.44023049	0.00000010	1.06398165	0.13851494	0.00000010	0.31653786	0.00000010	0.17871760	0.17761099	0.06699107	0.07758877	1.23438251	0.15712629	0.73694998	0.00000010	0.42704627	0.33071586	0.00000010	0.00000010	0.73789096	0.24942502	0.00000010
chr1	115256529	driver	T	A	0.80631030	0.00000010	0.00000010	0.26284611	0.39478964	0.08153199	0.12924232	0.00000010	0.00000010	0.00000010	0.56719589	0.42185161	0.00000010	0.00000010	0.00000010	0.45723343	0.09048698	0.00000010	0.29164517	0.18597817	0.68966126	1.10809946	0.00000010	0.09692901	0.26215854	0.00000010	0.38820893	0.73538363	0.00000010	0.34737784	0.16468155	0.43125039	0.22439468	0.00000010	0.64512348	0.38358638	0.08554424	0.27702096	0.00000010	0.00000010	0.45552278	0.05622806	0.00000010	0.00000010	0.00000010	0.00000010	0.00000010	0.00000010	0.62010109	0.61834848	0.45702857	0.08250433	0.00000010	0.00000010	0.50496018	0.00566871	0.35777301	0.45245856	0.00000010	0.74544567	0.00000010	0.34469312	0.00000010	0.64205921	0.08994538	0.01030647	0.00000010	0.47647756	0.05179106	0.38068017	0.51440686	0.00000010	0.09034055	0.67267352	0.00000010	0.94955945	0.00000010	1.05016315	0.40369523	0.00000010	0.72955543	0.62986624	0.01514153	0.00000010	0.00000010	0.00000010	0.36532897	1.05110705	0.00000010	0.00000010	0.15623508	0.28271499	0.05441014	0.00000010	0.07980314	0.01797017	0.53689736	0.00000010	0.00000010	0.51994848	0.22724470	0.00000010	0.54004532	0.01556419	0.61154974	0.00000010	0.15754922	0.00000010	0.27856678	0.46760735	0.85309803	0.00000010	0.67260885	0.26900262	0.09493995	0.00000010	0.00000010	0.07499218	0.18212442	0.37987149	0.00000010	0.43394738	0.00000010	0.11030238	0.52069223	0.00000010	0.00000010	0.11946844	0.00000010	0.00000010	0.00000010	0.00000010	0.04274601	0.10145454	0.00000010	0.15679096	0.43667561	0.00000010	0.17706743	0.00000010	0.00000010	0.00000010	0.37172037	0.00000010	0.00000010	0.53681690	0.92055494	0.32600453	1.07387447	0.24209981	0.22162239	0.27526790	0.00000010	0.00000010	0.17138189	0.00000010	0.03384686	0.29891801	0.64643937	0.00000010	0.05828460	0.48694497	0.00000010	0.28527683	0.00000010	0.54394388	0.54663128	0.00000010	0.51649356	0.00000010	0.00000010	0.55050087	0.33236903	0.26332879	0.00000010	0.00000010	0.59001458	0.00000010	0.42610532	0.38012463	0.00000010	0.09723017	0.00000010	0.64017916	0.22709948	0.38719332	0.00000010	0.00000010	0.22208941	0.00000010	0.00000010	0.08368468	0.00000010	0.00000010	0.20788288	0.00000010	0.00000010	0.16122402	0.56364834	0.00000010	0.00000010	0.00000010	0.00000010	0.00000010	0.47918579	0.93144882	0.63258481	0.00000010	0.00000010	0.55910265	0.00000010	0.00000010	0.07300108	0.41693085	0.38856256	0.00000010	0.44528145	0.00000010	0.00132658	0.00000010	0.00000010	0.63516760	1.45909381	0.25403729	0.20841067	0.36107397	0.03359828	0.10926588	0.00000010	0.69046307	0.10362650	0.07353634	0.00000010	0.17349648	0.43274677	0.00000010	1.04983389	0.14402808	0.00000010	0.40477633	0.00000010	0.14906567	0.15167506	0.12845124	0.08353386	1.23313808	0.19948575	0.75219131	0.00000010	0.44264644	0.35347626	0.00000010	0.00000010	0.78370947	0.24975927	0.00000010
chr3	138374301	driver	G	A	0.41836774	0.00000010	0.00000010	0.26419160	0.47928703	0.00000010	0.00427004	0.00000010	0.00000010	0.00757645	0.33928964	0.27155831	0.00000010	0.00000010	0.00000010	0.75748193	0.00000010	0.00000010	0.24192387	0.02191100	0.79241598	0.88711131	0.00000010	0.00000010	0.45163816	0.00000010	0.09881248	0.80623817	0.00000010	0.31729144	0.42442852	0.43288571	0.42478719	0.00000010	0.71615672	0.40446919	0.05668576	0.35735220	0.00000010	0.00000010	0.51325190	0.00000010	0.00000010	0.00000010	0.00000010	0.00000010	0.00000010	0.00000010	0.63529295	0.31157142	0.53275698	0.07458228	0.00000010	0.00000010	0.52782810	0.00000010	0.19455688	0.52761030	0.00000010	0.40962905	0.00000010	0.53289998	0.00000010	0.90890867	0.04936965	0.26363853	0.00000010	0.36614341	0.00000010	0.27647108	0.49648035	0.00000010	0.20752226	0.43184698	0.00000010	0.87407279	0.00000010	0.56020868	0.55945969	0.00000010	0.47420496	0.59899282	0.00000010	0.00000010	0.07179047	0.00000010	0.31511992	1.03823149	0.15329596	0.00000010	0.22866565	0.33695883	0.00000010	0.00000010	0.00000010	0.05398387	0.21778503	0.00000010	0.00000010	0.59977686	0.15462375	0.00000010	0.30825803	0.00000010	0.53091449	0.00000010	0.32388812	0.00000010	0.59368861	0.41635752	0.87771761	0.00000010	0.61141342	0.39658576	0.03022040	0.00000010	0.00000010	0.20642450	0.17971955	0.78252482	0.00000010	0.22885805	0.02829973	0.20790868	0.49036360	0.00000010	0.00000010	0.31178740	0.16271536	0.11979578	0.00000010	0.00000010	0.00000010	0.06356338	0.00000010	0.35048580	0.31916708	0.00000010	0.17290077	0.00000010	0.00000010	0.03794766	0.44633400	0.00000010	0.03053674	0.42914724	0.98435307	0.26576602	0.98580599	0.31547585	0.39000800	0.40079343	0.00000010	0.00000010	0.42919978	0.00000010	0.02440144	0.26066110	0.62642372	0.00000010	0.00000010	0.54595256	0.00000010	0.59356439	0.05157026	0.52980113	0.88596594	0.02239151	0.80011296	0.00000010	0.05483741	0.41846043	0.54052389	0.27631134	0.00000010	0.00000010	0.67056614	0.00000010	0.73405325	0.36773121	0.00000010	0.14949138	0.00000010	0.19146325	0.45381883	0.52003992	0.00000010	0.00000010	0.24124470	0.00000010	0.00000010	0.00000010	0.00000010	0.00049957	0.00000010	0.00000010	0.13250244	0.13684925	0.60106331	0.00000010	0.00000010	0.00000010	0.00000010	0.00000010	0.36106786	1.04002273	0.27217913	0.00000010	0.00000010	0.62708545	0.00000010	0.00000010	0.00000010	0.49211180	0.45025134	0.00000010	0.70877951	0.00000010	0.03938377	0.00000010	0.00000010	0.57470965	1.23832881	0.10150336	0.00000010	0.39145988	0.05122989	0.04572610	0.00000010	0.65427488	0.09078996	0.00000010	0.00000010	0.00000010	0.30316466	0.00000010	0.91012120	0.18123218	0.00000010	0.29423556	0.00000010	0.53200489	0.16407281	0.00000010	0.27118739	1.05070949	0.00000010	0.38447672	0.00000010	0.35433549	0.34373271	0.00000010	0.00000010	0.90675318	0.26162270	0.00000010
chr3	138413742	passenage	G	A	0.63083231	0.00000010	0.00000010	0.27134702	0.44770890	0.00000010	0.04214153	0.00000010	0.00000010	0.07821758	0.24034688	0.30767006	0.00000010	0.00000010	0.00000010	0.19310766	0.02791335	0.00000010	0.24394509	0.32762823	0.70156276	1.10291135	0.00000010	0.00000010	0.65677536	0.00000010	0.26940635	0.78656578	0.00000010	0.35741672	0.19046471	0.65643477	0.35853171	0.00000010	0.45768163	0.44193754	0.18332687	0.51922220	0.00000010	0.08192170	0.66199386	0.18231842	0.00000010	0.00000010	0.00000010	0.00000010	0.00000010	0.00000010	0.65837538	0.27115667	0.62693447	0.21904257	0.00000010	0.00000010	0.43367177	0.00000010	0.15364856	0.43461591	0.00000010	0.38099471	0.00000010	0.52878016	0.00000010	0.77877325	0.04454448	0.11210135	0.00000010	0.51642668	0.08782002	0.15316533	0.25416633	0.18321857	0.01291072	0.55178046	0.00000010	0.96612477	0.00000010	1.09527588	0.53419465	0.00000010	0.58216286	0.34303170	0.00000010	0.00000010	0.22844538	0.00000010	0.54030687	1.49726057	0.08721671	0.00000010	0.37554574	0.02753711	0.00000010	0.00000010	0.00000010	0.05138882	0.60943925	0.00000010	0.00000010	0.56248701	0.14742383	0.00000010	0.49028379	0.00000010	0.67858386	0.00000010	0.37374526	0.00000010	0.12155822	0.47735190	0.85385418	0.00000010	0.87637347	0.22422028	0.00000010	0.00000010	0.00000010	0.46005908	0.23844093	0.68494308	0.00000010	0.08779772	0.00000010	0.24520421	0.58118594	0.00000010	0.05177163	0.00000010	0.00000010	0.04332785	0.00000010	0.00000010	0.00000010	0.05354819	0.00000010	0.23928949	0.46682566	0.00000010	0.04584330	0.00000010	0.00000010	0.10002252	0.39316958	0.00000010	0.08986133	0.52362287	0.93077707	0.00479973	0.98829615	0.19361076	0.19238313	0.39676577	0.00000010	0.00000010	0.43841898	0.00000010	0.08535098	0.14945771	0.67336583	0.00000010	0.00000010	0.67073143	0.00000010	0.61506343	0.00656575	0.39164346	0.71440315	0.08198660	0.44765738	0.00000010	0.00000010	0.60602248	0.35142091	0.24071732	0.00000010	0.00000010	0.59859753	0.00000010	0.75667191	0.44169736	0.00000010	0.08028001	0.00000010	0.58094597	0.03851949	0.46869051	0.00000010	0.00000010	0.32917464	0.00000010	0.00000010	0.10637226	0.00000010	0.00000010	0.05251517	0.00000010	0.00000010	0.33916771	0.30052322	0.00000010	0.00000010	0.00000010	0.00000010	0.00000010	0.28875291	0.75881410	0.17182103	0.00000010	0.00000010	0.41477090	0.00000010	0.00000010	0.00000010	0.32686108	0.66688013	0.00000010	0.69995213	0.00000010	0.05450020	0.00000010	0.00000010	0.70865524	1.45670152	0.12985468	0.00000010	0.32066971	0.00000010	0.31746233	0.10445904	0.78763950	0.06691092	0.00000010	0.00000010	0.15739813	0.34646076	0.00000010	0.98593044	0.03612399	0.00000010	0.16161478	0.00000010	0.75113952	0.11977684	0.09632253	0.18514681	1.19716990	0.00000010	0.44535083	0.00000010	0.25639951	0.22517908	0.00000010	0.04480420	0.77526110	0.31689996	0.00000010
chr3	138426040	passenage	C	G	0.60711414	0.00000010	0.04800511	0.45746186	0.36473262	0.00000010	0.00000010	0.40694195	0.00000010	0.00000010	0.08429579	0.44231671	0.00000010	0.00000010	0.00000010	0.13262466	0.04631754	0.00000010	0.31550843	0.23002793	0.43233120	0.66823298	0.05994730	0.08350360	0.38452342	0.00000010	0.39446113	0.28169888	0.00000010	0.28368658	0.25258091	0.45999721	0.03449830	0.00000010	0.66074169	0.09840450	0.44069976	0.72603095	0.00000010	0.02655603	0.53707016	0.31497106	0.00000010	0.00000010	0.12634286	0.00000010	0.00000010	0.00659714	0.53268790	0.62589598	0.58402508	0.50246358	0.00000010	0.00193531	0.08266193	0.00000010	0.04091472	0.34388700	0.00000010	0.30011243	0.00000010	0.12772480	0.00000010	0.83982921	0.31244913	0.34261879	0.24559811	0.47607699	0.00000010	0.52658284	0.45581934	0.00000010	0.49200028	0.30482981	0.00000010	0.64537138	0.00000010	0.55961490	0.33388939	0.00000010	0.39196938	0.25644070	0.00000010	0.00000010	0.09834953	0.05123397	0.53409642	0.90583265	0.23556471	0.00000010	0.17118923	0.64773107	0.00000010	0.00000010	0.02794056	0.00000010	0.19380957	0.00000010	0.00000010	0.18317598	0.17722695	0.09654986	0.26186261	0.00000010	0.28380269	0.00000010	0.35548168	0.03598244	0.26568285	0.36358836	0.79142213	0.00000010	0.42217815	0.15782031	0.00880763	0.00000010	0.00000010	0.12687716	0.21743807	0.48299643	0.00000010	0.49732339	0.00000010	0.44042537	0.80930758	0.00000010	0.00000010	0.25326028	0.04043195	0.30402222	0.06276080	0.00000010	0.00000010	0.00000010	0.00000010	0.17403285	0.21650741	0.00000010	0.00000010	0.00000010	0.00000010	0.19872397	0.46806651	0.00000010	0.17567854	0.07968061	0.39701778	0.27874911	0.53955841	0.62080187	0.15412548	0.47610456	0.00000010	0.00000010	0.56947696	0.00000010	0.00000010	0.11142933	0.34102124	0.04363142	0.07359378	0.36019117	0.00000010	0.08305596	0.24484670	0.50744408	0.73428297	0.00000010	0.64325678	0.00000010	0.22739559	0.07909963	0.58091402	0.20731817	0.00000010	0.00000010	0.22984205	0.00000010	0.40694439	0.23187444	0.00000010	0.20695576	0.04023522	0.34781197	0.08814056	0.54221576	0.10976516	0.00000010	0.45274353	0.00031488	0.00000010	0.00000010	0.00000010	0.00000010	0.07655245	0.00000010	0.19770584	0.15646797	0.64751214	0.34478384	0.00000010	0.00000010	0.00000010	0.00000010	0.22963682	0.53297782	0.00705126	0.00000010	0.00000010	0.63471782	0.00000010	0.00000010	0.00000010	0.35654348	0.31561649	0.00000010	0.79783708	0.00000010	0.18419777	0.08056906	0.00000010	0.83330053	0.74889970	0.20765749	0.01538743	0.06901013	0.00000010	0.09218031	0.10320905	0.57280254	0.16154480	0.00148945	0.00000010	0.20403081	0.47430670	0.00000010	0.84169883	0.25527900	0.00000010	0.66295654	0.10057858	0.24742226	0.16620973	0.26539817	0.15918639	0.49877116	0.00000010	0.21799597	0.00000010	0.20972614	0.24433267	0.00000010	0.04050699	0.61168957	0.20031086	0.00000010
chr7	124510993	driver	C	A	0.13151532	0.16506605	0.07644404	0.49597272	0.66058230	0.00000010	0.05937055	0.35886562	0.00000010	0.00676670	0.33951694	0.48584196	0.00000010	0.01506219	0.00000010	0.11098601	0.00000010	0.00000010	0.00000010	0.48854262	0.36136001	0.10505675	0.06714524	0.00000010	0.13272659	0.00000010	0.00000010	0.24859820	0.00000010	0.40514100	0.03866636	0.66603744	0.11516821	0.19076972	0.53658444	0.51561689	0.27444619	0.00000010	0.00000010	0.00000010	0.28878382	0.08417891	0.00000010	0.00000010	0.00000010	0.00000010	0.00000010	0.00000010	0.69278836	0.35975736	0.00000010	0.55329323	0.09854419	0.03408779	0.53443193	0.00000010	0.42967474	0.67864978	0.01858658	0.12423097	0.07581577	0.15603651	0.00000010	0.51093537	0.00000010	0.13039981	0.12655286	0.00000010	0.00000010	0.92985612	0.20153922	0.00000010	0.67187440	0.28683507	0.00000010	0.36124301	0.00000010	0.23424855	0.02519133	0.00000010	0.33305532	0.38667488	0.00000010	0.09129617	0.00000010	0.00000010	0.00000010	0.05873761	0.34114659	0.00000010	0.22289422	0.37861603	0.05917001	0.00000010	0.00000010	0.38069850	0.66582239	0.00000010	0.04855289	0.72631514	0.00000010	0.15395278	0.24623936	0.12186489	0.10031122	0.00000010	0.15822265	0.00000010	0.06490186	0.00000010	0.43778327	0.00000010	0.10559024	0.14735566	0.00000010	0.00000010	0.00000010	0.00000010	0.15592806	0.30738175	0.10323733	0.15383875	0.00000010	0.70947629	0.66626489	0.00000010	0.00301858	0.49265575	0.00000010	0.02375247	0.00000010	0.00000010	0.00000010	0.19739962	0.00000010	0.40580231	0.40429360	0.00000010	0.58909118	0.00000010	0.00000010	0.36259174	0.70301086	0.00000010	0.18354619	0.43978989	0.56843913	0.50610232	0.58462197	0.94228184	0.31838229	0.60711718	0.00000010	0.00000010	0.21625090	0.00000010	0.00676891	0.11689301	0.11449665	0.15014654	0.13951477	0.11980434	0.00000010	0.13751815	0.03565984	0.48949498	0.26817146	0.00000010	0.29750076	0.12040491	0.23833290	0.57747728	0.85113788	0.00000010	0.00000010	0.00000010	0.35651064	0.00000010	0.27064264	0.01271056	0.00000010	0.23377314	0.00000010	0.64405292	0.02666518	0.22739963	0.07255612	0.00000010	0.30563676	0.00000010	0.08015269	0.04240930	0.00000010	0.00000010	0.01164482	0.00000010	0.00000010	0.16780478	0.11355477	0.16345701	0.00000010	0.00000010	0.00000010	0.00000010	0.47680140	0.11093849	0.05294226	0.20567641	0.17304313	0.61528999	0.00000010	0.06016608	0.00000010	0.36937153	0.09645832	0.00000010	0.48763627	0.01644427	0.00220370	0.00463294	0.00000010	0.08362257	0.00000010	0.28401074	0.00000010	0.21749687	0.00000010	0.00000010	0.00000010	0.04432151	0.00939311	0.00000010	0.00000010	0.00000010	0.28254387	0.03545185	0.43867633	0.29181558	0.00000010	0.40263739	0.00000010	0.23862267	0.00000010	0.40490580	0.17696984	0.46327943	0.14276862	0.28206062	0.00000010	0.57506186	0.45995107	0.00000010	0.00000010	0.98136210	0.00000010	0.03270489
chr7	124493101	passenage	A	T	0.31283239	0.00000010	0.17618956	0.28640881	0.58656323	0.01951389	0.09459769	0.61904842	0.00000010	0.00000010	0.38963997	0.30431634	0.00000010	0.00000010	0.00000010	0.27118912	0.04091949	0.00000010	0.24395594	0.37261945	0.13950278	0.66299772	0.02608163	0.00000010	0.19100437	0.00000010	0.00000010	0.73996437	0.00000010	0.43869561	0.19742855	0.54188061	0.05746133	0.00000010	0.72860378	0.29079169	0.04659299	0.00000010	0.00000010	0.00000010	0.65606058	0.40840757	0.00000010	0.02618720	0.14364874	0.00000010	0.00000010	0.00000010	0.57436877	0.50767106	0.00000010	1.22813940	0.07274516	0.00000010	0.84492564	0.05872778	0.68967062	0.46685988	0.00000010	0.09766181	0.36953583	0.40203759	0.00000010	0.61900359	0.17878431	0.00000010	0.50457126	0.02031580	0.00000010	0.64802432	0.81600738	0.00000010	1.32172942	0.17154317	0.01430068	0.29779550	0.00000010	0.77248383	0.20267236	0.00000010	0.29270762	0.24210083	0.00000010	0.00000010	0.00000010	0.00000010	0.00000010	0.25638968	0.57185555	0.00000010	0.09004771	0.32051212	0.00000010	0.00000010	0.00000010	0.00150052	0.63539648	0.00000010	0.00000010	0.77309942	0.07072940	0.01193757	0.45733592	0.00000010	0.19953081	0.00000010	0.26503873	0.00000010	0.65449560	0.01890735	0.73492855	0.00000010	0.36307561	0.35705417	0.00000010	0.00000010	0.00000010	0.01136099	0.07205233	0.39748061	0.00000010	0.22066519	0.00000010	0.43649620	0.86916435	0.00000010	0.16083220	0.01051384	0.00000010	0.00000010	0.00000010	0.00000010	0.00000010	0.07136933	0.00000010	0.52009350	0.57889003	0.00000010	0.37980032	0.00000010	0.06373608	0.23786251	1.12246203	0.00000010	0.00000010	0.50019348	0.43195999	0.35880721	1.21360707	1.11289930	0.24506830	0.48155782	0.00000010	0.00000010	0.15209347	0.00000010	0.10357149	0.00000010	0.15457280	0.00000010	0.22010532	0.26396710	0.00000010	0.15699358	0.00000010	0.32514861	0.35797310	0.00000010	0.57904720	0.00000010	0.79212463	0.47052473	1.42355227	0.10476373	0.00000010	0.00000010	0.91773272	0.00000010	0.56580198	0.35164684	0.00000010	0.01100842	0.00000010	0.56543702	0.21754675	0.23497087	0.00128467	0.01488539	0.38694501	0.00000010	0.00000010	0.00000010	0.00000010	0.00000010	0.14750254	0.00000010	0.00000010	0.20944349	0.43489668	0.62717515	0.00000010	0.00000010	0.00000010	0.00000010	0.41621667	0.76866156	0.09686173	0.00000010	0.00000010	0.34022105	0.00000010	0.00000010	0.00000010	0.04683870	0.49679491	0.01776583	0.36494622	0.02548384	0.00000010	0.00000010	0.00000010	0.66349691	0.17623419	0.35343957	0.00000010	0.41465020	0.00000010	0.06833388	0.01791605	0.51070321	0.33266082	0.00000010	0.00000010	0.00000010	0.31288826	0.00000010	1.07282686	0.12747419	0.00000010	0.71484601	0.00000010	0.20601420	0.00000010	0.05977669	0.30777809	0.31499165	0.45946193	0.71557981	0.00000010	0.68055010	0.42816523	0.00000010	0.08072430	1.62986565	0.05458327	0.00000010
chr7	124482862	passenage	G	T	0.00000010	0.00000010	0.04474609	0.58802509	0.59591866	0.00000010	0.05716505	0.42671353	0.00000010	0.00000010	0.37068197	0.26250094	0.00000010	0.00000010	0.00000010	0.15950288	0.03126018	0.00000010	0.04209426	0.31472436	0.25938985	0.63232875	0.11500113	0.00000010	0.33337373	0.00000010	0.00000010	0.68724895	0.00000010	0.39918852	0.20551696	0.53860676	0.24460758	0.00000010	0.29163834	0.85776019	0.13698433	0.00000010	0.00000010	0.00000010	0.12202623	0.15583991	0.00000010	0.00000010	0.02720031	0.00000010	0.00000010	0.00000010	0.83934176	0.29145858	0.00000010	1.36785507	0.21095438	0.00000010	0.77217829	0.00000010	0.35818994	0.76554143	0.00907883	0.32234722	0.32657456	0.44006467	0.00000010	0.96413255	0.02795805	0.13770109	0.41244456	0.00000010	0.00000010	0.94490874	0.28507841	0.00000010	1.17840898	0.23065822	0.00000010	0.45344469	0.00000010	0.42017949	0.26231718	0.00000010	0.64206767	0.43492100	0.00000010	0.04578056	0.00000010	0.00000010	0.00000010	0.05938168	0.61749619	0.00000010	0.20515095	0.62901765	0.00000010	0.00000010	0.00000010	0.10253103	0.57956600	0.00000010	0.00000010	0.59459341	0.08878469	0.00000010	0.62195742	0.09867655	0.13596299	0.00000010	0.38266474	0.05603469	0.22970372	0.00000010	0.63959080	0.00000010	0.06194468	0.21940421	0.00000010	0.00000010	0.00000010	0.18640810	0.06201886	0.23603699	0.00000010	0.28174853	0.03364243	0.69217491	0.64586848	0.00000010	0.11822714	0.73320556	0.00000010	0.00000010	0.00000010	0.00000010	0.00000010	0.34395829	0.00000010	0.28341174	0.37783259	0.00000010	0.11481352	0.00000010	0.00000010	0.30208361	1.21202409	0.00000010	0.03084017	0.54265749	0.73670340	0.47740316	1.30889773	1.48730564	0.09142404	0.40433916	0.05555834	0.00000010	0.40424186	0.00000010	0.18017076	0.13029885	0.13004695	0.16197219	0.28722826	0.38098073	0.00000010	0.40234381	0.00000010	0.57351041	0.35691082	0.00000010	0.38428915	0.00000010	0.67453629	0.77320945	1.24997556	0.00000010	0.00000010	0.00000010	0.76931667	0.00000010	0.51035655	0.28599006	0.00000010	0.00000010	0.00000010	0.43106854	0.43728513	0.04666940	0.00000010	0.00000010	0.00000010	0.00000010	0.01533107	0.00000010	0.00000010	0.00000010	0.03131863	0.00000010	0.00585103	0.13178146	0.26274306	0.81226963	0.00000010	0.00000010	0.00000010	0.00000010	0.44761193	0.35666844	0.16831100	0.02804105	0.04727723	0.45720601	0.00000010	0.00000010	0.02953094	0.23586708	0.25145218	0.00000010	0.46447611	0.00000010	0.00000010	0.00000010	0.00000010	0.27710140	0.12271580	0.27524000	0.00000010	0.46118778	0.01577411	0.00000010	0.00000010	0.20843539	0.30741504	0.00000010	0.00000010	0.00000010	0.48582721	0.00000010	0.59601343	0.34083506	0.00000010	0.17493026	0.00000010	0.18851012	0.00000010	0.00000010	0.43815711	0.36948743	0.72670501	0.49163884	0.00000010	0.90549570	0.15028004	0.00000010	0.03126226	1.61957479	0.00000010	0.00000010
chr10	89692895	driver	G	A	0.29123873	0.00000010	0.02022949	0.34576082	0.56399810	0.00000010	0.05086072	0.37062076	0.00000010	0.00000010	0.36781570	0.28801540	0.00000010	0.00000010	0.00000010	0.52275157	0.00000010	0.00000010	0.32148671	0.55321896	0.13931657	0.72085112	0.05385424	0.00000010	0.49192131	0.00000010	0.00000010	0.53813773	0.00000010	0.38755769	0.28597671	0.51874882	0.36141640	0.00000010	0.49907577	0.58378202	0.18169056	0.00000010	0.00000010	0.00000010	0.36119393	0.43159670	0.00000010	0.00000010	0.04034606	0.03658395	0.00000010	0.00000010	0.71048999	0.54871458	0.00000010	0.75812054	0.00583693	0.00000010	0.53628606	0.00000010	0.14698498	0.49952680	0.00000010	0.51807535	0.20224363	0.65674663	0.00000010	0.67084384	0.06913732	0.28733495	0.32822698	0.08346473	0.00000010	0.40663740	0.20540740	0.00000010	0.89258516	0.15190901	0.00000010	0.31029817	0.00000010	0.68029261	0.22881548	0.00000010	0.42317432	0.40007073	0.00000010	0.04488102	0.00000010	0.00000010	0.00000010	0.40084407	0.67338526	0.00000010	0.42593223	0.21038657	0.00000010	0.00000010	0.00000010	0.07979809	0.61066765	0.00000010	0.00000010	0.58650148	0.03146109	0.02363528	0.27198473	0.00000010	0.21352503	0.00000010	0.34920728	0.00000010	0.33917409	0.00000010	0.64634937	0.00000010	0.20353314	0.13029936	0.00000010	0.00000010	0.00000010	0.02936702	0.17452940	0.48675990	0.00000010	0.20607051	0.00000010	0.77262843	0.53918028	0.00000010	0.00000010	0.61772770	0.00000010	0.03397709	0.00000010	0.00000010	0.00000010	0.22711889	0.00000010	0.65430212	0.35115567	0.00523973	0.18130085	0.00000010	0.00000010	0.26123708	1.04068768	0.00000010	0.16682117	0.24022767	0.55609733	0.22791433	0.89327943	0.95811737	0.24665466	0.58187270	0.00000010	0.00000010	0.34492403	0.00000010	0.25128502	0.04244116	0.34647113	0.00000010	0.45107275	0.38028869	0.00000010	0.18654615	0.02736216	0.46542823	0.57425988	0.00000010	0.66381264	0.00000010	0.45795301	0.45818663	1.09896195	0.00000010	0.00000010	0.00000010	0.60323846	0.00000010	0.35399064	0.28206444	0.07933008	0.00000010	0.00000010	0.29193959	0.42215306	0.47474080	0.00000010	0.00000010	0.33086035	0.00000010	0.00000010	0.00000010	0.00000010	0.00000010	0.00000010	0.00000010	0.02230649	0.12328693	0.76470822	0.48018843	0.00000010	0.00000010	0.00000010	0.00000010	0.10472526	0.59069073	0.04129716	0.00000010	0.00000010	0.48794341	0.00000010	0.00000010	0.00000010	0.16091564	0.28082359	0.00000010	0.55227572	0.00000010	0.00000010	0.00000010	0.00000010	0.59011930	0.24848151	0.20823663	0.00000010	0.22817454	0.00000010	0.12691644	0.06336328	0.63359123	0.42924488	0.00000010	0.00000010	0.00000010	0.40739483	0.00000010	0.79015261	0.29313004	0.00000010	0.69862533	0.00000010	0.27809146	0.02045459	0.00000010	0.07606598	0.36747101	0.42230043	0.29942048	0.00000010	0.69476360	0.24667364	0.00000010	0.07082392	1.15022087	0.11005528	0.00000010
chr10	89717673	passenage	G	A	0.25806084	0.00000010	0.25554430	0.78759956	0.54250240	0.01089141	0.15315929	0.74298882	0.00000010	0.00000010	0.16339405	0.35002396	0.00000010	0.10724446	0.00000010	0.15040863	0.00000010	0.00000010	0.08998281	0.35215527	0.08326377	0.35592774	0.01139011	0.00000010	0.09110567	0.03788352	0.00000010	0.51730585	0.00000010	0.43589783	0.00000010	0.65482020	0.24399948	0.13032430	0.49623320	0.27394235	0.09955055	0.00000010	0.00000010	0.00000010	0.21028148	0.38339162	0.00000010	0.00000010	0.00000010	0.00000010	0.00000010	0.00000010	0.61413884	0.30188823	0.00000010	1.40982771	0.05087470	0.04372101	0.49196941	0.00000010	0.44539073	0.64533651	0.00000010	0.32454634	0.12731591	0.16206421	0.00000010	0.32593983	0.00000010	0.18851249	0.45411932	0.00000010	0.00000010	0.59123266	0.43640712	0.00000010	1.17374039	0.36106077	0.00000010	0.24100634	0.00000010	0.49457502	0.00000010	0.00000010	0.41621685	0.23921221	0.00000010	0.01690760	0.00000010	0.06409231	0.00000010	0.00000010	0.65335965	0.00804954	0.20131609	0.25303635	0.00000010	0.00000010	0.00000010	0.16883302	0.64509451	0.00000010	0.00000010	0.71781075	0.00000010	0.00068341	0.27327073	0.10733163	0.03293626	0.00000010	0.30851907	0.10344005	0.29739740	0.00000010	0.62144721	0.00000010	0.23039065	0.25968102	0.10127550	0.00000010	0.00000010	0.00000010	0.18982470	0.28286269	0.01983200	0.25538608	0.00000010	0.67763376	0.74187255	0.00000010	0.19429433	0.35671923	0.00000010	0.00000010	0.00000010	0.00000010	0.00000010	0.19125065	0.00000010	0.52844101	0.31323314	0.00000010	0.38673416	0.00000010	0.00000010	0.11977849	1.18830991	0.00000010	0.00000010	0.55303276	0.43613902	0.28540599	0.87816411	1.17710948	0.43118879	0.60587233	0.02859937	0.00000010	0.20607135	0.00000010	0.32752624	0.09015985	0.18977201	0.04028719	0.37330627	0.16968870	0.00000010	0.06938468	0.00000010	0.65486097	0.50065416	0.00000010	0.47072083	0.01157806	0.82584405	0.61489820	1.13961387	0.00000010	0.00000010	0.00000010	0.48170364	0.00000010	0.21967280	0.10925320	0.00000010	0.00000010	0.06600893	0.74478024	0.30143344	0.28833798	0.07402767	0.00000010	0.00000010	0.00000010	0.00958843	0.05596708	0.00000010	0.00000010	0.02663865	0.00000010	0.04165909	0.05257833	0.41488373	0.67473054	0.00021699	0.00000010	0.00000010	0.00000010	0.32305437	0.17912015	0.02380951	0.00000010	0.14271195	0.53073549	0.00000010	0.07664024	0.02291371	0.38812399	0.08163504	0.00000010	0.44677562	0.00000010	0.02054554	0.00000010	0.00000010	0.21985707	0.00000010	0.31147704	0.00000010	0.24331391	0.00000010	0.00000010	0.00000010	0.13598773	0.21403882	0.00000010	0.00000010	0.00000010	0.43965539	0.00000010	0.39583820	0.52841610	0.00000010	0.35806331	0.00000010	0.24790061	0.00000010	0.01908132	0.45277247	0.33968654	0.64508677	0.16198777	0.00000010	1.04199457	0.50373924	0.00000010	0.00000010	1.28938222	0.00000010	0.00000010
chr10	89692896	driver	G	T	0.32906967	0.00000010	0.00000010	0.41212374	0.54543000	0.00000010	0.05298016	0.41969174	0.00000010	0.00000010	0.29651469	0.31116527	0.00000010	0.00000010	0.00000010	0.53594184	0.00000010	0.00000010	0.33031365	0.55463344	0.07976805	0.71889627	0.05693704	0.00000010	0.46813780	0.00000010	0.00000010	0.52034640	0.00000010	0.37533394	0.29494989	0.51369196	0.33879304	0.00000010	0.43637842	0.52200711	0.15672278	0.00000010	0.00000010	0.00000010	0.39992976	0.48688698	0.00000010	0.00000010	0.05376963	0.05501940	0.00000010	0.00000010	0.67660683	0.53638387	0.00000010	0.79720247	0.00000010	0.00000010	0.54648799	0.00000010	0.18185301	0.48267835	0.00000010	0.52811676	0.16162865	0.64852458	0.00000010	0.60700893	0.06645618	0.21976356	0.31883261	0.03268084	0.00000010	0.39947191	0.18806022	0.00000010	0.92192888	0.14883879	0.00000010	0.27593917	0.00000010	0.69166386	0.21122299	0.00000010	0.38790259	0.37340349	0.00000010	0.03607321	0.00000010	0.00000010	0.00000010	0.36133221	0.67269677	0.00000010	0.40827954	0.18111469	0.00000010	0.00000010	0.00000010	0.07351722	0.62241864	0.00000010	0.00000010	0.51824713	0.02879763	0.01751935	0.27586010	0.00000010	0.24284843	0.00000010	0.35960898	0.00000010	0.37663412	0.00000010	0.63395047	0.00000010	0.16331843	0.17740975	0.00568819	0.00000010	0.00000010	0.00910592	0.17135055	0.46264490	0.00000010	0.21457221	0.00000010	0.75706393	0.50183284	0.00000010	0.00000010	0.60351759	0.00000010	0.02308032	0.00000010	0.00000010	0.00000010	0.24915712	0.00000010	0.60946244	0.34728408	0.00000010	0.22705579	0.00000010	0.00000010	0.22142787	1.05356562	0.00000010	0.12553266	0.21179643	0.50708306	0.20479530	0.88543916	0.92790502	0.25389642	0.57342845	0.00000010	0.00000010	0.35714996	0.00000010	0.24117845	0.00657004	0.34309426	0.00000010	0.44329339	0.36066163	0.00000010	0.18231300	0.00000010	0.44522446	0.58717370	0.00000010	0.62610388	0.00000010	0.46870267	0.41219345	1.05901194	0.00000010	0.00000010	0.00000010	0.60169250	0.00000010	0.38992321	0.21579510	0.08514839	0.00000010	0.00000010	0.27430150	0.38671255	0.42068744	0.00000010	0.00000010	0.37005708	0.00000010	0.00000010	0.00000010	0.00000010	0.01508652	0.00000010	0.00000010	0.03568103	0.14150664	0.76430297	0.43820292	0.00000010	0.00000010	0.00000010	0.00000010	0.04167312	0.58867037	0.08148803	0.00000010	0.00000010	0.46522090	0.00000010	0.00000010	0.00000010	0.13727896	0.29622799	0.00000010	0.52428728	0.00000010	0.00000010	0.00000010	0.00000010	0.63943064	0.23041102	0.14220195	0.00000010	0.21151406	0.00000010	0.13444585	0.06623385	0.66538817	0.39644945	0.00000010	0.00000010	0.00000010	0.38557929	0.00000010	0.80833542	0.30224857	0.00000010	0.67001879	0.00000010	0.26833770	0.02179574	0.00000010	0.06623941	0.32040161	0.39950058	0.32562098	0.00000010	0.70878476	0.24685004	0.00000010	0.14265627	1.14235413	0.11187928	0.00000010
chr10	89692902	driver	G	T	0.27909422	0.00000010	0.03540235	0.47073063	0.56172860	0.00000010	0.11187324	0.38798541	0.00000010	0.00000010	0.18473360	0.25021520	0.00000010	0.00000010	0.00000010	0.48366928	0.00000010	0.00000010	0.34704593	0.43078622	0.01991724	0.61384952	0.09018862	0.00000010	0.28773296	0.00000010	0.00000010	0.38027483	0.00000010	0.37689042	0.39397627	0.53234994	0.27703941	0.00000010	0.58083272	0.57449877	0.16025010	0.00000010	0.00000010	0.00000010	0.41366303	0.31950697	0.00000010	0.00000010	0.04393463	0.00000010	0.00000010	0.00000010	0.61218882	0.51573443	0.00000010	0.78122640	0.00000010	0.00000010	0.36979473	0.00000010	0.18497302	0.61064595	0.00000010	0.23021430	0.02451107	0.73516637	0.00000010	0.56414616	0.11817314	0.03606204	0.21740977	0.00000010	0.00000010	0.31551987	0.30527318	0.00000010	0.82339156	0.09893259	0.00000010	0.24018075	0.00000010	0.70301831	0.26618692	0.00000010	0.33819053	0.27586380	0.00000010	0.23110384	0.00000010	0.00000010	0.00000010	0.28169015	0.62303638	0.00000010	0.33194420	0.31811157	0.00000010	0.00000010	0.00000010	0.05557838	0.68601203	0.00000010	0.00000010	0.51562643	0.03060478	0.06359214	0.34133902	0.00000010	0.18501110	0.00000010	0.25214034	0.00000010	0.37514704	0.00000010	0.59780097	0.00000010	0.20064014	0.26721916	0.01862998	0.00000010	0.00000010	0.01360181	0.15876289	0.42482486	0.00000010	0.20691630	0.00000010	0.68899906	0.59572959	0.00000010	0.00000010	0.41195202	0.00000010	0.08432353	0.00000010	0.00000010	0.00000010	0.05720564	0.00000010	0.45970052	0.29729375	0.00000010	0.22974516	0.00000010	0.00000010	0.21280681	1.00123549	0.00000010	0.21066087	0.27009845	0.44945630	0.31143990	0.84102726	0.93991816	0.16543160	0.63187605	0.00000010	0.00000010	0.58701777	0.00000010	0.14966066	0.00000010	0.29728848	0.00000010	0.38008329	0.31737635	0.00000010	0.25129393	0.00000010	0.46734294	0.54315227	0.00000010	0.69580555	0.00000010	0.60148919	0.47675067	1.07853878	0.02299023	0.00000010	0.00000010	0.52342153	0.00000010	0.36078387	0.22818246	0.00000010	0.00000010	0.00000010	0.34542117	0.34510741	0.36913514	0.00000010	0.00000010	0.50194961	0.00000010	0.00000010	0.00000010	0.00000010	0.04242355	0.01839655	0.00000010	0.00000010	0.14314246	0.81666195	0.34312358	0.00000010	0.00000010	0.00000010	0.00000010	0.11041932	0.56874955	0.08160980	0.00000010	0.01556724	0.46584332	0.00000010	0.00000010	0.00000010	0.24922147	0.34410471	0.00914479	0.48494834	0.00000010	0.00000010	0.00000010	0.00000010	0.57666516	0.21945743	0.18823062	0.00000010	0.10949481	0.00000010	0.10773911	0.00852049	0.55505359	0.33958673	0.00000010	0.00000010	0.00000010	0.29140493	0.00000010	0.88622642	0.33635753	0.00000010	0.77726609	0.00000010	0.29163942	0.08341029	0.00000010	0.08199134	0.30726698	0.32698977	0.37034929	0.00000010	0.66298562	0.35555339	0.00000010	0.14154318	1.16496754	0.10393136	0.00000010
chr10	89692902	driver	G	A	0.27909422	0.00000010	0.03540235	0.47073063	0.56172860	0.00000010	0.11187324	0.38798541	0.00000010	0.00000010	0.18473360	0.25021520	0.00000010	0.00000010	0.00000010	0.48366928	0.00000010	0.00000010	0.34704593	0.43078622	0.01991724	0.61384952	0.09018862	0.00000010	0.28773296	0.00000010	0.00000010	0.38027483	0.00000010	0.37689042	0.39397627	0.53234994	0.27703941	0.00000010	0.58083272	0.57449877	0.16025010	0.00000010	0.00000010	0.00000010	0.41366303	0.31950697	0.00000010	0.00000010	0.04393463	0.00000010	0.00000010	0.00000010	0.61218882	0.51573443	0.00000010	0.78122640	0.00000010	0.00000010	0.36979473	0.00000010	0.18497302	0.61064595	0.00000010	0.23021430	0.02451107	0.73516637	0.00000010	0.56414616	0.11817314	0.03606204	0.21740977	0.00000010	0.00000010	0.31551987	0.30527318	0.00000010	0.82339156	0.09893259	0.00000010	0.24018075	0.00000010	0.70301831	0.26618692	0.00000010	0.33819053	0.27586380	0.00000010	0.23110384	0.00000010	0.00000010	0.00000010	0.28169015	0.62303638	0.00000010	0.33194420	0.31811157	0.00000010	0.00000010	0.00000010	0.05557838	0.68601203	0.00000010	0.00000010	0.51562643	0.03060478	0.06359214	0.34133902	0.00000010	0.18501110	0.00000010	0.25214034	0.00000010	0.37514704	0.00000010	0.59780097	0.00000010	0.20064014	0.26721916	0.01862998	0.00000010	0.00000010	0.01360181	0.15876289	0.42482486	0.00000010	0.20691630	0.00000010	0.68899906	0.59572959	0.00000010	0.00000010	0.41195202	0.00000010	0.08432353	0.00000010	0.00000010	0.00000010	0.05720564	0.00000010	0.45970052	0.29729375	0.00000010	0.22974516	0.00000010	0.00000010	0.21280681	1.00123549	0.00000010	0.21066087	0.27009845	0.44945630	0.31143990	0.84102726	0.93991816	0.16543160	0.63187605	0.00000010	0.00000010	0.58701777	0.00000010	0.14966066	0.00000010	0.29728848	0.00000010	0.38008329	0.31737635	0.00000010	0.25129393	0.00000010	0.46734294	0.54315227	0.00000010	0.69580555	0.00000010	0.60148919	0.47675067	1.07853878	0.02299023	0.00000010	0.00000010	0.52342153	0.00000010	0.36078387	0.22818246	0.00000010	0.00000010	0.00000010	0.34542117	0.34510741	0.36913514	0.00000010	0.00000010	0.50194961	0.00000010	0.00000010	0.00000010	0.00000010	0.04242355	0.01839655	0.00000010	0.00000010	0.14314246	0.81666195	0.34312358	0.00000010	0.00000010	0.00000010	0.00000010	0.11041932	0.56874955	0.08160980	0.00000010	0.01556724	0.46584332	0.00000010	0.00000010	0.00000010	0.24922147	0.34410471	0.00914479	0.48494834	0.00000010	0.00000010	0.00000010	0.00000010	0.57666516	0.21945743	0.18823062	0.00000010	0.10949481	0.00000010	0.10773911	0.00852049	0.55505359	0.33958673	0.00000010	0.00000010	0.00000010	0.29140493	0.00000010	0.88622642	0.33635753	0.00000010	0.77726609	0.00000010	0.29163942	0.08341029	0.00000010	0.08199134	0.30726698	0.32698977	0.37034929	0.00000010	0.66298562	0.35555339	0.00000010	0.14154318	1.16496754	0.10393136	0.00000010
chr10	89692785	passenage	T	C	0.06714201	0.00000010	0.06196534	0.54789662	0.61828184	0.00000010	0.07063520	0.37288871	0.00000010	0.08662814	0.36268145	0.29539806	0.00000010	0.00000010	0.00000010	0.37025827	0.00000010	0.00000010	0.15671708	0.42802712	0.21659409	0.59479570	0.13440752	0.00000010	0.28452650	0.00000010	0.00000010	0.54538190	0.00000010	0.38137123	0.26903278	0.54947287	0.21939468	0.00000010	0.54663754	0.43255898	0.27030137	0.00000010	0.00000010	0.00000010	0.28237823	0.35316300	0.00000010	0.00000010	0.00000010	0.00000010	0.00000010	0.00000010	0.74003816	0.52896988	0.00000010	0.76260847	0.07642952	0.00000010	0.43640137	0.00000010	0.12109472	0.59554809	0.00000010	0.26190701	0.11633161	0.59757233	0.00000010	0.59951639	0.17122035	0.18643233	0.19584334	0.04096642	0.05856594	0.60419208	0.23467043	0.00000010	0.93832946	0.22720119	0.00000010	0.36766630	0.00000010	0.59695476	0.20851123	0.00000010	0.20026515	0.34489155	0.00000010	0.09480762	0.00000010	0.00000010	0.00000010	0.30402470	0.68107462	0.00000010	0.40956539	0.05560578	0.00000010	0.00000010	0.00000010	0.13580711	0.53633940	0.00000010	0.00000010	0.55696827	0.07931565	0.00000010	0.33969861	0.00000010	0.17300834	0.00000010	0.20130549	0.00000010	0.40785784	0.00000010	0.64795840	0.00000010	0.15875852	0.12263972	0.00000010	0.00000010	0.00000010	0.07409588	0.16264223	0.38572693	0.00000010	0.15111724	0.00000010	0.70450389	0.53076720	0.00000010	0.00000010	0.49010733	0.00000010	0.06609859	0.00000010	0.00000010	0.00000010	0.17271179	0.00000010	0.69998240	0.27019355	0.00000010	0.05323011	0.00000010	0.00000010	0.35967389	1.04243088	0.00000010	0.35527164	0.32906014	0.54034603	0.52591449	0.98735803	1.11026514	0.19005634	0.74109495	0.00000010	0.05881426	0.34820443	0.00000010	0.19425753	0.01649696	0.32562593	0.00000010	0.38869318	0.34131992	0.00000010	0.26208457	0.04927513	0.44751838	0.66923904	0.00000010	0.61856937	0.00000010	0.58037496	0.39242649	1.16845965	0.02966715	0.00000010	0.00000010	0.58406782	0.00000010	0.44329840	0.20070224	0.00000010	0.04063629	0.00000010	0.26837513	0.22117549	0.27177382	0.03534718	0.00000010	0.33014283	0.00000010	0.00585627	0.03089893	0.00000010	0.00000010	0.00000010	0.00000010	0.07546948	0.09489477	0.55415630	0.39291734	0.00000010	0.00000010	0.00000010	0.00000010	0.32560122	0.41832805	0.06185476	0.00000010	0.00000010	0.43003565	0.00000010	0.00000010	0.00000010	0.21831088	0.19455427	0.00000010	0.45937848	0.00000010	0.00000010	0.00000010	0.00000010	0.69437063	0.16779272	0.26074260	0.00000010	0.16905929	0.00000010	0.01787224	0.00290309	0.34487528	0.41223150	0.00000010	0.00000010	0.00000010	0.42680532	0.00000010	0.83955538	0.25532836	0.00000010	0.65771753	0.00000010	0.21849740	0.02961162	0.00000010	0.12127061	0.27680588	0.50187826	0.19779983	0.00000010	0.77375913	0.37101391	0.00000010	0.00000010	1.22617209	0.00000010	0.00000010
chr10	89624244	passenage	A	T	0.00000010	0.00000010	0.18214849	0.36532021	0.49525547	0.00000010	0.01751101	0.36418587	0.00000010	0.00000010	0.42083344	0.23901829	0.00000010	0.00000010	0.00000010	0.46330121	0.00000010	0.00000010	0.20852371	0.60565215	0.20868218	0.48139769	0.00000010	0.00000010	0.24681242	0.08786498	0.03365868	0.47291952	0.00000010	0.40851879	0.28303325	0.26902562	0.01796990	0.00000010	0.14577587	0.16773520	0.04819036	0.00000010	0.00000010	0.00000010	0.61532259	0.81758225	0.00000010	0.00000010	0.00000010	0.00000010	0.00000010	0.00000010	0.35717744	0.06171483	0.23726676	0.69395691	0.06539218	0.00000010	0.24275358	0.00000010	0.33485261	0.25048745	0.00000010	0.00000010	0.02833525	0.26220781	0.00000010	0.60354578	0.08633661	0.36309299	0.37453490	0.04672449	0.60927731	0.10503757	0.72646719	0.00000010	0.54555899	0.02580129	0.00000010	0.26994473	0.00000010	0.65097827	0.31336397	0.00000010	0.00000010	0.37743717	0.00000010	0.00000010	0.00000010	0.09490609	0.00000010	0.27655473	0.27944705	0.00000010	0.49552965	0.10992222	0.00000010	0.00000010	0.00000010	0.00000010	0.00000010	0.00000010	0.00000010	0.57626653	0.00000010	0.01146591	0.18467876	0.00000010	0.22092865	0.07262892	0.20180023	0.00000010	0.17907290	0.15577683	0.61911887	0.00000010	0.29734686	0.33697537	0.00000010	0.00105477	0.00000010	0.00000010	0.00000010	0.65879881	0.00000010	0.34307414	0.00000010	0.27689186	0.45623881	0.00000010	0.00000010	0.00000010	0.08056827	0.12064752	0.00000010	0.00000010	0.00000010	0.00000010	0.00000010	0.57850748	0.31513187	0.00000010	0.13283810	0.00000010	0.00000010	0.16130827	0.74302012	0.00000010	0.00000010	0.14922802	0.13591295	0.46024171	0.65447360	0.63144505	0.05051449	0.31262997	0.00000010	0.00000010	0.35439944	0.00000010	0.08698729	0.05013482	0.09054939	0.01940853	0.08099100	0.15194166	0.00000010	0.26023567	0.00000010	0.12954585	0.68871617	0.00786794	0.76258624	0.00000010	0.61138725	0.46243408	0.84684116	0.11649618	0.00000010	0.00000010	0.66179526	0.08581660	0.34559625	0.01990048	0.00000010	0.00000010	0.00000010	0.25152585	0.10767350	0.56629962	0.00000010	0.13945873	0.36336195	0.00000010	0.00000010	0.00000010	0.00000010	0.00000010	0.02544125	0.04627445	0.00085925	0.07803672	0.38378394	0.38169119	0.00000010	0.00000010	0.00000010	0.00000010	0.00000010	0.79262352	0.11832111	0.00000010	0.00000010	0.45819283	0.00000010	0.00000010	0.00000010	0.25276038	0.16227274	0.38920975	0.65011299	0.00000010	0.09738675	0.00000010	0.00000010	0.55408931	0.13668287	0.06505293	0.00000010	0.13595366	0.00000010	0.00000010	0.00000010	0.48870337	0.01687253	0.00000010	0.00000010	0.13927418	0.59448838	0.00000010	0.73806834	0.25211856	0.00000010	0.92184722	0.00000010	0.22213626	0.03841613	0.00000010	0.27880895	0.08526386	0.13741618	0.29554141	0.11104068	0.35664123	0.24648076	0.00000010	0.00000010	1.05231714	0.00000010	0.00000010
chr10	89711900	passenage	G	A	0.36629739	0.00000010	0.04873566	0.70739293	0.37164539	0.05053872	0.10396453	0.44027135	0.00000010	0.00000010	0.11611108	0.34297323	0.00000010	0.00000010	0.00000010	0.29482126	0.00000010	0.00000010	0.33342075	0.26097050	0.15369858	0.47989589	0.04225914	0.00000010	0.07053824	0.01792589	0.03522802	0.57758725	0.00263797	0.39795169	0.01597419	0.45029104	0.10018122	0.00000010	0.18763062	0.33906549	0.15088618	0.00000010	0.00000010	0.00000010	0.20174220	0.36508662	0.03286945	0.00000010	0.00000010	0.00000010	0.00000010	0.00000010	0.61398131	0.46148318	0.00000010	0.81089485	0.00000010	0.00000010	0.52290320	0.00000010	0.20855628	0.76225603	0.01197805	0.26455960	0.08749208	0.34112051	0.00000010	0.74402773	0.07550711	0.08808126	0.24614763	0.07468936	0.07012571	0.35379389	0.65266794	0.00000010	0.86610597	0.34292239	0.00000010	0.33929598	0.00000010	0.42409307	0.17199141	0.00000010	0.20873764	0.39578071	0.00000010	0.05082431	0.00138886	0.12211334	0.00000010	0.07941404	0.45576733	0.00000010	0.21855561	0.38760069	0.00000010	0.00000010	0.00000010	0.12969114	0.46229410	0.00000010	0.00000010	0.38871127	0.01719608	0.03909767	0.44885060	0.00000010	0.23463140	0.00000010	0.31693998	0.00000010	0.39568803	0.06002074	0.54674029	0.00000010	0.45086521	0.16557437	0.00000010	0.00000010	0.00000010	0.04528610	0.20680344	0.17375807	0.00000010	0.30438209	0.00000010	0.59768176	0.30442232	0.00000010	0.13282713	0.31060764	0.00000010	0.00000010	0.00000010	0.00000010	0.00000010	0.29864463	0.00000010	0.62154734	0.26240426	0.00000010	0.11998112	0.00000010	0.04873246	0.02649688	0.93850958	0.01512612	0.04672526	0.16452399	0.42694056	0.53192580	0.98432910	1.00284052	0.09608200	0.71751779	0.00000010	0.00000010	0.15107815	0.00000010	0.23151338	0.00000010	0.22984765	0.00000010	0.27681366	0.21088804	0.00000010	0.29922977	0.00000010	0.47744596	0.61143672	0.02898296	0.61632276	0.00000010	0.50176299	0.58586884	0.98396456	0.03605697	0.00000010	0.00000010	0.59290290	0.00000010	0.35967833	0.32275918	0.14384307	0.06210880	0.00000010	0.49423727	0.25933459	0.23818885	0.00000010	0.00000010	0.40857413	0.00000010	0.00438372	0.01782407	0.00000010	0.00000010	0.11253889	0.00000010	0.00949522	0.08775141	0.49208021	0.39525494	0.00000010	0.00000010	0.00000010	0.00000010	0.35760018	0.37352267	0.20037507	0.00000010	0.03075903	0.60810494	0.00000010	0.00000010	0.00000010	0.07483115	0.58890015	0.13374728	0.43457466	0.00000010	0.05236051	0.01637252	0.00000010	0.73052239	0.14619543	0.24139723	0.06365907	0.15081973	0.00000010	0.00000010	0.00000010	0.48985180	0.35533044	0.00000010	0.00000010	0.00000010	0.28392702	0.00000010	0.73414719	0.28077951	0.00000010	0.62108326	0.00000010	0.11186360	0.04604053	0.00000010	0.33505303	0.26906586	0.34858894	0.37323207	0.00000010	0.53432035	0.28758547	0.00000010	0.00000010	1.27034330	0.10113969	0.00000010
chr17	47699360	driver	C	T	0.39868271	0.00000010	0.01443187	0.14767148	0.58787966	0.00000010	0.05347877	0.05330330	0.00000010	0.00000010	0.32163724	0.32185888	0.00000010	0.00000010	0.00000010	0.43120390	0.00000010	0.00000010	0.42252961	0.25604963	0.25924239	0.43155834	0.17143145	0.00000010	0.36809847	0.00000010	0.00000010	0.60487241	0.00000010	0.40402669	0.44515848	0.53695935	0.02974029	0.00000010	0.39671999	0.50474882	0.21922413	0.00000010	0.00000010	0.00000010	0.17051338	0.20495713	0.00000010	0.00000010	0.00000010	0.00000010	0.00000010	0.00000010	0.71294475	0.47740597	0.00000010	0.76810646	0.00000010	0.00000010	0.64872563	0.00000010	0.06823272	0.64395130	0.00000010	0.18309271	0.00000010	0.20753288	0.00000010	0.71642274	0.04103210	0.25073889	0.00000010	0.08541839	0.00000010	0.36596102	0.52221644	0.00000010	0.58239341	0.21299151	0.05750302	0.51786029	0.00000010	0.78942662	0.28507879	0.00000010	0.41470024	0.48650712	0.00000010	0.00000010	0.00000010	0.00000010	0.00000010	0.25623849	0.37962759	0.00000010	0.29160896	0.19160299	0.06044427	0.00000010	0.00000010	0.05414016	0.64653617	0.00000010	0.00000010	0.46507800	0.13188958	0.00000010	0.28207225	0.00000010	0.18228096	0.00000010	0.33886212	0.00000010	0.37354308	0.03977293	0.73420489	0.00000010	1.11305404	0.03537825	0.03834704	0.00000010	0.00000010	0.04994109	0.23966846	0.54189992	0.00000010	0.17354357	0.00000010	0.50749552	0.52903426	0.00000010	0.00000010	0.23447517	0.00000010	0.00000010	0.00000010	0.00000010	0.00000010	0.07034607	0.00000010	0.41242743	0.47847924	0.00000010	0.34327352	0.00000010	0.01009877	0.05084229	0.87178051	0.00000010	0.29699346	0.24524260	0.63213772	0.34441012	1.15386236	0.79006898	0.15405148	0.27202889	0.00000010	0.00473970	0.31324524	0.00000010	0.00000010	0.00000010	0.39058778	0.00000010	0.19215089	0.39680311	0.00000010	0.06226715	0.20401382	0.55749148	0.50439167	0.00000010	0.64833701	0.00000010	0.37775666	0.37354088	0.89261752	0.07209557	0.00000010	0.00000010	0.51834142	0.00000010	0.25710654	0.26278237	0.00000010	0.01591132	0.00000010	0.65810645	0.32276577	0.57980382	0.00000010	0.00000010	0.06083246	0.00000010	0.00000010	0.00000010	0.00000010	0.00000010	0.19361387	0.00000010	0.00000010	0.20577288	0.48611391	0.26464763	0.00000010	0.00000010	0.00000010	0.00000010	0.31729218	0.70274532	0.15063494	0.00000010	0.00000010	0.47722310	0.00000010	0.00000010	0.00000010	0.20862928	0.53749961	0.00000010	0.50133628	0.00000010	0.00458521	0.00000010	0.00000010	0.46472478	0.35165951	0.12519497	0.00000010	0.24217027	0.02197036	0.17123535	0.08422789	0.54630560	0.31366923	0.00000010	0.00000010	0.00000010	0.15979496	0.00000010	0.82662702	0.14709100	0.00000010	0.64118350	0.00000010	0.26721966	0.03890686	0.17049250	0.34648737	0.76525778	0.26005289	0.39540237	0.00000010	0.53761250	0.29462823	0.00000010	0.06327686	1.29461741	0.17996679	0.00000010
chr17	47696432	driver	A	C	0.04183178	0.00000010	0.03629218	0.37186426	0.27891824	0.02729197	0.14793359	0.09322862	0.00000010	0.00000010	0.29500189	0.29186043	0.00000010	0.00000010	0.00000010	0.49839050	0.00000010	0.00000010	0.21334478	0.21746190	0.40430373	0.93843603	0.01460105	0.00000010	0.41793108	0.00000010	0.00000010	0.81751096	0.00000010	0.37096941	0.45181918	0.56132066	0.40198761	0.00000010	0.74141359	0.18570410	0.01779471	0.00000010	0.00000010	0.00000010	0.51512641	0.33964050	0.00000010	0.00000010	0.00000010	0.00000010	0.00000010	0.00000010	0.79013813	0.37697122	0.00000010	0.94339025	0.00000010	0.00000010	0.83074641	0.00000010	0.32278591	0.63529932	0.00000010	0.67819530	0.00000010	0.59925812	0.00000010	0.76256299	0.10953801	0.25742725	0.00000010	0.02993399	0.00000010	0.05035320	0.52459121	0.00000010	0.74646890	0.32918200	0.00000010	0.60635674	0.00000010	0.57221633	0.45773911	0.00000010	0.51600856	0.65260935	0.00000010	0.00000010	0.01602759	0.00000010	0.00000010	0.53001451	0.53948331	0.00000010	0.29366869	0.48807839	0.00000010	0.00000010	0.00000010	0.00000010	0.32654387	0.00000010	0.00000010	0.35622934	0.07097218	0.00000010	0.60891211	0.20414841	0.43815190	0.00000010	0.49017480	0.00000010	0.51952815	0.13330621	0.71215081	0.00000010	0.32724309	0.25176442	0.00364629	0.00000010	0.00000010	0.00000010	0.34301478	0.71513426	0.00000010	0.17822120	0.00000010	0.27161479	0.55038738	0.00000010	0.00000010	0.09447286	0.00000010	0.03491750	0.00000010	0.00000010	0.00000010	0.04896355	0.00000010	0.50420153	0.72267872	0.00000010	0.26030508	0.00000010	0.00000010	0.10854330	1.26743484	0.00000010	0.16274650	0.73540235	0.77526069	0.15751386	1.29081511	0.85387319	0.23289990	0.57373273	0.00000010	0.00000010	0.58904308	0.00000010	0.24770579	0.00000010	0.45752931	0.00000010	0.25174969	0.58346862	0.00000010	0.65338373	0.00000010	0.51106554	0.62677193	0.00000010	0.39592373	0.00000010	0.37768188	0.39195311	1.32892466	0.05972254	0.00000010	0.00000010	0.76585662	0.00000010	1.00406933	0.29242533	0.00000010	0.01490478	0.00000010	0.44284627	0.39705664	0.32643709	0.20694427	0.00000010	0.28413853	0.00000010	0.00000010	0.07856937	0.00000010	0.06721976	0.14324716	0.00000010	0.00000010	0.12659505	0.36884680	0.17978805	0.01433442	0.00000010	0.00000010	0.00000010	0.02873771	0.56774461	0.32577243	0.00000010	0.00000010	0.60703492	0.00000010	0.00000010	0.00000010	0.52786690	0.14318790	0.00000010	0.42699426	0.00000010	0.00000010	0.00000010	0.00000010	0.77213323	0.32501212	0.11118080	0.00000010	0.43770981	0.00000010	0.21157771	0.00000010	0.86081958	0.40496039	0.00000010	0.00000010	0.00000010	0.46030939	0.00000010	0.85928679	0.39466107	0.00000010	0.51796007	0.00000010	0.49897158	0.02666042	0.05060221	0.39565778	0.74451065	0.13025340	0.39407596	0.00000010	0.67480576	0.29392847	0.00000010	0.09501019	1.67159820	0.09030962	0.00000010
chr17	47696643	driver	A	C	0.15642992	0.00000010	0.07357436	0.43327904	0.32689837	0.00000010	0.04095415	0.27563798	0.00000010	0.00000010	0.30719841	0.11090876	0.00000010	0.00000010	0.00000010	0.58719563	0.00000010	0.00000010	0.66050029	0.03690224	0.42358345	0.85291886	0.09228294	0.00000010	0.38447276	0.00000010	0.00000010	0.85569435	0.00000010	0.34323967	0.39576840	0.49691606	0.47662950	0.01494593	0.68988240	0.34919125	0.00000010	0.00000010	0.00000010	0.00000010	0.35035527	0.30487147	0.00000010	0.00000010	0.00000010	0.00000010	0.00000010	0.00000010	0.63215113	0.64735091	0.05334230	0.89700007	0.00000010	0.00000010	0.52168369	0.00000010	0.42429143	0.47286099	0.03877142	0.58022618	0.00000010	0.54436022	0.00000010	0.93688732	0.00296486	0.28575298	0.00000010	0.09395353	0.00000010	0.12838936	0.62891048	0.00000010	0.93879616	0.14076003	0.00000010	0.58591664	0.00000010	0.38659525	0.66604757	0.00000010	0.47740847	0.49857146	0.00000010	0.00000010	0.00000010	0.00000010	0.00000010	0.33579478	0.70509505	0.00000010	0.14511085	0.36416081	0.00000010	0.00000010	0.02274645	0.02878226	0.53393948	0.00000010	0.00000010	0.26623207	0.02717725	0.00000010	0.64262539	0.00000010	0.26141071	0.00000010	0.44217378	0.00000010	0.56460118	0.11177691	0.62019509	0.00000010	0.45734230	0.42417136	0.03980891	0.04353342	0.00000010	0.07830313	0.15715645	0.61139929	0.00000010	0.36047584	0.00000010	0.24920982	0.45280030	0.00000010	0.00000010	0.20886219	0.00000010	0.34459516	0.00000010	0.00000010	0.00000010	0.21889713	0.00000010	0.45672959	0.60946935	0.00000010	0.05317295	0.00000010	0.00000010	0.00000010	1.19252658	0.00000010	0.13490854	0.33033398	0.44509414	0.30553585	1.32093787	0.90781772	0.16640070	0.49140176	0.00000010	0.00000010	0.66526192	0.00000010	0.27932447	0.00000010	0.39379054	0.00000010	0.29944533	0.45360452	0.00000010	0.67274934	0.00000010	0.56003559	0.64837801	0.00000010	0.40164798	0.00000010	0.32266289	0.41494906	1.21184266	0.05264020	0.00000010	0.00000010	0.89016217	0.00000010	0.77339262	0.53440636	0.00000010	0.02239476	0.00000010	0.35057408	0.35171911	0.35196021	0.00000010	0.00000010	0.44043428	0.00000010	0.00000010	0.13443366	0.00000010	0.26401338	0.00000010	0.00000010	0.02969446	0.04104749	0.36123592	0.37178349	0.00000010	0.00000010	0.00000010	0.00000010	0.09358939	0.73202848	0.47948170	0.00000010	0.00000010	0.45680529	0.00000010	0.00000010	0.00000010	0.30078429	0.32039994	0.17268971	0.22194040	0.00000010	0.00000010	0.00000010	0.00000010	0.72371542	0.04903824	0.05348079	0.05780120	0.25460842	0.00000010	0.14870989	0.00000010	0.78050280	0.41728038	0.00000010	0.00000010	0.00000010	0.35610983	0.02220940	0.95791948	0.30256081	0.00000010	0.26666293	0.00000010	0.26599425	0.02437428	0.00000010	0.29956841	0.49688667	0.12327527	0.34464228	0.00000010	0.74286741	0.33813292	0.00000010	0.02647305	1.49896073	0.05640025	0.00000010
chr17	47696425	driver	A	G	0.12304514	0.00000010	0.07183094	0.39851883	0.37547734	0.00000010	0.15710323	0.24549980	0.00000010	0.00000010	0.28718606	0.29930156	0.00000010	0.00000010	0.00000010	0.52775127	0.00000010	0.00000010	0.31916228	0.20414007	0.41381183	0.94649982	0.00000010	0.00000010	0.53999782	0.00000010	0.00000010	0.84722435	0.00000010	0.37817106	0.44771266	0.52575123	0.49670491	0.00000010	0.91341412	0.37398753	0.00000010	0.00000010	0.00000010	0.00000010	0.36164954	0.22124550	0.00000010	0.00000010	0.00000010	0.00000010	0.00000010	0.00000010	0.78441858	0.38862133	0.00000010	1.26644957	0.00759871	0.00000010	0.80069894	0.00000010	0.39909232	0.53496808	0.00000010	0.63555545	0.00000010	0.55847704	0.00000010	0.61532098	0.07707004	0.33228180	0.02671636	0.00398241	0.00000010	0.15701355	0.66230905	0.00000010	0.94393313	0.19588169	0.00000010	0.57931381	0.00000010	0.56412596	0.31886730	0.00000010	0.40975994	0.60930133	0.00000010	0.00000010	0.00000010	0.00000010	0.00000010	0.33723646	0.68611109	0.00000010	0.18221104	0.56096447	0.00000010	0.00000010	0.00416292	0.00000010	0.42323184	0.00000010	0.00000010	0.40086707	0.09225570	0.00000010	0.51644623	0.10369148	0.27800393	0.00000010	0.42098045	0.00000010	0.69363749	0.13004586	0.68994677	0.00000010	0.15144719	0.19491595	0.05372401	0.02352371	0.00000010	0.08589416	0.28251016	0.67701602	0.00000010	0.19898094	0.10177112	0.32989615	0.65820217	0.00000010	0.00000010	0.19611908	0.00000010	0.02143606	0.00000010	0.00000010	0.00000010	0.10789621	0.00000010	0.51073372	0.70371896	0.00000010	0.21894941	0.00000010	0.00000010	0.15696217	1.24463248	0.00000010	0.19026223	0.75092638	0.71644032	0.34107131	1.37411976	0.98782814	0.31265113	0.56641936	0.00000010	0.00000010	0.41863930	0.00000010	0.28289413	0.00000010	0.43615624	0.00000010	0.22554669	0.50160074	0.00000010	0.56439841	0.00000010	0.60079956	0.56437099	0.00000010	0.45191610	0.00000010	0.56760490	0.45186538	1.44283092	0.01776289	0.00000010	0.00000010	0.78789949	0.00000010	0.85845184	0.35238421	0.00000010	0.00000010	0.00000010	0.58133483	0.26430315	0.37856838	0.08950908	0.00000010	0.22463143	0.00000010	0.00000010	0.00000010	0.00000010	0.02877610	0.00000010	0.00000010	0.00000010	0.09827145	0.29344591	0.50823462	0.00000010	0.00000010	0.00000010	0.00000010	0.05860934	0.70640659	0.27293181	0.00000010	0.00000010	0.46480066	0.00000010	0.00000010	0.00000010	0.37173238	0.15769470	0.00000010	0.27426374	0.00000010	0.00000010	0.00000010	0.00000010	0.78393942	0.26485616	0.09146447	0.00000010	0.37844160	0.00000010	0.13756441	0.00000010	0.77455789	0.50227046	0.00000010	0.00000010	0.00000010	0.53538769	0.00000010	0.81558228	0.40190196	0.00000010	0.46119088	0.00000010	0.40214980	0.00000010	0.04920383	0.48861387	0.65418768	0.21399832	0.45250580	0.00000010	0.77721685	0.37728688	0.00000010	0.03067280	1.73159528	0.03050394	0.00000010
chr17	47696646	passenage	T	A	0.32420629	0.00000010	0.08679499	0.46251237	0.26503497	0.00000010	0.01745541	0.15559381	0.00000010	0.00000010	0.20239370	0.14941016	0.00000010	0.00000010	0.00000010	0.56713778	0.00000010	0.00000010	0.59823513	0.07313743	0.35615215	0.85033095	0.09383029	0.00000010	0.47683066	0.00000010	0.00000010	0.74652386	0.00000010	0.34681454	0.48009717	0.44679475	0.41364855	0.00000010	0.48088783	0.24054961	0.09993817	0.00000010	0.00000010	0.00000010	0.30459076	0.29392669	0.00000010	0.00000010	0.00000010	0.00000010	0.00000010	0.00000010	0.56750190	0.53109694	0.15524900	0.64844286	0.00000010	0.00000010	0.45711559	0.04013460	0.31910071	0.46467167	0.00000010	0.48808709	0.00000010	0.52071744	0.00000010	0.93901753	0.01153290	0.14464089	0.00000010	0.13503584	0.01687289	0.06380399	0.65047371	0.00000010	0.63419461	0.15193345	0.00000010	0.61793160	0.00000010	0.56158769	0.71228170	0.00000010	0.37420011	0.41264665	0.00000010	0.00000010	0.00000010	0.00000010	0.00000010	0.44299987	0.51096034	0.00000010	0.17829391	0.35471952	0.00000010	0.00000010	0.12996754	0.00000010	0.57043207	0.00000010	0.00000010	0.18153363	0.07161528	0.00000010	0.60462058	0.00000010	0.27669796	0.00000010	0.38727140	0.00000010	0.66508973	0.17584085	0.57491428	0.00000010	0.52238089	0.26813048	0.00000010	0.06320494	0.00000010	0.11628523	0.23744515	0.54591376	0.00000010	0.29735374	0.00000010	0.14637627	0.42458189	0.00000010	0.00000010	0.04506533	0.00000010	0.23744294	0.00000010	0.00000010	0.00000010	0.14180660	0.00000010	0.44711635	0.46523577	0.00000010	0.07537828	0.00000010	0.00857453	0.00000010	0.94917130	0.00000010	0.15249112	0.26401749	0.34035924	0.33844313	1.11636949	0.62823939	0.20280170	0.54026008	0.00000010	0.00000010	0.66736591	0.00000010	0.22179560	0.00000010	0.42223668	0.00000010	0.29762250	0.45337471	0.00000010	0.66133380	0.00000010	0.54932666	0.76515174	0.01981853	0.44142708	0.00000010	0.21149839	0.30371299	0.95602548	0.10587049	0.00000010	0.00000010	0.77745986	0.00000010	0.68153179	0.57149667	0.00000010	0.02455479	0.00000010	0.25036949	0.32819581	0.38466531	0.00000010	0.00000010	0.50953209	0.00000010	0.00000010	0.15273434	0.00000010	0.33140212	0.00000010	0.00000010	0.00000010	0.05376485	0.41824013	0.10016995	0.00000010	0.00000010	0.00000010	0.00000010	0.03587284	0.71967816	0.36764741	0.00000010	0.00000010	0.41912681	0.00000010	0.00000010	0.00000010	0.30936372	0.46407849	0.22660232	0.19592567	0.00000010	0.00000010	0.00000010	0.00000010	0.84573478	0.26433027	0.00000010	0.16796586	0.22046208	0.00000010	0.24765357	0.00000010	0.78573281	0.30267438	0.00000010	0.00000010	0.00000010	0.29039052	0.05759102	0.95638847	0.21337706	0.00000010	0.36805376	0.00000010	0.31989396	0.00756689	0.00000010	0.23486629	0.49981874	0.08655592	0.42126316	0.00000010	0.50304133	0.34596303	0.00000010	0.06234986	1.30693448	0.14578477	0.00000010
chr17	47696430	driver	C	A	0.07872608	0.00000010	0.07979532	0.36648858	0.32002327	0.01607585	0.14947069	0.16143569	0.00000010	0.00000010	0.29120803	0.30499652	0.00000010	0.00000010	0.00000010	0.47706267	0.00000010	0.00000010	0.25059792	0.20486572	0.33733362	0.94704336	0.00086355	0.00000010	0.35277751	0.00000010	0.00000010	0.78423566	0.00000010	0.37307659	0.49039930	0.55433488	0.43689895	0.00000010	0.81837392	0.18528497	0.00000010	0.00000010	0.00000010	0.00000010	0.54552191	0.35611391	0.00000010	0.00000010	0.00000010	0.00000010	0.00000010	0.00000010	0.78038549	0.40401262	0.00000010	1.05998659	0.00000010	0.00000010	0.84969038	0.00000010	0.40739328	0.60122079	0.00000010	0.58620369	0.00000010	0.62429810	0.00000010	0.70174646	0.13953783	0.35953319	0.00000010	0.00659434	0.00000010	0.09245145	0.56947708	0.00000010	0.79747415	0.27076858	0.00000010	0.62225294	0.00000010	0.54154313	0.36453670	0.00000010	0.50647593	0.60991013	0.00000010	0.00000010	0.00000010	0.00000010	0.00000010	0.46991903	0.61256289	0.00000010	0.27606079	0.55280089	0.00000010	0.00000010	0.00000010	0.00000010	0.32532686	0.00000010	0.00000010	0.39668366	0.06629221	0.00000010	0.58406222	0.12393665	0.38069570	0.00000010	0.46551508	0.00000010	0.58186942	0.10496034	0.68711120	0.00000010	0.23492913	0.20155448	0.00000010	0.01038006	0.00000010	0.00000010	0.28190252	0.73140401	0.00000010	0.23610924	0.00000010	0.27066791	0.56595141	0.00000010	0.00000010	0.11998223	0.00000010	0.06022939	0.00000010	0.00000010	0.00000010	0.02823286	0.00000010	0.54795665	0.76643360	0.00000010	0.21901555	0.00000010	0.00000010	0.09960546	1.29376841	0.00000010	0.15297851	0.70952880	0.75641382	0.21780637	1.25578809	0.91736019	0.21021563	0.64918065	0.00000010	0.00000010	0.54115224	0.00000010	0.33861920	0.00000010	0.44686097	0.00000010	0.31239343	0.55265158	0.00000010	0.65815377	0.00000010	0.48992077	0.55756742	0.00000010	0.47048187	0.00000010	0.43492663	0.42990786	1.41019607	0.01988354	0.00000010	0.00000010	0.74316895	0.00000010	1.02085018	0.28903729	0.00000010	0.01224679	0.00000010	0.49933752	0.34567800	0.25660935	0.20935860	0.00000010	0.28956467	0.00000010	0.00000010	0.03279595	0.00000010	0.14695206	0.03841377	0.00000010	0.05294772	0.12594704	0.31761771	0.31665957	0.06760238	0.00000010	0.00000010	0.00000010	0.00000010	0.61844760	0.23353820	0.00154676	0.00000010	0.56961131	0.00000010	0.00000010	0.00000010	0.39335066	0.18023878	0.02860819	0.43799877	0.00000010	0.00000010	0.00000010	0.00000010	0.78133547	0.19922952	0.11834565	0.00000010	0.39082751	0.00000010	0.21312594	0.00000010	0.86418355	0.40896553	0.00000010	0.00000010	0.00000010	0.49143302	0.00096417	0.88654363	0.36853847	0.00000010	0.59593213	0.00000010	0.39456493	0.00000010	0.02566229	0.39384037	0.67254895	0.19095138	0.43476090	0.00000010	0.68173122	0.28030384	0.00000010	0.07324397	1.71317744	0.08522223	0.00000010
chr17	47699368	driver	T	G	0.52464741	0.00000010	0.00638038	0.24629037	0.58889085	0.00524421	0.12440586	0.00000010	0.00000010	0.00000010	0.34292993	0.28920391	0.00000010	0.00000010	0.00000010	0.47394145	0.00000010	0.00000010	0.32596880	0.22690248	0.28159711	0.43327802	0.09934631	0.00000010	0.38552043	0.00000010	0.00000010	0.60641599	0.00000010	0.39893216	0.38305348	0.56033647	0.22466108	0.00000010	0.55681539	0.59831804	0.05516630	0.00000010	0.00000010	0.00000010	0.14041030	0.14330982	0.00000010	0.00000010	0.00000010	0.00000010	0.00000010	0.00000010	0.80757922	0.41551149	0.00000010	0.74692047	0.00213449	0.00000010	0.66316879	0.00000010	0.14547420	0.75459945	0.00000010	0.18615702	0.00000010	0.22270249	0.00000010	0.78459334	0.00000010	0.29695570	0.00000010	0.05275326	0.00000010	0.32460082	0.57553059	0.00000010	0.63753480	0.39238572	0.04289488	0.65999520	0.00000010	0.77655244	0.37647015	0.00000010	0.44221646	0.59398234	0.00000010	0.00000010	0.00000010	0.00000010	0.00000010	0.26397127	0.41166699	0.00000010	0.29285491	0.27398333	0.02740820	0.00000010	0.00000010	0.05016101	0.61184061	0.00000010	0.00000010	0.55404276	0.10962424	0.00000010	0.38705689	0.00000010	0.33190876	0.00000010	0.31208998	0.00000010	0.37673753	0.00949220	0.81530029	0.00000010	0.91860098	0.10503219	0.10354614	0.00000010	0.00000010	0.05462468	0.32260776	0.50196815	0.00000010	0.11618459	0.00000010	0.38232520	0.55402607	0.00000010	0.00000010	0.29781955	0.00000010	0.03450316	0.00000010	0.00000010	0.00000010	0.15208195	0.00000010	0.39107341	0.50985891	0.00000010	0.25899026	0.00000010	0.00000010	0.00229380	0.96577108	0.00000010	0.20594405	0.42377952	0.73554802	0.38408270	1.23450232	0.79650486	0.13742496	0.35411888	0.00000010	0.00000010	0.42552149	0.00000010	0.00000010	0.00000010	0.24949560	0.00000010	0.17327915	0.37054411	0.00000010	0.11938290	0.11314671	0.58107293	0.54018366	0.00000010	0.59704000	0.00000010	0.36414152	0.37578258	1.08932614	0.03961068	0.00000010	0.00000010	0.71328914	0.01632880	0.20219518	0.28885165	0.00000010	0.02249589	0.00000010	0.58933091	0.36483169	0.44455540	0.00000010	0.00003168	0.03262302	0.00000010	0.00000010	0.00000010	0.00000010	0.00000010	0.10369469	0.00000010	0.00000010	0.21044827	0.35814866	0.26412120	0.00000010	0.00000010	0.00000010	0.00000010	0.39734718	0.70245922	0.24493840	0.00000010	0.00000010	0.44744536	0.00000010	0.00000010	0.00000010	0.21483189	0.63692284	0.00000010	0.47158396	0.00000010	0.00000010	0.00000010	0.00000010	0.28059641	0.41425696	0.11031197	0.00000010	0.31723577	0.03143296	0.18655011	0.01391326	0.52175677	0.41571087	0.00000010	0.00000010	0.00000010	0.34837306	0.00000010	0.81991780	0.21333121	0.00000010	0.40102929	0.00000010	0.37435898	0.07669472	0.16000879	0.35508257	0.91210473	0.28868505	0.58841467	0.00000010	0.67965531	0.42649427	0.00000010	0.09368413	1.57665133	0.11660223	0.00000010
chr17	47696421	driver	C	G	0.12967058	0.00000010	0.08507334	0.40014747	0.37423339	0.00000010	0.16877282	0.26139534	0.00000010	0.00000010	0.24486923	0.33362919	0.00000010	0.00000010	0.00000010	0.54607570	0.00000010	0.00000010	0.36286718	0.25105619	0.35081869	1.03646493	0.04789505	0.00000010	0.34931311	0.00000010	0.00000010	0.77799988	0.00000010	0.38421160	0.36617672	0.62783694	0.44894350	0.06425101	0.80908120	0.39706674	0.00030121	0.00000010	0.00000010	0.00000010	0.44969112	0.26872841	0.00000010	0.00000010	0.00000010	0.00000010	0.00000010	0.00000010	0.77583253	0.42613164	0.00000010	1.23961759	0.01730197	0.00000010	0.78547883	0.00000010	0.31836718	0.61631727	0.00000010	0.70173979	0.00000010	0.57891709	0.00000010	0.61910290	0.09406932	0.45663601	0.03779536	0.04592204	0.00000010	0.16655686	0.54683697	0.00000010	0.91057605	0.36970806	0.00000010	0.56073833	0.00000010	0.57231021	0.36262757	0.00000010	0.48853755	0.62071514	0.00000010	0.00000010	0.00000010	0.00000010	0.00000010	0.35364366	0.71867323	0.00000010	0.17085052	0.45913997	0.00000010	0.00000010	0.00000010	0.00000010	0.42559379	0.00000010	0.00000010	0.46206757	0.05396002	0.00000010	0.60272223	0.08140115	0.34014195	0.00000010	0.40907535	0.00000010	0.58645046	0.11093023	0.69559115	0.00000010	0.37393644	0.17617768	0.03430706	0.06250340	0.00000010	0.00915089	0.22026503	0.66385061	0.00000010	0.19000153	0.09900957	0.49119169	0.58447003	0.00000010	0.00000010	0.23285910	0.00000010	0.04262920	0.00000010	0.00000010	0.00000010	0.11030951	0.00000010	0.60970724	0.80228114	0.00000010	0.17715643	0.00000010	0.00000010	0.17894861	1.35918975	0.00000010	0.14708649	0.76798105	0.71518672	0.25374883	1.38058853	0.96144247	0.18921849	0.67053199	0.00000010	0.00000010	0.44372636	0.00000010	0.24985166	0.00000010	0.42881396	0.00000010	0.35271156	0.49561661	0.00000010	0.51746637	0.00000010	0.63400036	0.62644500	0.00000010	0.53321588	0.00000010	0.56795859	0.49160913	1.47221279	0.02615624	0.00000010	0.00000010	0.79303807	0.00000010	0.86375397	0.40011919	0.00000010	0.00000010	0.00000010	0.63155365	0.34983933	0.28945312	0.10838065	0.00000010	0.20711842	0.00000010	0.00000010	0.03425298	0.00000010	0.02124764	0.00000010	0.00000010	0.00000010	0.02412910	0.34807110	0.52083755	0.00000010	0.00000010	0.00000010	0.00000010	0.14006184	0.63299316	0.32296664	0.00000010	0.00000010	0.44814968	0.00000010	0.00000010	0.00000010	0.39644739	0.25935292	0.07234286	0.42828992	0.00000010	0.00000010	0.00000010	0.00000010	0.85464895	0.20548451	0.11138570	0.00000010	0.43069473	0.00000010	0.14448628	0.00000010	0.83224308	0.61465323	0.00000010	0.00000010	0.00000010	0.59702015	0.00239014	0.82048333	0.43709695	0.00000010	0.62210667	0.00000010	0.39650321	0.00000010	0.00000010	0.43378827	0.63477635	0.36822382	0.55814898	0.00000010	0.75983554	0.35981986	0.00000010	0.07636947	1.72760463	0.03882104	0.00000010
