chr	pos	Label	ref	alt	0	1	2	3	4	5	6	7	8	9	10	11	12	13	14	15	16	17	18	19	20	21	22	23	24	25	26	27	28	29	30	31	32	33	34	35	36	37	38	39	40	41	42	43	44	45	46	47	48	49	50	51	52	53	54	55	56	57	58	59	60	61	62	63	64	65	66	67	68	69	70	71	72	73	74	75	76	77	78	79	80	81	82	83	84	85	86	87	88	89	90	91	92	93	94	95	96	97	98	99	100	101	102	103	104	105	106	107	108	109	110	111	112	113	114	115	116	117	118	119	120	121	122	123	124	125	126	127	128	129	130	131	132	133	134	135	136	137	138	139	140	141	142	143	144	145	146	147	148	149	150	151	152	153	154	155	156	157	158	159	160	161	162	163	164	165	166	167	168	169	170	171	172	173	174	175	176	177	178	179	180	181	182	183	184	185	186	187	188	189	190	191	192	193	194	195	196	197	198	199	200	201	202	203	204	205	206	207	208	209	210	211	212	213	214	215	216	217	218	219	220	221	222	223	224	225	226	227	228	229	230	231	232	233	234	235	236	237	238	239	240	241	242	243	244	245	246	247	248	249	250	251	252	253	254	255
chr14	105239279	driver	G	A	0.00000000	0.00000000	0.00000000	0.08858281	-0.01732990	0.04036869	0.00000000	0.00691471	0.00000000	0.02506708	-0.05007016	-0.00378509	0.00000000	0.00000000	0.00000000	0.00632495	-0.01676815	0.00000000	-0.04358780	-0.01378128	-0.02165724	0.03782767	0.00000000	-0.00111622	0.03640603	0.01966816	-0.03164532	-0.01024635	0.07581953	-0.00415534	-0.07382362	-0.02907765	-0.07484436	0.00000000	-0.03371108	0.00000000	0.00000000	0.01054249	0.00000000	0.00000000	0.00739115	-0.01073991	0.00000000	0.00000000	0.00000000	0.00000000	0.00000000	0.00000000	-0.03794070	0.07835893	-0.00197564	0.09295750	-0.02890969	0.00000000	0.02171747	0.00000000	0.00344941	0.00000000	0.00000000	0.02848016	0.00000000	0.00259583	0.00000000	0.00000000	0.00389504	0.01845248	0.00000000	0.01579941	-0.03202478	0.00000000	-0.01522762	0.00000000	0.05927856	-0.03662287	0.00425197	-0.02214348	0.00000000	-0.01106709	0.00435424	0.01276494	-0.00845520	-0.02747338	0.00000000	0.02091572	0.01291743	0.00000000	-0.00778001	-0.04706876	0.00914961	0.00000000	-0.00130445	0.04045279	0.00000000	0.00000000	0.00000000	0.00000000	0.00000000	0.00000000	-0.06074005	0.01253912	0.00699528	0.00765443	0.00745966	0.00000000	-0.00500824	0.00000000	0.04877331	0.00000000	0.04393112	-0.00301651	-0.03079873	0.00000000	-0.04513413	0.02274123	0.00000000	0.00000000	0.00000000	0.00000000	0.03108042	-0.00373796	0.00000000	-0.06061728	0.00000000	-0.02165677	-0.00240024	0.00000000	0.00000000	0.00000000	-0.01721033	0.00467369	0.00000000	0.00000000	-0.01798747	0.02273811	0.00000000	0.00909695	-0.07031235	0.00000000	0.00000000	0.00000000	0.00000000	-0.05901677	0.00624046	0.00000000	0.00000000	-0.03220171	-0.01206446	-0.01939624	-0.03726816	0.02518537	0.04866730	0.02894126	0.00000000	0.00000000	-0.01461813	0.00000000	0.02022538	-0.01695961	-0.00733873	0.00000000	0.00000000	-0.03349829	0.00000000	-0.01576443	0.00000000	-0.03012652	0.03986254	0.00000000	-0.04987574	0.00000000	0.03436093	0.00376049	0.02563117	-0.00958791	0.04522555	0.03917520	0.00341579	0.00000000	0.02591133	-0.02707803	0.00000000	0.00722281	0.00000000	-0.01773101	0.00048728	-0.03804941	0.00000000	0.00000000	0.00402072	0.00000000	0.00000000	0.00000000	-0.00988731	0.01145360	0.00000000	0.00000000	-0.02223476	-0.01865708	-0.04244202	0.00000000	-0.02387679	0.00000000	0.00000000	0.00000000	0.00000000	-0.05246747	-0.03824635	0.00000000	-0.00145584	0.01220663	0.00000000	0.00000000	0.00000000	0.01164272	0.00000000	-0.08893034	-0.00705828	0.00000000	0.00406712	0.00000000	0.00000000	0.11800131	-0.07018112	-0.00698701	0.00000000	-0.01474777	-0.01559628	0.01644298	0.05223180	0.02285323	0.00000000	0.00000000	0.00000000	0.02814496	0.03098714	0.00000000	-0.05057909	0.01195420	0.00000000	0.00861070	0.00000000	-0.03235132	0.03841008	0.00000000	0.00000000	-0.05255620	0.01866248	0.00997803	0.00000000	0.00026750	0.00312769	0.00000000	0.00000000	0.01548681	0.00500370	0.00000000
chr14	105246470	passenage	C	T	0.00000000	0.00000000	0.00000000	-0.01445109	-0.00098942	0.01711630	0.00000000	0.00000000	0.00000000	-0.00689563	0.03782865	0.00763159	0.00000000	0.00000000	0.00000000	0.00588655	0.00662765	0.00000000	0.04299542	-0.08413026	0.04765767	0.00144294	0.00000000	0.00000000	0.06263249	-0.01485649	0.08409633	-0.02624315	0.01005593	-0.00270759	-0.00492445	0.01093293	0.03432751	0.00000000	0.04541512	-0.03179871	0.00000000	0.03864397	0.00000000	0.00000000	-0.03096452	-0.01739389	0.00000000	0.00000000	0.00000000	0.00000000	0.00000000	0.00000000	0.00745435	0.00000000	0.08725052	-0.05072325	-0.03350407	0.00000000	0.04032832	0.00000000	0.02945684	-0.01829479	0.00000000	0.05144209	0.00000000	-0.02598996	0.00000000	0.02897745	0.03687381	-0.01706172	0.00000000	0.07399774	0.04287013	0.01642124	0.02839857	0.07384506	-0.01072843	-0.00082421	-0.00012412	0.04676312	0.00000000	0.00461334	-0.01743755	0.00000000	0.04649092	0.02783025	0.00000000	0.00000000	0.00000000	0.00000000	0.10033652	0.09173104	0.00000000	0.00000000	-0.01178250	0.00000000	0.00000000	0.00000000	0.00000000	0.00968540	-0.00576043	0.00000000	-0.02199971	-0.03346539	0.00000000	0.00000000	0.00981592	0.00000000	0.03783801	0.00993126	0.02309312	0.00000000	0.02949098	0.02844346	0.01293257	0.00000000	-0.01391710	-0.04612970	0.01724064	0.02751197	0.00000000	0.00000000	0.00793858	-0.00980270	0.00000000	-0.02428871	-0.00661115	-0.01127188	0.00599464	0.00000000	-0.00100444	0.00000000	0.00786068	-0.04754358	0.00000000	0.00000000	0.00000000	0.01561287	0.00000000	0.01876622	0.02066301	0.00000000	0.02319110	0.00000000	0.00000000	0.00957499	-0.09041552	0.00000000	0.00000000	-0.00204262	0.00656399	0.00352166	-0.05028473	-0.03798966	0.03663599	0.05385145	-0.02015095	0.00000000	-0.01856963	0.00000000	-0.00221210	0.01564984	0.04294166	0.00000000	0.00000000	0.04427084	0.00000000	0.01478620	0.00000000	0.01183567	-0.01363631	-0.00106823	0.00150599	0.00000000	0.00000000	-0.05145028	-0.06530851	0.00068289	0.01207832	-0.02268177	-0.05351619	0.00000000	0.02261731	0.01557797	0.00000000	0.02818072	0.00000000	0.01187053	0.00000000	0.01824930	-0.02756611	0.01791366	0.02286924	0.00000000	0.00000000	0.00000000	0.01832459	0.01197330	0.00000000	0.00000000	0.00000000	0.01455590	-0.01381765	0.00000000	0.00000000	-0.00575888	0.00000000	0.00000000	0.00000000	0.02317426	0.03966995	0.00000000	0.01514747	0.03548216	0.00000000	0.00000000	-0.03558074	-0.03867726	0.03646335	-0.07407357	-0.01061903	0.00000000	0.00908681	0.00000000	0.00000000	0.00975710	0.10344309	0.00000000	-0.02693129	0.01553410	0.03026989	0.00906051	0.00756472	0.01723899	0.00000000	0.00000000	0.00000000	0.02368918	0.03805501	0.00000000	0.01546073	-0.00590722	0.00000000	-0.00339621	0.01239427	0.01005039	0.05302134	0.00000000	-0.01323488	0.10353202	0.00179500	0.01892032	0.00000000	-0.03103512	-0.00162429	0.00000000	-0.04068064	-0.07994006	0.00000000	0.00000000
chr14	105246551	driver	C	T	0.00000000	0.00000000	0.00000000	-0.02045365	-0.01859763	-0.01938489	0.00000000	0.00000000	0.00000000	-0.03781198	0.05874063	-0.00359256	0.00000000	0.00000000	0.00000000	-0.06240475	-0.00157393	0.00000000	0.05706358	-0.00710687	0.01608379	0.00174260	0.00000000	0.00000000	-0.07196116	-0.00351970	0.00445740	0.02706812	-0.02243703	-0.00849234	-0.07641912	0.02390291	0.00467901	0.00000000	0.04708825	0.00000000	0.00000000	-0.04977595	0.00000000	0.00000000	0.03242728	0.02552914	0.00000000	0.00000000	0.00000000	0.00000000	0.00000000	0.00000000	0.00010130	0.00000000	-0.02006726	-0.04765376	0.00606253	0.00000000	-0.01007418	0.00000000	0.01513573	-0.00108494	-0.00062792	0.02666494	0.00000000	0.01064178	0.00000000	-0.06591777	0.04340511	0.06188872	0.00000000	-0.06351262	0.03921352	0.00137960	0.06561676	0.00000000	-0.03516677	-0.01919815	-0.00562107	0.01063505	0.00000000	-0.00998896	-0.00135621	0.01094844	-0.06113379	0.01872601	0.00000000	0.00000000	0.00000000	0.00000000	-0.00863430	0.07888015	0.00000000	0.00000000	0.09098408	0.00000000	0.00000000	0.00000000	0.00000000	0.02907294	-0.00879723	0.00000000	0.00695229	0.01255411	0.00000000	0.00000000	-0.03586361	0.00000000	0.01210164	0.00000000	-0.06467171	0.00000000	0.00721067	-0.02754135	-0.00991228	0.00000000	-0.01683187	0.01486200	0.03604499	0.00000000	0.00000000	0.00000000	-0.00836061	-0.00654736	0.00000000	-0.03847022	-0.03997625	0.01858771	-0.01055151	0.00000000	0.00000000	0.00000000	0.03231031	0.01228190	0.00000000	0.00000000	-0.02621725	0.05552220	0.00000000	-0.00785135	0.04224013	0.00000000	-0.00566027	0.00000000	0.00000000	-0.01195039	-0.00036030	0.00000000	0.00000000	0.03167853	-0.02811283	0.00093130	0.00626509	-0.01266392	-0.01687618	0.03499551	-0.00665980	0.00000000	-0.02931523	0.00000000	-0.01970750	0.05279621	0.05239782	0.00000000	0.00000000	0.03275134	0.00000000	0.07662283	0.05475199	0.01565422	-0.05576086	0.00000000	0.00111789	0.00000000	0.00000000	0.03429729	0.00376709	0.00907087	0.00000000	-0.06524555	-0.00417781	0.00000000	-0.03564548	0.03517596	0.00000000	0.00909033	0.00000000	0.02574506	0.00000000	0.00557149	0.00000000	0.00000000	-0.12573373	0.00000000	0.00000000	0.00000000	0.00000000	0.00000000	0.00000000	0.00000000	0.04417785	-0.00070682	-0.00185156	0.00000000	-0.01988531	0.00655835	0.00000000	0.00000000	0.00000000	0.00957248	0.00164501	0.00000000	0.00000000	0.00538668	-0.01417901	0.00000000	0.00000000	0.00968719	0.00000000	-0.07076664	0.03359524	0.00000000	-0.01625649	0.00000000	0.00000000	-0.01215526	-0.01208830	0.02182462	0.00000000	0.05515996	-0.02345300	-0.00096570	0.01355590	-0.02601084	0.00000000	0.00000000	0.00000000	0.00274417	0.01210153	0.00000000	-0.03095224	-0.01887904	0.00000000	-0.02235986	0.00000000	0.03560570	0.03722375	0.00000000	0.00000000	-0.02198601	0.07204375	0.01036049	0.00000000	-0.01566990	0.05010118	0.00000000	0.00000000	-0.02315760	0.00000000	0.00000000
chr14	105241307	passenage	C	T	0.00000000	0.00000000	0.00000000	0.06128040	0.05043027	0.01114043	0.00000000	0.00000000	0.00000000	0.00000000	0.02886024	-0.01611716	0.00000000	0.00000000	0.00000000	0.04519844	-0.02006428	0.00000000	0.05695510	0.08765876	0.06415103	-0.00840902	0.00000000	0.03736451	-0.03333282	-0.00121002	-0.05191679	0.05665579	0.00000000	0.00282535	-0.03686661	0.00292163	0.00298296	0.00000000	0.05826758	0.07845122	0.00000000	0.00000000	0.00000000	0.00000000	0.00305584	-0.06210674	0.00000000	0.00000000	0.00000000	0.00000000	0.00000000	-0.01394871	0.02662516	0.00000000	-0.07850340	0.00446530	0.04568228	0.00000000	-0.02129649	0.00000000	0.03441034	0.04649504	0.02913655	0.00303975	0.00000000	-0.05321488	0.00000000	-0.05424969	-0.05009953	0.02857961	0.00000000	-0.03806873	-0.01234928	0.03983923	-0.07817353	0.00000000	0.02986196	0.07276559	0.06342836	0.02267379	0.00000000	-0.05741501	0.02909251	0.00000000	0.04794452	0.06528226	0.00000000	0.00000000	0.00000000	0.00000000	-0.04343330	-0.03313917	0.00000000	0.00000000	-0.08437201	0.00000000	0.00000000	0.00000000	0.00000000	0.00000000	0.07286514	0.00000000	0.00000000	-0.00410304	0.00000000	0.00000000	-0.00744118	0.00000000	-0.00690946	0.00000000	-0.00733420	0.00000000	-0.07709680	-0.01599717	0.01939079	0.00000000	-0.00561090	0.08250354	0.02121016	0.00000000	0.00000000	0.00000000	0.01472521	-0.02414522	0.00000000	-0.07538486	0.00000000	0.10708091	0.03658662	0.00000000	0.00000000	0.00000000	-0.00098084	0.00000000	0.00000000	0.00000000	0.03139663	0.10067503	0.00000000	0.00523216	0.00538410	0.00000000	0.00000000	0.00000000	0.00000000	-0.03120592	0.11153061	0.00000000	0.00000000	0.04961663	0.07362121	-0.01717537	0.00286686	0.08049853	-0.03549693	0.01234786	0.00095405	0.00000000	-0.04940286	0.00000000	-0.02446205	-0.00708672	-0.04956639	0.00000000	0.00000000	-0.09338585	0.00000000	-0.06071432	0.02491003	0.04324721	-0.07494646	0.01862157	-0.02717417	0.00000000	0.00000000	0.10517201	0.02236515	-0.00445670	-0.13367698	-0.04408791	0.09455132	0.00000000	-0.06561729	-0.02272545	0.00000000	0.00000000	0.00000000	0.05861793	0.00000000	0.01481057	0.00000000	-0.02808264	-0.00308743	0.00000000	0.00000000	0.00000000	0.00000000	0.00000000	0.00000000	0.00000000	0.01129140	-0.01456983	0.00640723	0.00000000	-0.00240336	0.00000000	0.00000000	0.00000000	0.00000000	-0.06751093	0.01012161	0.00000000	0.00000000	-0.02241632	0.00000000	0.00000000	0.00000000	0.02357775	-0.03626819	0.01703215	-0.02082030	0.00000000	-0.03439730	0.00000000	0.00000000	-0.04843372	-0.02280724	0.00000000	0.05004374	0.04028045	0.01784720	-0.03596226	0.00000000	-0.05379808	0.00000000	0.00000000	0.00000000	-0.08330120	0.07641974	0.03578566	-0.00316098	0.03319204	0.00000000	-0.05196008	0.00000000	-0.11621039	-0.00196911	0.00000000	-0.00082316	0.01148093	0.01950148	-0.12206234	0.00000000	0.10599937	0.08651433	0.00000000	0.00000000	0.04448384	-0.00776907	0.00000000
chr14	105239820	driver	T	C	0.00000000	0.00561538	0.00000000	0.02341028	-0.00795379	-0.01036011	0.00000000	0.00000000	0.00000000	0.01138034	-0.01263908	0.01064650	0.00000000	0.00000000	0.00000000	-0.01240033	0.00806700	0.00000000	-0.01485516	-0.05313945	0.00254110	-0.01924270	0.00000000	0.00426695	-0.00489986	-0.02095200	0.04679286	-0.04626609	0.00000000	0.00019854	0.00486117	-0.05846528	-0.00630513	0.00000000	0.04336800	-0.02160167	0.02035233	0.14553265	-0.01014499	0.00000000	-0.03465617	-0.06156877	0.00000000	0.00000000	0.00000000	0.00000000	0.00000000	0.00000000	-0.03560840	0.00000000	0.07547843	0.00000000	-0.02056666	0.00000000	-0.00157464	0.03314947	0.00897892	0.02026527	0.00000000	0.00103831	0.00000000	-0.01593848	0.00000000	0.04200239	-0.02905095	0.01264717	0.00000000	0.07326111	0.04774287	-0.00451753	0.06991902	0.00000000	0.00000000	-0.00853640	0.00051337	0.02546272	0.00000000	-0.00275159	-0.00070712	0.00867641	0.01658500	0.00440903	0.00000000	-0.00607429	0.00090933	0.00000000	0.08065215	0.02854156	0.00000000	0.00000000	-0.01074690	0.00000000	0.00000000	0.00000000	0.00000000	0.00000000	0.02531629	0.00000000	-0.01242740	-0.02465363	-0.00310674	-0.00438658	-0.01350281	0.00000000	0.01824060	-0.01259357	0.02389748	0.00000000	-0.01211339	0.03088315	-0.01095992	0.00000000	0.00150566	-0.03618261	0.00000000	0.00000000	0.00000000	0.00000000	0.02272191	-0.00513265	0.00000000	-0.00444565	0.00000000	-0.07052328	0.02703989	0.00000000	0.01310757	0.00000000	0.00772456	-0.00684692	0.00000000	0.00000000	0.00000000	-0.01407186	0.00000000	-0.00397044	-0.05873751	0.00000000	0.02792783	0.00000000	0.00000000	0.03191973	-0.02407116	0.00000000	0.00000000	-0.04939392	0.00911081	0.02349425	-0.07967812	0.00000000	-0.03057085	-0.00489777	0.00000000	0.00000000	0.01845771	0.00000000	-0.03070794	0.02530941	-0.02251184	0.00000000	0.00000000	-0.06909129	0.00000000	-0.06018555	0.00000000	-0.00573641	0.01710150	0.00000000	-0.06237167	0.00000000	0.00000000	0.00233614	-0.08590194	0.00001121	0.00140027	-0.02183428	-0.05089223	0.00000000	-0.03591990	-0.01831201	0.00000000	0.02641263	0.00000000	-0.03435528	0.01453517	-0.01864607	0.00000000	-0.00271957	0.06059276	0.00000000	0.00000000	0.00000000	0.00000000	-0.01097259	0.00000000	0.00000000	-0.03193670	0.00319970	-0.03738517	0.00000000	0.00000000	0.00000000	0.00000000	0.00000000	0.00000000	0.02415913	0.00355563	0.00000000	0.00000000	0.01639972	-0.01119649	0.00000000	-0.00203994	-0.00882408	-0.01289914	0.00000000	-0.03539454	0.00000000	0.02774070	0.00000000	0.00000000	0.01491773	0.08499038	0.00329996	0.00000000	0.00775575	0.00000000	0.02005650	0.04141380	-0.00431915	0.00000000	0.00000000	0.00000000	0.03661591	0.00048035	0.00000000	-0.00814810	0.00000000	0.00000000	0.00478101	0.00000000	-0.00219870	0.02734628	-0.01630604	0.00000000	0.02381161	0.00000000	0.02959708	0.00000000	-0.01885168	0.05869552	0.00000000	0.00000000	-0.09474263	0.03835098	0.00000000
chr14	105243048	driver	G	T	0.00000000	-0.01298714	0.00000000	0.02324206	0.01087242	-0.00997775	0.00000000	0.00000000	0.00000000	0.02700969	0.07195316	0.01589964	0.00000000	0.00000000	0.00000000	0.01367116	0.03462366	0.00000000	-0.07104920	-0.04043135	-0.00442286	-0.00978523	0.00000000	-0.03169268	0.07712911	0.02969011	0.02452053	0.03310703	-0.00848779	0.00017475	0.00381072	-0.01602629	0.06763522	0.00000000	-0.01490569	0.00000000	-0.02990121	-0.00536761	0.00000000	0.00000000	-0.05036214	0.01432872	0.00000000	0.00000000	0.00000000	0.00000000	0.00000000	0.00000000	-0.00824279	-0.00416260	0.01240322	0.00000000	0.02041273	0.00000000	-0.00616015	0.00000000	0.02479727	-0.06335194	0.01267340	-0.02392791	0.00000000	-0.01018704	0.00000000	-0.05616990	-0.03051887	-0.01500877	0.00000000	-0.01862402	0.01339182	0.01226304	0.03073926	0.00000000	0.00000000	-0.01927888	0.00000000	0.01174155	0.00000000	0.04526210	-0.05458850	0.00000000	0.05646676	-0.02531400	0.00000000	0.00000000	0.00000000	0.03912934	-0.00854875	-0.01896739	0.00000000	0.00000000	0.02437101	0.00000000	0.00000000	0.00000000	0.00000000	0.00007275	0.00000000	0.00000000	0.00000000	-0.05318738	0.00000000	0.00000000	-0.04124240	0.00000000	0.00034577	0.00000000	-0.01501834	0.00000000	0.07502639	0.03400034	-0.01947203	0.00000000	-0.00374110	-0.04931200	0.00000000	0.00000000	0.00000000	-0.02744808	-0.02999455	0.00469154	0.00000000	0.02361046	0.00000000	-0.02492645	0.00000000	0.00000000	0.00000000	0.00000000	0.01094294	-0.03222789	0.00000000	0.00000000	-0.02856792	-0.00148170	0.00000000	0.01730192	-0.02751784	0.00000000	0.01126727	0.00000000	0.00000000	-0.01475856	0.01106386	0.00000000	0.00000000	-0.01136017	-0.01261428	-0.03798171	-0.00576258	-0.00644178	0.07173652	0.07899296	0.01133865	0.00000000	-0.00514260	0.00000000	0.01848837	-0.03121290	-0.00822581	0.00000000	0.00000000	0.01956975	0.00000000	-0.11348042	0.00000000	-0.00486563	-0.01849812	0.01762183	-0.03884864	0.00000000	0.00000000	0.01692009	0.02153522	0.00554691	0.00000000	0.01664513	-0.03970331	0.00000000	-0.02467611	0.01343215	0.00000000	-0.00128804	0.00000000	0.00000000	0.01414841	-0.04083621	0.00000000	-0.01461823	-0.02301458	0.00000000	0.00000000	0.00000000	0.02323841	0.00000000	0.00000000	0.00000000	0.00263633	0.01715263	0.02083825	0.00000000	-0.00717498	-0.02239116	0.00000000	0.00000000	0.00000000	0.03308010	-0.09548119	0.00000000	0.00000000	0.02880193	-0.03309962	0.00000000	0.00000000	-0.02444950	0.03051009	0.00050332	-0.00505556	0.00000000	-0.04280167	0.00000000	0.00000000	-0.03171806	0.01758474	0.00000000	-0.03761572	0.01490983	0.00000000	0.00000000	0.00000000	-0.01117133	0.00000000	0.00000000	0.00000000	-0.02869145	0.00269613	0.00000000	0.03391929	-0.03323564	0.00000000	0.01690650	0.00000000	0.02451435	0.00863489	0.00000000	0.00000000	0.00151199	0.00000000	-0.00265691	0.00000000	0.01256133	-0.03334253	0.00000000	-0.02247142	-0.03799689	0.00000000	0.00000000
chr14	105246445	driver	A	C	0.00000000	0.00000000	0.00000000	-0.05933595	0.00061280	-0.00801317	0.00000000	0.00000000	0.00000000	-0.02879613	0.02090923	-0.02004173	0.00000000	0.00000000	0.00000000	0.00426462	-0.07416268	0.00000000	0.01511294	-0.04122436	-0.08085185	0.01156521	0.00000000	0.00000000	-0.01749548	-0.04106614	-0.03415400	0.00554031	0.03566723	-0.00920910	0.04526857	-0.02570772	0.04086430	0.00000000	-0.03180718	0.00000000	-0.00114008	-0.21222359	0.00000000	0.00000000	0.07662115	-0.09564923	0.00000000	0.00000000	0.00000000	0.00000000	0.00000000	-0.03033170	0.00226586	0.00000000	-0.16848370	0.01423295	0.02722576	0.00000000	-0.04732145	0.00000000	0.01222968	-0.00797985	0.00000000	-0.00071613	0.00000000	0.11144056	0.00000000	0.01944520	0.06775920	0.04050711	0.00000000	-0.13034284	0.04719474	-0.04342647	-0.00027925	0.00000000	0.00000000	-0.08942331	-0.00370586	-0.07778788	0.00000000	-0.09541196	0.06172515	0.00000000	-0.04713536	-0.01249477	0.00000000	0.00000000	0.00000000	0.00000000	-0.25248092	-0.12756312	0.00000000	0.00000000	-0.06404373	0.00000000	0.00000000	0.00000000	0.00000000	0.00516258	0.00440633	0.00000000	0.08625641	0.01671565	0.00000000	0.00000000	0.02498413	0.00000000	-0.00871369	0.00000000	-0.08539785	0.00000000	0.00450890	-0.08472645	-0.00583591	0.00000000	-0.03775259	0.06759366	0.00000000	0.00000000	0.00000000	0.00000000	0.00844635	0.01025182	0.00000000	-0.01006994	-0.00101146	-0.00294943	-0.02890913	0.00000000	0.03849985	0.00000000	0.03275041	0.02692160	0.00000000	-0.00190980	0.00000000	0.01762313	0.00000000	0.01484331	0.00585347	0.00000000	-0.01314574	0.00000000	0.00000000	-0.00723673	0.09421843	0.00000000	0.00000000	-0.03509206	-0.07161419	0.00000000	0.05759420	0.00000000	-0.04350461	-0.04060014	-0.00803129	0.00000000	-0.03197825	0.00000000	0.02949397	-0.03714150	-0.00907448	0.00000000	0.00000000	-0.03525171	0.00000000	0.09604199	0.02898751	0.03315546	-0.01548509	0.01675220	0.05331023	0.00000000	0.00000000	0.04861367	0.14142941	-0.01625699	0.00154525	0.00036010	0.02238795	0.00000000	-0.03393646	0.00729291	0.00000000	-0.03753525	0.00000000	0.00630307	0.00000000	0.03161778	0.04978257	0.00000000	-0.07609814	0.00000000	0.00000000	0.00000000	0.00000000	0.00000000	0.03090790	0.00000000	0.02907772	-0.02529730	-0.02515681	0.00000000	0.01481229	0.02781473	0.00000000	0.00000000	0.00000000	0.01826134	-0.05426226	0.00000000	-0.03056949	0.01919077	0.00000000	0.00000000	-0.04626267	-0.08175746	0.00013717	0.08989131	0.00932559	0.00000000	-0.01178791	0.00000000	0.00000000	-0.00390249	-0.14467835	0.00000000	-0.01742763	0.05738449	0.00000000	-0.01759419	-0.04051312	-0.04713868	0.00000000	0.00000000	0.00000000	-0.00982328	0.02293345	-0.00404778	-0.01676854	0.00000000	0.00000000	0.00176039	0.00000000	0.02697423	-0.04235081	0.00000000	0.00000000	-0.12983966	0.05056598	-0.01797813	0.00000000	0.02723619	-0.01946275	0.00000000	-0.04483261	0.12764400	-0.03370959	0.00000000
chr4	153247297	passenage	G	A	-0.11265663	0.00000000	-0.03642829	-0.05574085	0.02419397	0.00000000	0.00215978	-0.04723892	0.00000000	-0.01307659	0.04597794	0.01304069	0.00000000	0.00000000	0.00000000	-0.07580448	-0.00872395	0.00000000	0.03540438	-0.08106243	-0.03998782	0.05171455	-0.01999143	0.00000000	-0.06384563	0.00000000	0.00000000	0.01992778	0.00000000	0.01265715	0.00461425	0.03435735	-0.08808103	0.00000000	0.00248896	-0.00001176	0.01762674	0.00000000	0.00000000	0.00000000	0.07218501	-0.02415849	-0.03668974	0.00000000	0.02000474	0.00000000	0.00000000	0.00000000	-0.00762284	0.00320723	0.00000000	0.01255173	0.00000000	0.00000000	-0.01841110	0.00000000	-0.03237927	0.03786960	0.03619738	-0.08626467	-0.07274768	-0.01741076	0.00000000	-0.00780296	0.04239784	-0.08918258	0.01600040	0.00000000	0.00000000	0.07332307	0.03151350	0.00000000	0.02024657	0.06085448	0.00000000	0.06089860	0.00000000	0.00606351	-0.00404091	0.00000000	-0.03017294	0.01553787	0.00000000	0.02369677	0.00000000	0.00000000	0.00000000	-0.04790853	-0.00596832	0.00000000	-0.03036124	0.02433594	0.04700139	0.00000000	0.01254896	0.06279189	0.04362173	0.00000000	0.00000000	0.15414308	0.00000000	0.01408585	0.01338060	0.00000000	-0.00814693	0.00000000	-0.01049276	0.04144500	-0.07152873	0.00000000	-0.05042900	0.00000000	-0.01686963	0.04257376	0.00000000	-0.01799427	0.00000000	0.00715605	-0.08340830	-0.05733283	0.00000000	0.02338313	0.00000000	0.09279233	-0.08369081	0.00000000	-0.04780097	0.06778613	0.00000000	0.00000000	0.00000000	0.00000000	0.00000000	-0.02591193	0.00000000	-0.03222406	0.07891876	0.00000000	-0.05336194	0.00000000	0.02031728	0.08956315	-0.07297343	0.00000000	-0.04260379	0.02656514	0.06738421	-0.06514834	0.06503582	0.10194737	-0.07462244	-0.02463299	0.03020853	0.00000000	-0.02786755	0.00000000	0.01404040	0.00000000	-0.04867050	0.00000000	-0.02157611	0.01524213	0.00000000	-0.02559005	0.00000000	-0.05682653	-0.06320880	0.01344801	-0.04279659	0.00000000	-0.00536209	-0.00023966	0.01817331	0.00000000	0.00000000	0.00000000	0.03721777	0.00518219	-0.02465358	0.07800339	0.06110683	-0.01719131	-0.09527259	0.01910558	0.02102803	-0.12845942	0.01529265	0.00000000	0.04584001	0.00000000	0.00000000	0.04031771	0.00000000	0.00000000	0.00000000	0.00000000	0.00000000	-0.01802722	-0.05168919	-0.03359155	0.00000000	0.00000000	0.00000000	0.00000000	0.15783589	-0.01642114	-0.02163238	0.01013542	0.00000000	-0.01566851	0.00000000	0.00000000	0.01052973	-0.01674531	0.03095682	0.00000000	-0.07588043	0.00000000	0.00000000	0.00000000	0.00000000	-0.02349757	-0.07947998	0.06611850	0.00000000	0.02491555	0.00000000	0.00168540	0.00000000	-0.08290711	-0.01886868	0.00000000	0.00000000	0.00000000	0.10443947	0.00000000	0.00516182	-0.01607345	0.00000000	0.02341592	0.00000000	-0.04163644	0.00000000	-0.00341715	-0.01262099	-0.04143597	0.02410377	-0.00852746	0.00000000	0.00433734	-0.00842247	0.00000000	0.00044508	0.02491146	0.00000000	0.00000000
chr4	153244184	passenage	C	T	-0.07717270	0.00000000	-0.01986641	0.01763351	0.01375137	0.00000000	0.02798309	0.02102460	0.00000000	0.00000000	-0.01896366	0.03791263	0.00000000	0.00000000	0.00000000	-0.06373906	0.00000000	0.02403981	-0.05938556	-0.00728427	0.02619886	-0.02032444	0.01389038	0.00000000	0.02420608	0.00000000	0.06587605	-0.01689160	0.00000000	-0.00325537	-0.00822130	-0.01831837	-0.02874286	0.00000000	-0.07081038	-0.04850173	0.02428375	0.06443527	0.00000000	0.00000000	0.00076687	0.02551031	0.00000000	0.00000000	0.00000000	0.00000000	0.00000000	0.00000000	0.03203648	0.02771294	0.02586831	0.01798308	0.00000000	-0.03453271	0.13195762	0.00000000	0.02023375	-0.00506869	0.00000000	0.07990211	0.00000000	0.01816351	0.00000000	0.01157910	0.02723914	-0.00211694	0.00000000	0.05947050	0.01721572	0.01605707	-0.02845700	0.00000000	0.01315847	0.06258652	0.00000000	0.04200944	0.00000000	-0.00739425	-0.00507420	0.00000000	-0.00525995	0.06223953	0.03092172	0.00000000	0.00000000	0.00000000	0.08337156	0.07104902	-0.07413837	0.00000000	0.02514302	0.00423646	0.00000000	0.00000000	0.00000000	0.00729109	0.05192935	0.00000000	0.00000000	-0.01470844	-0.00250277	-0.02347234	-0.04376061	0.04139944	0.03283244	0.00000000	0.03198870	0.00000000	0.03493884	0.03122720	-0.05624124	0.00000000	0.03245670	0.01054506	-0.00402073	0.04025284	0.00000000	-0.02674237	-0.01152691	-0.02970678	0.00000000	-0.00757052	0.00000000	-0.00238249	-0.04400785	0.00000000	0.00000000	-0.02403876	0.02030412	-0.03439550	0.00000000	0.00000000	0.00000000	0.05182630	0.00000000	0.01846559	0.05123976	-0.00182882	-0.04433793	0.00000000	0.00000000	0.00000000	-0.00862068	0.00000000	-0.01547327	-0.00241746	0.01968485	-0.01182412	0.04663280	-0.06084491	-0.06908759	0.06143465	0.00000000	0.00000000	0.00792789	0.00000000	-0.02391839	0.00000000	-0.08894444	0.02914576	0.01363822	0.05051812	-0.03848793	0.06133836	0.00000000	0.01294635	-0.08054310	0.00986851	-0.01413839	0.00000000	0.01089840	-0.03697949	-0.04686836	-0.00242213	0.00000000	0.00000000	-0.02946639	0.00000000	-0.00114384	-0.00580324	0.00000000	0.01558072	0.00000000	-0.02292109	-0.03280231	-0.01428723	0.00000000	0.00000000	0.06259473	0.00000000	0.00000000	0.01411642	0.00000000	0.03929876	0.05043222	0.00000000	0.00000000	0.01119522	-0.00211163	-0.01256427	0.00000000	0.00000000	0.00000000	0.00000000	-0.00938725	-0.03623924	-0.01157587	0.00000000	0.03757507	0.00104260	0.00000000	0.00000000	0.00000000	0.03471662	0.02893427	-0.00285294	0.02389358	0.00000000	-0.03922551	0.00000000	0.00000000	-0.00790246	0.01933618	0.00000000	0.00000000	0.03063057	0.00000000	0.05052421	0.00000000	0.01031452	-0.04448882	0.00000000	0.00000000	0.03691953	0.04979916	0.00000000	0.04283458	0.03427147	0.00000000	-0.02893993	0.00000000	0.00609212	0.02110952	0.00370260	-0.01560529	0.01871446	0.00000000	0.04515263	0.00000000	-0.03778807	-0.06101495	0.00000000	0.00000000	-0.02077997	0.00665108	0.00000000
chr4	153249385	driver	G	A	-0.11347227	0.00000000	0.00134447	-0.02516462	0.03340837	-0.00304823	-0.01927308	-0.10096819	0.00000000	0.00000000	0.06723075	0.01418810	0.00000000	0.00000000	0.00000000	-0.03202635	0.00000000	0.00000000	0.10639188	-0.03198022	0.05869430	0.01914069	-0.01966105	0.00000000	-0.06496683	0.00000000	0.00000000	0.03283888	0.00000000	0.00012101	0.04194564	-0.01913819	-0.04307904	0.01581831	-0.06530220	0.02553350	0.04694313	0.00000000	0.00000000	0.00000000	0.01847133	0.00139987	0.00000000	0.00000000	0.00000000	0.00000000	0.00000000	0.00000000	-0.06003940	0.05421989	0.00000000	-0.01766476	0.00000000	-0.00196538	-0.07503413	0.00000000	-0.04994917	-0.02669367	0.01729639	0.03319219	0.02319998	0.02578026	0.00000000	-0.01889053	0.04442564	0.07756530	0.02157868	0.00000000	0.00000000	0.05906421	0.02421908	0.00000000	-0.07402846	0.00926539	0.00000000	-0.00297406	0.00000000	0.01572871	-0.00387437	0.00000000	0.00695403	0.02141258	0.00000000	0.00000000	0.00000000	0.06358293	0.00000000	0.00000000	-0.05960026	0.00000000	-0.02740306	-0.05693279	0.00000000	0.00000000	0.00000000	-0.00388670	-0.02904719	0.00000000	0.00000000	-0.06068599	-0.02994211	-0.00712753	0.00690733	0.00000000	-0.05991410	0.00000000	-0.04676528	-0.01315452	-0.03246251	0.00000000	-0.06817816	0.00000000	-0.03370490	0.06687455	-0.00113424	0.00000000	0.00000000	-0.00659532	-0.06862187	0.07416505	0.00000000	-0.00416398	0.01195229	0.10225531	-0.01734713	0.00000000	0.00000000	-0.03577557	0.00000000	0.06211322	0.00000000	0.00000000	0.00000000	-0.04169048	0.00000000	-0.03582004	0.05379811	0.00000000	-0.06262670	0.00000000	0.00000000	0.02735420	0.00569427	0.00000000	0.08319886	-0.04715167	0.02948493	-0.06865834	-0.08628154	-0.07584852	-0.09812734	-0.10069598	0.00000000	-0.01203695	0.04318610	0.00000000	-0.02256447	0.00000000	-0.04967240	0.00000000	-0.02311751	0.05389842	0.00000000	0.02561783	0.00000000	-0.04574251	0.01271392	0.00000000	-0.01610370	0.00000000	-0.02888377	0.10741630	-0.05482864	-0.00823311	0.00000000	0.00000000	-0.02964067	0.00000000	-0.04526568	-0.00770025	0.00000000	0.00000000	0.00000000	0.00697312	0.05333530	-0.10038757	0.00000000	0.00000000	-0.03054880	0.00000000	-0.03882473	0.00320942	0.00000000	0.00000000	0.04917469	0.00000000	0.05572999	-0.00546178	0.04237923	-0.03443711	0.00000000	0.00000000	0.00000000	0.00000000	0.06996585	0.02369308	0.00335034	0.00000000	0.00000000	-0.00958617	0.00000000	0.01513695	-0.00743440	0.01513280	-0.01195481	0.00000000	-0.00155997	0.00000000	0.00000000	0.00000000	0.00000000	-0.01688596	0.00000000	-0.07762111	0.00000000	0.01460948	0.00000000	-0.03198916	0.00000000	-0.02316955	-0.04776344	0.00000000	0.00000000	0.00000000	0.01830551	0.00000000	-0.03587177	-0.03166580	0.00000000	0.06346807	0.00000000	-0.03299198	0.00000000	0.00000000	0.01911093	0.05659290	-0.04980767	-0.02792151	0.00000000	-0.01250631	0.00186062	0.00000000	0.00000000	-0.06892532	-0.03143064	0.00000000
chr4	153247289	driver	G	A	-0.12037358	0.00000000	-0.00408988	-0.04778090	-0.00863849	0.00000000	-0.00107116	-0.05139560	0.00000000	0.03452611	-0.05353071	-0.02544571	0.00000000	0.00000000	0.00000000	-0.08854792	-0.04916294	0.00000000	0.03244992	-0.01047540	-0.05389208	0.03261814	0.00000000	0.00000000	0.03783774	0.00000000	0.00000000	-0.02594273	0.00000000	-0.01218900	-0.02735725	-0.03424501	-0.03967167	0.05270430	0.03380258	-0.06696440	-0.00833104	0.00000000	0.00000000	0.00000000	0.06269154	-0.03493854	-0.05367819	0.00000000	0.03495665	0.00000000	0.02221562	0.00000000	0.03064358	-0.02497510	0.00000000	-0.08530435	0.00971073	0.00000000	0.04156707	0.00000000	-0.13671409	-0.06744963	-0.01775252	-0.00804064	-0.02456057	0.05411083	0.00000000	-0.01623625	0.03738802	-0.03536554	-0.00436085	0.00000000	0.00000000	0.02105616	-0.00691225	0.00000000	-0.03395221	-0.00129348	0.00000000	-0.02499354	0.00000000	0.03764239	-0.08679123	0.00000000	-0.06866704	0.01026501	0.00000000	-0.04825695	0.00000000	0.00000000	0.00000000	0.00000000	0.01319337	0.00000000	-0.02153429	-0.10000789	0.00000000	0.00000000	0.00606328	0.00603541	-0.01021895	0.00000000	0.00000000	0.02161132	0.00000000	0.00307666	-0.03870367	0.00000000	-0.01052986	0.00000000	-0.00211246	0.05897554	-0.07638307	0.00000000	-0.03561246	0.00000000	-0.09654292	-0.01504564	0.00000000	0.06451938	0.00000000	0.00000000	-0.07781240	-0.00323477	0.00000000	0.03202192	0.00000000	0.00053523	0.00294991	0.00000000	-0.00026159	-0.00828166	0.00000000	0.00000000	0.00000000	0.00000000	0.00000000	-0.05456977	0.00000000	-0.02025712	0.04776137	0.00000000	0.02070932	0.00000000	0.04353251	-0.01156189	-0.03989762	0.00000000	-0.00133644	-0.02200228	-0.01227882	-0.13857640	-0.03316715	-0.06021088	0.02556634	-0.04458323	0.00000000	0.00000000	0.02823878	0.00000000	-0.03315834	0.00117439	0.02232435	0.00000000	0.01901074	0.07751428	0.00000000	0.03537434	-0.01314098	-0.00415820	-0.07036459	0.00000000	-0.17008904	0.00000000	-0.12462381	-0.04263011	-0.05355400	0.00000000	0.00000000	0.00000000	-0.01957533	0.00000000	0.08499611	-0.01604415	0.06600764	0.00721470	0.00000000	0.04558265	-0.04130233	-0.01250392	0.00000000	0.00000000	0.05639421	0.00000000	0.02874349	-0.01162020	0.00000000	0.00000000	0.00000000	0.00000000	0.00000000	0.00373340	-0.14052868	-0.05558722	0.00000000	0.00000000	0.00000000	0.00000000	0.06713630	0.00399493	0.01613110	0.00000000	0.00000000	-0.00434048	0.00000000	0.00000000	0.08722956	-0.09722468	-0.04671116	0.00000000	0.00981785	0.00000000	0.00000000	0.00000000	0.00000000	0.00845801	0.00000000	-0.06097341	0.00000000	0.00614484	0.00000000	-0.02657805	0.00000000	-0.01071702	0.00699224	0.00000000	0.00000000	0.00000000	-0.00996409	0.00000000	-0.02481362	0.00728825	0.00000000	-0.12770361	0.00000000	0.02499649	0.00000000	0.02758269	0.03653218	-0.03834464	0.03766990	-0.05855882	0.00000000	0.02558067	-0.05356967	0.00000000	0.03137196	-0.14274579	0.00000000	0.00000000
chr4	153244091	passenage	C	T	-0.05400312	0.00000000	0.02266104	-0.00043074	0.00091353	0.00000000	0.03935317	-0.04546639	0.00000000	0.00000000	-0.13062790	0.01670544	0.00000000	0.00000000	0.00000000	-0.01163022	0.00000000	-0.00180056	-0.11281725	-0.09505081	-0.00830850	-0.10273235	0.00565603	0.00000000	0.01965761	0.00000000	0.00000000	-0.04462114	0.00000000	-0.01499791	0.07238467	0.00879715	0.02599227	0.00000000	-0.09775624	0.03356235	0.00000000	0.00637519	0.00000000	0.00000000	-0.08442014	-0.04023933	0.00000000	0.00000000	-0.01594091	0.00000000	0.00000000	0.00000000	-0.04699031	-0.02546986	0.00000000	-0.04181179	0.00000000	0.00000000	-0.06812844	0.00000000	0.04596887	0.02705380	-0.01494599	-0.01726597	0.00000000	0.00359881	0.00000000	0.00051332	0.04708526	0.05640488	0.00000000	-0.05723597	-0.08152144	0.03152211	-0.08282718	0.00000000	-0.00458532	0.00521880	0.00000000	0.03047806	0.00000000	-0.08002266	-0.01602334	0.00000000	-0.00325463	0.01448452	-0.01736961	0.00000000	0.00328283	0.00000000	-0.04099458	-0.02628925	-0.07417198	0.00000000	-0.03408927	0.02346915	0.00000000	0.00000000	0.00000000	0.03552563	0.01591899	0.00000000	0.00000000	-0.03870469	0.00000000	0.00000000	-0.06255539	0.00000000	-0.03273645	0.00000000	-0.03938717	0.00000000	0.04423309	-0.06408504	-0.04100257	0.00000000	-0.00764170	0.07631610	0.00000000	0.02996171	0.00000000	-0.04227614	-0.06251992	0.01254338	0.00000000	0.02385264	0.02147367	0.09197381	-0.01359759	0.00000000	0.00000000	0.05525049	-0.01594304	0.04216779	0.00000000	0.00000000	0.00000000	-0.05927287	0.00000000	-0.07804507	-0.01895082	0.00000000	0.00667715	0.00000000	0.00000000	0.00000000	-0.05833724	0.00000000	0.01317057	-0.01610154	-0.01935142	0.03262134	-0.05534816	0.00972779	0.13481034	0.01688723	0.00000000	0.00000000	-0.00411685	0.00000000	-0.02339862	0.00000000	-0.17917174	0.05112958	0.02183735	0.02683775	0.00000000	0.09527972	0.08950953	0.03286301	0.03074628	-0.02228675	0.01423782	0.00000000	-0.00397730	-0.07184956	0.05832341	0.02618346	0.00000000	0.00000000	0.01078713	0.00000000	0.00060302	0.02156241	0.00000000	0.02731447	0.00000000	-0.09971256	-0.05191137	0.03454012	0.01911819	0.00000000	0.04005649	0.00000000	0.00000000	0.00000000	0.00000000	0.00000000	-0.03998105	0.00000000	0.00000000	-0.04287840	-0.05766645	-0.04812822	0.00000000	0.00000000	0.00000000	0.00000000	-0.00912979	-0.07660268	-0.00190804	-0.00439794	0.00000000	-0.00119001	0.00000000	0.00000000	0.00000000	0.04191567	-0.04793739	0.03995799	0.00361189	0.00000000	-0.01219676	0.00000000	0.00000000	-0.16713788	-0.06040832	0.00000000	0.00000000	-0.00265509	0.00000000	-0.04969519	0.00000000	-0.10436332	-0.06136210	0.00000000	0.00000000	0.00000000	-0.07404485	0.00000000	-0.05084705	0.03310716	0.00000000	-0.04851466	0.00000000	0.00785676	-0.03682248	0.00000000	-0.01813512	-0.05304913	-0.05333675	0.02157086	0.00000000	-0.04160672	-0.03850356	0.00000000	0.00000000	-0.02846467	-0.02587824	0.00000000
chr4	153249393	passenage	G	T	-0.00717925	0.00000000	0.03027214	0.04175819	-0.02351150	0.00422253	-0.03452747	-0.00154939	0.00000000	0.00000000	-0.03727693	-0.04466406	0.00000000	0.00000000	0.00000000	-0.03619172	0.00000000	0.00000000	0.11692317	-0.06644384	0.04914415	0.03815749	0.01025122	0.00000000	-0.00290954	0.00000000	0.00000000	0.05724606	0.00000000	-0.01100472	0.04756629	0.03612533	0.04304720	0.05462812	-0.02395363	0.03138211	0.06943178	0.00000000	0.00000000	0.00000000	0.05810300	-0.00366949	0.00000000	0.00000000	0.00000000	0.00000000	0.00000000	0.00000000	0.00209016	0.07804781	0.00000000	0.06285745	0.00197106	0.00000000	-0.00192848	0.00000000	-0.10619439	0.00927061	-0.00931784	0.00923777	-0.02320606	0.06267707	0.00000000	0.08316945	-0.06872620	0.02174572	0.00000000	0.00000000	0.00000000	0.08822563	0.00499228	0.00000000	-0.02766305	-0.02186155	0.00000000	0.02804469	0.00000000	-0.05203021	0.05836505	0.00000000	0.01141660	0.03612202	0.00000000	0.00000000	0.00000000	0.02950632	0.00000000	0.00000000	0.06844327	0.00000000	-0.08487276	-0.03884546	0.00000000	0.00000000	0.00000000	-0.02975349	-0.02436787	0.00000000	0.00000000	-0.11747672	0.01052993	0.01229279	0.06799305	0.00000000	-0.00750447	0.00000000	0.09559155	0.00000000	0.01857888	0.00000000	0.02324979	0.00000000	-0.01306167	-0.00292234	-0.00636445	0.03314872	0.00000000	0.06168370	-0.01837821	-0.03188106	0.00000000	-0.09692103	0.01310168	0.02808064	0.02079633	0.00000000	0.00000000	0.06149827	0.00000000	-0.02196049	0.00000000	0.00000000	0.00000000	0.05774936	0.00000000	-0.02079146	-0.03162031	0.00000000	-0.08089909	0.00000000	0.00000000	-0.04225667	0.11833283	0.00000000	0.00153214	-0.00816140	0.04822844	0.05825603	-0.01539457	0.12936082	-0.00182005	-0.06367469	0.00000000	-0.05150539	0.05913622	0.00000000	0.00583464	0.00000000	0.09091623	0.00000000	0.02499264	-0.01100469	0.00000000	-0.05156109	-0.00385380	0.01951656	0.07917327	0.00000000	0.03790770	0.00000000	-0.07348700	-0.04697264	0.01276398	-0.01784043	0.00000000	0.00000000	-0.00016251	0.00000000	0.02291548	-0.00141880	0.00000000	0.00000000	0.00000000	0.02864894	0.10486396	-0.06521015	0.00000000	0.00000000	0.04384021	0.00000000	-0.00463114	-0.01321051	0.00000000	0.00000000	-0.01071489	0.00000000	0.02389402	-0.02414184	-0.01418805	-0.04921426	0.00000000	0.00000000	0.00000000	0.00000000	0.04113966	0.00510299	0.08068807	0.00000000	0.08275367	-0.00839652	0.00000000	0.01194674	0.00000000	-0.06937222	0.00099735	0.00000000	0.05364275	0.00000000	0.00000000	0.00000000	0.00000000	0.09587260	0.00000000	-0.03097111	0.00000000	0.03242636	0.00000000	0.00255766	0.00000000	0.05015525	0.07778761	-0.01166942	0.00000000	0.00000000	0.08372670	0.00000000	-0.01561034	0.03854449	0.00000000	-0.00990248	0.00000000	-0.05242008	0.00000000	0.00000000	0.01233976	0.08883865	0.00878896	0.04528698	0.00000000	0.02329808	-0.00026505	0.01048640	0.00000000	0.02040029	0.00127710	0.00000000
chr4	153249384	driver	C	T	-0.03277492	0.00000000	0.02316481	-0.05394895	-0.01723406	-0.01912266	0.00215641	-0.00101639	0.00000000	0.00000000	-0.00693963	0.01007058	0.00000000	0.00000000	0.00000000	-0.05294412	0.00150770	0.00000000	0.04940193	-0.03277978	-0.02678575	-0.05758569	-0.01647203	0.00000000	-0.03893875	0.00000000	0.00000000	0.00479111	0.00000000	-0.00192736	0.04664318	-0.02645978	-0.00792874	0.01807532	-0.06801415	-0.04932556	0.02326041	0.00000000	0.00000000	0.00000000	0.03795168	-0.01913917	0.00000000	0.00000000	0.00000000	0.00000000	0.00000000	0.00000000	-0.03829357	0.01904850	0.00000000	0.01388174	0.00000000	0.00000000	-0.00223465	0.00000000	-0.01954627	-0.03206256	0.01116476	0.03159609	-0.04682659	0.01078866	0.00000000	-0.04770710	0.05878551	0.03021768	-0.02637091	0.00000000	0.00000000	0.04319927	-0.01595563	0.00000000	-0.00652111	0.00283270	0.00000000	-0.03603944	0.00000000	0.01784271	-0.00625897	0.00000000	-0.03258374	0.06178989	0.00000000	0.00000000	0.00000000	0.00000000	0.00000000	0.00000000	0.01230508	0.00000000	0.02236573	-0.02991559	0.00000000	0.00000000	0.00000000	-0.01274773	-0.01940852	0.00000000	0.00000000	-0.07761171	-0.01384458	0.00000000	-0.01685998	0.00000000	-0.03505723	0.00000000	-0.06996065	0.07421641	0.00665130	0.00000000	-0.05654982	0.00000000	-0.02766511	0.03892709	-0.00555025	0.00000000	0.00000000	0.02793903	-0.11001515	-0.01139270	0.00000000	-0.03372215	0.00000000	0.06787127	-0.06162187	0.00000000	0.00000000	-0.04067205	0.00000000	0.00074611	0.00000000	0.00000000	0.00000000	-0.06750312	0.00000000	-0.01477826	0.07797378	0.00000000	-0.05484879	0.00000000	0.00000000	-0.01757785	0.02480203	0.00000000	0.02246201	0.01224509	0.00487265	-0.08293918	-0.06875822	-0.00003964	-0.05070389	-0.02953775	0.00000000	0.03800105	0.01286986	0.00000000	-0.00635615	0.00000000	-0.03050844	0.00000000	0.02712363	0.06986152	0.00000000	0.05471586	0.00000000	-0.05399522	-0.04024555	0.00000000	-0.10715017	0.00000000	0.06028877	-0.00509849	0.03263426	0.00000000	0.00000000	0.00000000	-0.01853451	0.00000000	0.04550334	-0.06333045	0.00000000	0.01187083	0.00000000	0.02677763	0.06975121	-0.09870143	0.00000000	0.00000000	0.00988144	0.00000000	-0.02458242	-0.02919702	0.00000000	0.00000000	0.01473502	0.00000000	0.03755742	0.04919926	0.04040244	0.00124860	0.00000000	0.00000000	0.00000000	0.00000000	-0.00257938	0.03426104	-0.03641364	0.00000000	0.00000000	0.02372207	0.00000000	0.00213090	0.00000000	0.02711907	-0.06462529	0.00000000	-0.04788315	0.00000000	0.00000000	0.00000000	0.00000000	-0.03585786	0.00000000	-0.07551731	0.00000000	-0.03718698	0.00000000	-0.03725144	0.00000000	-0.06820300	-0.00079639	0.00000000	0.00000000	0.00000000	-0.01272513	0.00000000	-0.01444504	0.01001912	0.00000000	0.07959508	0.00000000	0.02074513	0.00000000	0.00522707	0.00788045	-0.00766870	0.00681652	-0.06172885	0.00000000	-0.01096898	0.07523274	0.00000000	0.00000000	-0.06821036	-0.02068479	0.00000000
chr4	153251965	passenage	T	C	-0.00733918	0.00000000	-0.02429814	-0.02374655	-0.02860782	0.00000000	0.00561152	-0.01417932	0.00000000	0.00000000	0.02087812	0.01097560	0.00000000	0.03472295	0.00000000	-0.01270776	0.00000000	0.00000000	0.02060480	-0.09293424	0.00112673	0.03209066	0.00000000	0.00000000	0.09614616	0.00000000	0.00000000	0.00616926	0.00000000	-0.01843774	-0.01950683	0.04225457	0.01957812	-0.00619383	0.09648277	0.00017068	-0.03133411	0.00000000	0.00000000	0.00000000	-0.01475378	0.17192440	0.00000000	0.00000000	0.00000000	0.00000000	0.00000000	0.00000000	-0.00150438	0.01360856	0.00000000	0.07051927	-0.02646975	0.00366228	0.01075915	0.00000000	-0.00815906	-0.06123054	-0.00478728	0.05074666	-0.03206073	-0.05944683	0.00000000	0.03097665	-0.04737201	-0.04234610	-0.04446486	0.00000000	0.00000000	-0.04630813	-0.01595335	0.00000000	-0.00726062	-0.03960222	0.00000000	0.01239955	0.00000000	0.07404184	0.05821536	0.00000000	0.01673785	-0.03414281	0.00000000	-0.02046257	0.00000000	0.00000000	0.00000000	0.00000000	0.05947372	0.00000000	0.03854663	0.07386014	0.00000000	0.00000000	0.00000000	-0.02768689	0.04778507	0.00000000	0.00000000	-0.08559334	0.00000000	-0.01106862	0.01678634	0.00000000	-0.03725191	0.00000000	0.10911410	0.00019844	0.03958930	0.00000000	0.04146591	0.00000000	0.13970339	-0.03902198	-0.00011676	0.00000000	0.00000000	-0.00081276	0.04394519	0.00495937	0.00000000	0.05188094	0.00000000	-0.07414460	0.08739144	0.00000000	0.00000000	-0.04451570	0.00000000	0.00000000	0.00000000	0.00000000	0.00000000	-0.04683332	0.00000000	-0.01075736	-0.04793203	0.00000000	0.02751514	0.00000000	0.00000000	0.03416576	0.01642564	0.00000000	0.00000000	-0.00954671	-0.03816450	0.00885817	0.00854319	-0.01553124	0.05139072	-0.07639727	-0.02349325	0.00000000	0.04002279	0.00000000	0.01031128	0.00000000	0.05543506	0.00000000	-0.00548409	0.00409121	0.00000000	0.03683157	0.00000000	0.07002926	0.01812565	0.00000000	-0.04200187	0.00000000	-0.04520270	-0.01384689	-0.05156761	0.00000000	0.00000000	0.00000000	-0.04716480	0.00672923	0.05949825	0.10256127	-0.03723150	0.00000000	0.00000000	0.01676556	0.03110833	0.02769381	0.00000000	0.00000000	0.02985446	0.00000000	0.00000000	0.00000000	0.00000000	0.00000000	0.00000000	0.00000000	0.00000000	-0.03852981	0.11396733	0.02100152	0.03029099	0.00000000	0.00000000	0.00000000	-0.07285410	0.03736143	-0.00773378	0.00000000	-0.00824123	-0.03794996	0.00000000	0.00000000	-0.01792841	-0.00072832	-0.04797431	0.00000000	-0.01472910	0.00000000	0.00000000	0.00000000	0.00000000	0.13051249	0.00000000	-0.04527185	0.00000000	-0.03885670	0.00000000	0.05363438	0.00000000	0.12372874	0.01983731	0.00000000	0.00000000	0.00000000	-0.03161460	0.00000000	0.07510947	-0.03766938	0.00000000	-0.01858412	0.00000000	0.00000000	0.00000000	0.04498113	-0.02798462	-0.04928485	-0.07736030	0.00243342	0.00000000	-0.05155206	0.00356292	0.00000000	-0.00443142	-0.02792263	0.00000000	0.00000000
chr2	209116179	passenage	G	A	0.07970488	0.00000000	0.00245339	0.03583570	0.00825777	-0.00778987	0.01820625	0.00000000	0.00000000	-0.00258447	-0.00955535	-0.01064612	0.00000000	0.00000000	0.00000000	-0.09521258	0.00871280	0.00000000	-0.05159047	0.00110025	-0.05256578	-0.01827571	0.00000000	-0.00465755	-0.08451875	0.00000000	-0.06570852	-0.00874683	0.00000000	-0.00557871	-0.05204787	0.00790076	-0.02567740	0.00000000	-0.01956072	0.08325597	-0.00805686	-0.15770036	0.00000000	-0.05631439	0.02060528	0.02567351	0.00000000	0.00000000	0.00000000	0.00000000	0.00000000	0.00000000	0.07696223	0.02919292	-0.08921972	0.00222699	0.01134180	0.00000000	-0.04846484	0.00000000	0.08870474	0.07687365	0.00000000	0.02843530	0.00000000	0.02338120	0.00000000	0.00393739	0.05086377	0.02300382	0.00000000	-0.04035304	0.00000000	0.01874539	-0.10220315	0.00000000	-0.02950200	-0.03298017	0.00000000	-0.10106012	0.00000000	0.01944599	0.07431522	0.00000000	-0.06898376	-0.04186818	0.00000000	0.00000000	0.00000000	-0.01965538	-0.18739305	-0.10828725	0.05093860	0.00000000	-0.05594542	-0.02613086	0.00000000	0.00000000	-0.01867288	-0.01053474	0.02095310	0.00000000	0.00000000	0.07287303	0.01496959	0.00000000	0.09150343	0.00000000	-0.02833445	0.00000000	-0.01859795	0.00000000	-0.01432733	-0.07338980	0.00435489	0.00000000	0.04560038	-0.01290341	0.00000000	0.00000000	0.00000000	0.00830038	0.00344111	-0.02741443	0.00000000	0.00340609	0.00000000	0.03205471	0.00924692	0.00000000	0.00000000	0.00508599	0.02916268	0.00000000	0.00000000	0.00000000	0.00000000	-0.04857301	0.00000000	-0.07467210	-0.00694099	0.00000000	-0.04017751	0.00000000	0.00000000	0.00867613	0.12169597	0.00000000	-0.05731675	0.10145140	-0.11078694	0.08445654	0.02053273	0.04160577	0.01345939	-0.00253613	0.00000000	0.00000000	-0.06120549	0.00000000	0.00000000	-0.06229956	-0.10354714	0.00000000	0.00000000	-0.08260423	0.03755508	0.00030464	0.00000000	0.03097545	-0.05522946	0.00020333	-0.03221858	0.00000000	-0.00915486	-0.03079975	0.08959954	0.01571141	0.00000000	0.00000000	0.01992482	0.00000000	-0.04081668	-0.01084360	-0.01289247	-0.01184620	0.00000000	-0.08284745	0.01853691	-0.05191115	0.00000000	0.00000000	-0.00357119	0.00000000	0.00000000	0.00000000	0.00000000	-0.05667103	0.00000000	0.00000000	0.01048858	-0.02875539	-0.03741506	0.00000000	0.00000000	0.00000000	0.00000000	0.00000000	0.04544353	-0.05264327	-0.01763460	0.00000000	0.00000000	0.01689783	0.00000000	0.00000000	0.00000000	0.00597540	0.03643674	0.00000000	0.03667983	0.00000000	0.02338801	0.00000000	0.00000000	-0.01580521	-0.19825149	-0.01024292	0.00000000	-0.02105271	0.00000000	-0.03484479	0.00148030	-0.01572886	0.03927742	0.00000000	0.00000000	-0.01098529	0.06003380	0.00000000	0.02543443	-0.00676616	0.00000000	-0.00079721	0.00000000	0.03331513	-0.02292241	0.00060234	-0.01405437	-0.05485487	0.00363676	0.01902466	0.00000000	0.05260458	0.04335935	0.00000000	0.00000000	0.08331876	-0.05524343	0.00000000
chr2	209113112	driver	C	A	0.03897529	0.00000000	0.06648761	-0.04417311	0.04508109	0.00000000	-0.00225479	0.00000000	0.00000000	0.00000000	-0.02337623	-0.01222251	0.00000000	0.00000000	0.00000000	0.07255197	-0.03125916	0.00000000	-0.03543221	-0.01390830	-0.05695182	-0.11481722	0.00000000	0.00000000	-0.07330028	0.00000000	-0.14899315	0.04958808	0.00000000	-0.01512678	0.03071509	0.04275873	0.11895449	0.00000000	0.18165562	-0.06623820	-0.00164607	-0.18109925	0.00000000	0.00000000	0.03198081	-0.07219770	0.00000000	0.00000000	0.00000000	0.00000000	0.00000000	0.00000000	-0.00160265	-0.09767812	-0.19854158	0.03949585	0.00000000	0.00000000	0.12229955	0.00000000	-0.00362627	0.01742688	-0.02593414	0.06071824	0.00000000	0.13052708	0.00000000	-0.05923629	-0.10501391	0.12179878	0.00000000	-0.08401436	0.00000000	0.06988065	-0.17095017	0.00000000	-0.02446383	-0.05488336	0.00000000	-0.06454378	0.00000000	-0.06968487	-0.03667649	0.00000000	0.02503803	-0.00719771	0.00000000	0.00000000	0.00000000	0.00000000	-0.15167302	-0.09542479	0.04385877	0.00000000	-0.01888468	-0.00652242	0.04960667	0.00234992	0.00000000	0.00322381	0.06240420	0.00000000	0.00000000	-0.04445037	-0.04530750	0.00866910	-0.04350427	-0.03100147	-0.03479236	0.00000000	0.05035946	0.00000000	0.02730823	-0.04999881	0.02909696	0.00000000	0.07125703	0.09666842	0.03013716	0.00000000	0.00000000	0.00000000	0.01403254	-0.00086552	0.00000000	-0.03731400	0.00000000	0.04536808	-0.04010385	0.00000000	-0.05428359	0.00104553	0.00000000	0.00000000	0.00000000	0.00000000	0.00000000	0.04652537	0.00000000	-0.01363800	0.15003741	0.00000000	0.07467099	0.00000000	0.00000000	0.00180192	0.14441125	0.00000000	-0.01479000	0.12661397	-0.02471608	-0.05532449	0.08549502	0.00126994	-0.00022514	0.00999507	0.00000000	0.00000000	-0.00244814	0.00000000	0.01600826	-0.04684379	0.15746734	0.00000000	0.00394320	-0.01513888	0.00000000	0.02950843	0.00000000	0.01638117	-0.15008166	-0.00970022	-0.02249406	0.00000000	-0.03843963	0.01267669	0.13396989	-0.05191045	0.00000000	0.00000000	0.02725711	0.00000000	0.05699304	0.00506148	0.00000000	-0.04676541	0.00000000	0.09701043	-0.12154143	0.07041720	0.00000000	0.00000000	-0.06134690	0.00673602	-0.02374136	0.00000000	0.00000000	0.00000000	-0.02948861	0.00000000	0.00000000	0.01788175	-0.09340356	0.01586574	0.00103511	0.00000000	0.00000000	0.00000000	-0.00664422	0.05645397	0.09297934	-0.05590326	0.00916678	-0.06982821	0.00000000	0.00000000	0.00000000	0.03006515	0.04183255	0.00000000	-0.03077807	0.00000000	-0.03791723	0.00000000	0.00000000	-0.06504276	-0.18571980	0.00744259	0.00000000	0.09894319	0.00000000	0.00957093	0.00000000	0.04542509	0.04022428	0.00000000	0.00000000	0.00000000	0.01600766	0.00000000	0.00951687	0.12587632	0.00000000	-0.09793746	0.00000000	0.04516499	-0.02780905	0.01941550	0.06516435	-0.06232214	-0.00366393	0.00780030	0.00000000	0.10875860	0.05139757	0.00000000	0.00000000	0.15947117	-0.02760457	0.00000000
chr2	209113112	driver	C	T	-0.00056663	0.00000000	0.09436671	0.01495446	0.02952862	0.00096915	0.01988741	0.02405832	0.00000000	0.00000000	-0.04718524	0.01992442	0.00000000	0.00000000	0.00000000	0.00480413	-0.03098661	0.00000000	-0.13145323	-0.01988813	-0.00581458	-0.06566799	0.00000000	0.00000000	-0.03569983	0.00000000	-0.07900669	0.03851682	0.00000000	-0.02076280	0.00423209	0.03383008	0.06860334	0.00000000	0.13866895	-0.04303625	-0.00164607	-0.07746321	0.00000000	0.00000000	-0.00329739	-0.08986976	0.00000000	0.00000000	0.00000000	0.00000000	0.00000000	0.00000000	0.01928484	-0.04206784	-0.14475700	0.01879659	0.00000000	0.00000000	0.06917140	0.00000000	0.03643215	0.00830202	-0.02710842	0.00183540	0.00000000	0.09878923	0.00000000	-0.06260505	-0.04068475	0.09471706	0.00000000	-0.04950204	0.00000000	-0.03683858	-0.11718073	0.00000000	0.02547966	-0.02132699	0.00000000	-0.05093586	0.00000000	-0.05530137	0.08644459	0.00000000	-0.02167088	0.02895916	0.00000000	0.00000000	0.00000000	0.00000000	-0.08682960	-0.03458352	0.01980260	0.00000000	-0.03408062	0.00748822	0.05551446	0.00000000	0.00000000	0.05572018	0.07849044	0.00000000	0.00000000	0.03444453	-0.04372581	0.03022538	0.00323117	-0.02080901	-0.01685987	0.00000000	0.06712347	0.00000000	0.03223111	0.01099252	0.04293942	0.00000000	0.01414982	0.08654112	-0.03226120	0.00000000	0.00000000	0.00000000	0.03874217	-0.02056260	0.00000000	0.01485699	0.00000000	-0.10045813	-0.03537947	0.00000000	-0.01685211	-0.02860042	0.00000000	0.00000000	0.00000000	0.00000000	0.00000000	0.03538869	0.00000000	-0.10275240	0.03192282	0.00532654	0.10396533	0.00000000	0.00000000	-0.04631416	0.04845893	0.00000000	-0.02369782	0.09861735	-0.00113857	-0.03335581	0.01453090	0.01473618	0.00160669	-0.05389950	0.00000000	0.00000000	0.01243750	0.00000000	-0.03537530	-0.02210213	0.10930260	0.00000000	-0.03221170	-0.11461911	0.00000000	-0.01556474	0.00000000	0.00800049	-0.01511925	-0.00970022	0.01286311	0.00000000	0.01684929	0.00393364	0.01136555	-0.00194623	0.00000000	0.00000000	0.00941420	0.00000000	0.03660518	0.03929576	0.05291741	0.00420752	0.00000000	0.04209942	-0.05592029	0.07879439	0.00000000	0.00000000	0.01498622	0.02916109	-0.02803865	0.00000000	0.00000000	0.00000000	-0.05460182	0.00000000	0.00000000	-0.00710428	-0.01676530	0.00000000	0.00000000	0.00000000	0.00000000	0.00000000	0.01130484	-0.00757656	0.04032577	-0.03136419	0.01788499	-0.04892860	0.00000000	0.00000000	0.00000000	0.01995800	0.07106127	0.00000000	0.01677454	0.00000000	-0.03784917	0.00000000	0.00000000	0.00816377	-0.12491439	-0.00591560	0.00000000	-0.00159311	0.00000000	0.00613672	0.00000000	0.04315600	-0.00668077	0.00000000	0.00000000	0.00000000	-0.03679547	0.00000000	0.00906706	0.06198841	0.00000000	-0.11242688	0.00000000	-0.02943549	-0.00160445	0.00000000	0.01155294	-0.00693023	0.01044378	0.08405638	0.00000000	0.04701582	0.07747842	0.00000000	0.00000000	0.08465545	0.02380383	0.00000000
chr2	209108281	passenage	C	T	0.00363964	0.00000000	0.00044348	0.03394828	-0.00437582	0.00274769	0.01039891	0.00000000	0.00000000	0.00000000	0.06384109	0.00346015	0.00000000	0.00000000	0.00000000	-0.01638973	0.00000000	0.00000000	-0.00491409	-0.01745283	-0.03369685	0.00298327	-0.04143658	0.00000000	-0.13591810	0.00000000	-0.04023957	0.03164621	0.00000000	0.01416855	-0.01994520	-0.00870092	-0.03110144	0.00000000	0.06505774	0.04300696	0.00395470	-0.07327825	0.00000000	-0.03641601	-0.02255743	0.01096554	0.00000000	0.00000000	0.00000000	0.00000000	0.00000000	0.00000000	0.00634167	-0.00086711	-0.01996875	0.03768387	0.00000000	0.00000000	-0.03741187	0.00000000	0.03667922	0.08038716	0.00000000	0.00427538	0.00000000	-0.05066621	0.00000000	0.04374027	0.00000000	-0.02429096	0.00000000	-0.03501177	0.00000000	0.01353254	0.03731370	0.00000000	-0.01747823	0.02815565	0.00000000	0.00607452	0.00000000	-0.01874384	0.02036484	0.00000000	0.03244343	0.02239382	0.00000000	0.00000000	-0.01135963	0.00000000	-0.03391838	-0.03373232	-0.04040197	0.00000000	-0.07708956	0.03487214	0.01204509	0.00000000	-0.04802142	0.01365396	-0.02265495	0.00000000	0.00000000	0.02649089	-0.03210231	-0.01480831	-0.00903860	0.00000000	-0.00800560	0.00000000	-0.01790772	0.00000000	-0.05893928	-0.05663515	0.02271143	0.00000000	-0.04302710	0.00609483	-0.00967385	0.00000000	0.00000000	-0.00935801	0.00064982	-0.03669733	0.00000000	0.00483447	0.00000000	0.07434203	0.06998208	0.00000000	-0.01746486	0.00420178	0.00000000	0.01350260	0.00000000	0.00000000	0.00000000	-0.02846627	0.00000000	0.01509324	0.09408435	0.00000000	0.01268756	0.00000000	-0.03484524	0.00812267	0.00676970	0.00000000	0.02398639	0.07145666	0.02284874	0.06323700	0.01526558	-0.01082486	-0.02567148	-0.05071078	0.00000000	0.00000000	-0.00301314	0.00000000	0.00037559	-0.02759513	-0.04735360	0.00000000	-0.01608971	-0.05471901	0.00000000	-0.02829260	-0.03853077	0.01494923	-0.02240722	0.00000000	-0.00499243	0.00000000	-0.02412301	0.03672793	-0.03236249	-0.01541000	0.00000000	0.00000000	0.00412890	0.00000000	0.00548011	-0.01288132	0.00000000	-0.00656267	0.00000000	0.04689470	-0.04836278	0.01615727	0.00000000	0.00000000	-0.00671810	0.00000000	0.00957326	-0.01149551	0.00000000	0.00000000	0.02057206	0.00000000	-0.01941094	-0.02333155	-0.04634549	-0.02736439	0.00000000	0.00000000	0.00000000	0.00000000	-0.00677322	-0.05373755	-0.01093881	0.00000000	0.00000000	0.01689214	0.00000000	0.00000000	0.00000000	0.04685472	-0.00805573	0.00000000	-0.02266350	0.00000000	-0.00843180	0.00000000	0.00000000	-0.01196180	-0.05865002	-0.00120876	0.00000000	0.02904772	0.00000000	-0.02850885	0.00000000	0.02239680	-0.01732045	-0.02078849	0.00000000	-0.01535472	0.04349180	0.00000000	0.03086826	0.00508259	0.00000000	0.01059902	-0.03182582	-0.07342523	-0.02446963	0.01943535	-0.00974946	0.01904795	0.00900419	-0.00668176	0.01011052	0.01810664	0.01790315	0.00000000	0.01283013	0.04605111	0.00073889	0.00000000
chr2	209113113	driver	G	A	0.00442062	0.00000000	0.03436192	-0.00858254	0.04717764	0.00000000	-0.02218676	0.05308893	0.00000000	0.00000000	0.00580337	0.00159945	0.00000000	0.00000000	0.00000000	0.09548169	-0.04054162	0.00000000	-0.04096416	0.07944421	-0.00627872	-0.00473514	0.00000000	0.00000000	0.01218314	0.00000000	-0.09242208	0.03370160	0.00000000	-0.00980262	0.00030684	0.01489314	0.08003101	0.00000000	0.13237765	0.03468686	-0.00784960	-0.06950158	0.00000000	0.00000000	-0.03731056	-0.06416892	0.00000000	0.00000000	0.00000000	0.00000000	0.00000000	0.00000000	-0.03403361	-0.12282130	-0.13183248	0.06411292	0.00000000	0.00000000	0.06159809	0.00000000	0.02733921	-0.00149797	0.01074943	0.09861283	0.00000000	0.01763692	0.00000000	0.05048922	-0.06526925	0.03795957	0.00000000	-0.08231640	0.00000000	0.05755943	-0.08032688	0.00000000	0.04771543	0.04985788	0.00000000	0.01101917	0.00000000	-0.02201633	-0.04273022	0.00000000	0.03365704	0.02272376	0.00000000	0.00000000	0.00000000	0.00000000	-0.08286592	-0.01785706	0.03776748	0.00000000	-0.04273164	0.00895974	0.01708999	0.00000000	0.00000000	0.05283311	0.08602081	0.00000000	0.00000000	0.08798138	-0.05940498	0.00000000	-0.04370277	-0.03448453	-0.00287066	0.00000000	0.08209950	0.00000000	0.08234479	-0.06422508	-0.00380293	0.00000000	0.01429962	0.12424393	0.01367562	0.00000000	0.00000000	0.00000000	-0.08146636	-0.05274075	0.00000000	0.12172869	0.00000000	0.00787142	0.01384676	0.00000000	0.01265475	-0.02846885	0.00000000	0.00000000	0.00000000	0.00000000	0.00000000	-0.00354924	0.00000000	0.00526097	0.05318749	0.00275605	0.08849169	0.00000000	0.00000000	-0.02174070	0.10667328	0.00000000	-0.00858572	0.02067307	0.11790529	-0.03171667	0.01978007	0.01404607	0.04108419	-0.03183225	0.00000000	0.00000000	-0.01500556	0.00000000	0.04361363	-0.03008612	0.04437934	0.00000000	0.00995930	-0.05991273	0.00000000	0.04591606	0.00000000	-0.01144418	0.07314282	0.00169508	0.05742675	0.00000000	-0.04723020	0.04515639	0.08745428	-0.01709564	0.00000000	0.00000000	0.04129633	0.00000000	0.09191489	0.00455032	0.00000000	0.01307406	0.00000000	0.08694267	-0.05244669	0.02915677	0.00000000	0.00000000	-0.01109496	0.00000000	-0.03106336	0.00000000	0.00000000	0.00000000	-0.10336314	0.00000000	0.00000000	-0.00203057	0.01069325	0.00770053	0.00000000	0.00000000	0.00000000	0.00000000	0.06012563	0.03540914	-0.01241280	0.00750801	0.03029691	-0.06352425	0.00000000	0.00000000	0.00000000	0.06840914	0.02528656	0.00000000	-0.07471570	0.00000000	-0.02264747	0.00000000	0.00000000	0.13640106	-0.05852377	-0.09355640	0.00000000	0.03215126	0.00000000	-0.00503844	0.00000000	0.09352404	-0.01832277	0.00000000	0.00000000	0.00000000	-0.01478025	0.00000000	-0.00984329	0.09614696	0.00000000	-0.01838362	0.00000000	-0.04981428	-0.07208209	0.00000000	0.05656103	-0.00025773	0.03236239	0.06433713	0.00000000	0.05814086	0.14721689	0.00000000	0.00000000	0.15083939	0.01544625	0.00000000
chr2	209113113	driver	G	T	0.00459971	0.00000000	0.07059763	-0.01850428	0.04291195	0.00000000	-0.01900993	0.06683096	0.00000000	0.00000000	0.02895627	-0.00454438	0.00000000	0.00000000	0.00000000	0.08730382	-0.03793431	0.00000000	0.02489695	-0.00071001	-0.02750432	-0.02464539	0.00000000	0.00000000	-0.02460656	0.00000000	-0.10575859	0.06342444	0.00000000	-0.01587582	0.02831073	0.00804496	0.05481778	0.00000000	0.14857501	-0.02565542	0.00042138	-0.10037531	0.00000000	0.00000000	-0.00045126	-0.13816768	0.00000000	0.00000000	0.00000000	0.00000000	0.00000000	0.00000000	-0.02535599	-0.07682523	-0.11721936	0.08663499	0.00000000	0.00000000	0.09986311	0.00000000	-0.01831394	0.01187778	0.00445724	0.11659269	0.00000000	0.02543721	0.00000000	-0.01470134	-0.05962349	0.13608865	0.00000000	-0.06899232	0.00000000	0.11655881	-0.16779578	0.00000000	0.07015646	-0.03296512	0.00000000	-0.05162442	0.00000000	-0.00517917	-0.00857976	0.00000000	-0.03611153	0.01628006	0.00000000	0.00000000	0.00000000	0.00000000	-0.06802207	-0.11015663	0.01588455	0.00000000	-0.05557508	-0.03246382	0.06393040	0.00000000	0.00000000	0.03538124	0.05355848	0.00000000	0.00000000	-0.00819449	-0.09018226	0.04632417	-0.02972569	-0.03448453	-0.04840635	0.00000000	0.07126381	0.00000000	0.10340814	-0.06349976	-0.01637378	0.00000000	0.09718728	0.16002341	0.00850589	0.00000000	0.00000000	0.00000000	-0.02064836	-0.01087479	0.00000000	0.03084311	0.00000000	0.02470234	-0.07902488	0.00000000	-0.03652388	-0.01863161	0.00000000	0.00000000	0.01041961	0.00000000	0.00000000	0.03042002	0.00000000	-0.02385841	0.05258000	0.02540438	0.04687911	0.00000000	0.00000000	-0.03310595	0.09090909	0.00000000	0.01497342	0.05539444	0.05628341	-0.08064850	0.06239161	0.05873770	0.01041097	-0.03574398	0.00000000	0.00000000	-0.01533943	0.00000000	0.05138634	-0.04287655	0.07683221	0.00000000	0.02507587	-0.04446943	0.00000000	0.04013897	0.00000000	-0.04987356	0.05564048	-0.00302945	0.00407603	0.00000000	-0.00949200	0.07815287	0.13556410	-0.00693829	0.00000000	0.00000000	0.07327442	0.00000000	0.03816056	-0.00296030	0.00000000	-0.03520311	0.00000000	0.05554375	-0.01963425	-0.00973698	0.00000000	0.00000000	0.00760740	0.00000000	-0.02365050	0.00000000	0.00000000	0.00000000	-0.03658460	0.00000000	0.00000000	0.00072971	0.02123338	0.05611868	0.00000000	0.00000000	0.00000000	0.00000000	0.04047273	-0.00032093	0.05972780	-0.02127352	0.01883890	-0.06449467	0.00000000	0.00000000	0.00000000	-0.01095796	0.08589785	0.00000000	-0.00906321	0.00000000	-0.03843632	0.00000000	0.00000000	0.11129955	-0.10866289	-0.03820473	0.00000000	0.08094510	0.00000000	0.02610525	0.00000000	0.08940801	-0.01816869	0.00000000	0.00000000	0.00000000	0.03714067	0.00000000	0.01303390	0.07375373	0.00000000	-0.04785374	0.00000000	-0.06303262	-0.01993084	0.00000000	0.04497991	-0.08089161	0.04661406	0.09350209	0.00000000	0.08700760	0.06013423	0.00000000	0.00000000	0.14464888	0.03010547	0.00000000
chr15	90631943	passenage	C	T	0.05616761	0.00000000	0.00000000	-0.02286711	-0.00249113	0.04568274	0.00000000	0.00000000	0.00000000	0.00000000	-0.06304769	0.02975490	0.00000000	0.00000000	0.00000000	0.05541992	-0.04170796	0.00000000	-0.01059377	0.00647517	-0.02807475	0.04843137	0.00000000	0.04527754	0.05209836	0.02200733	-0.05407023	0.00935309	0.00000000	0.01731537	0.03167135	-0.01992622	0.00298381	0.00000000	0.00706127	-0.01894730	-0.02875305	-0.06648460	0.00000000	-0.06961171	0.02617681	-0.00290126	0.00000000	0.00000000	0.00000000	0.00000000	0.00000000	0.00000000	0.02614233	0.03417140	-0.03646851	-0.03992671	0.00000000	0.00000000	-0.00882044	0.00000000	0.00676353	-0.03216457	0.00000000	0.01308122	0.00000000	-0.00187393	0.00000000	0.02661437	0.00480887	0.00585649	0.00000000	-0.04198515	0.00000000	-0.02150472	0.01672540	-0.05828454	-0.03601602	-0.00154586	0.00000000	0.01772933	0.00000000	-0.00267690	0.01536530	0.00000000	0.02489001	-0.03340369	0.00000000	0.00000000	-0.00051237	0.00000000	-0.07479191	-0.00091171	-0.02968733	0.00000000	-0.03015251	0.05778916	0.00000000	0.00000000	0.01226763	-0.05024181	0.00000000	0.00000000	-0.02950968	0.00000000	-0.00416017	0.00000000	0.02127854	0.00000000	0.00596987	0.00000000	-0.06596436	-0.01772896	0.00037771	-0.03153060	0.00487381	0.00000000	0.00503492	0.06391363	0.00000000	0.00000000	0.00000000	0.03755470	0.06566906	-0.03763504	0.00000000	-0.02344891	0.05219695	-0.03277189	-0.01686235	0.00000000	-0.03465162	0.04950283	-0.01143273	0.01921328	0.00000000	0.00000000	0.00000000	-0.04604751	0.00000000	0.07142115	-0.01393191	0.00000000	0.01796708	0.00000000	0.00000000	0.01330853	-0.02172798	0.00000000	-0.00663540	0.01699512	-0.03694724	0.02599711	0.00241776	-0.04929054	-0.04861179	0.01989634	0.00000000	0.00000000	0.03468172	0.00000000	0.00094262	-0.00263511	0.00413945	0.00000000	-0.00408829	-0.00935799	0.00000000	-0.05747372	0.00000000	-0.00146595	0.08136198	0.00000000	0.03535923	0.00000000	-0.02972806	0.03584206	-0.05586928	0.00077455	0.00000000	0.00000000	0.06350251	0.00000000	0.02013931	0.02579314	0.00000000	-0.00337906	0.00000000	0.00617415	0.00502136	-0.00533423	0.00000000	0.00000000	0.02340002	0.00000000	0.00000000	0.00000000	0.00000000	0.01765773	-0.00333105	-0.05181791	0.00000000	-0.05857756	0.02161473	-0.03306785	-0.01282166	-0.00366318	0.00000000	0.00000000	0.00000000	0.01007009	-0.05256887	0.00000000	0.00000000	0.00497270	0.00000000	0.00000000	-0.05653105	-0.07956065	0.00490391	0.01568768	0.04421979	0.00000000	0.01429969	0.00000000	0.00000000	0.07043269	0.03102636	-0.00790390	0.00000000	0.00000000	0.03275884	0.01340452	-0.01178585	0.07746802	0.01673318	0.00000000	0.00000000	0.00465913	-0.00514165	0.00000000	-0.03743640	0.02365289	0.00000000	-0.01365685	-0.04824843	0.00787827	-0.01706165	0.00000000	-0.01483460	-0.03330159	-0.02986404	0.00007882	-0.00230362	0.05216949	-0.05136976	0.00000000	0.00000000	0.06718350	-0.02278757	0.00000000
chr15	90631838	driver	C	T	-0.02489696	0.00000000	-0.00710725	0.01333185	-0.01762825	0.00000000	-0.00858094	0.00000000	0.00000000	0.00000000	-0.00976896	-0.01947492	0.02620128	0.00000000	0.00000000	-0.04251097	-0.00913218	0.00000000	0.00325364	0.03302026	0.01947039	-0.00644365	0.00000000	-0.01369045	0.00295419	0.00223652	0.05519222	-0.03771435	0.00000000	0.01141518	-0.03530306	0.00146705	-0.01784694	0.00000000	-0.02504237	-0.00029923	0.00685098	0.03998041	0.00000000	0.00000000	0.00984378	0.04160029	0.00000000	0.00000000	0.00000000	0.00000000	0.00000000	0.00000000	0.02382651	-0.00032196	0.05464529	-0.07139984	0.00000000	0.00000000	0.00611659	0.00000000	0.00383625	0.05189705	0.00000000	-0.01959622	0.00000000	0.00671528	0.00000000	-0.00059640	0.01373518	0.04439361	0.00000000	0.03680399	0.00000000	-0.04212426	-0.02282098	0.00000000	-0.07322147	0.02038592	-0.02058696	0.02127935	0.00000000	0.00496599	-0.00992581	0.00000000	0.00636554	-0.00498354	0.00000000	0.00000000	0.00000000	0.00000000	0.07050559	0.08272097	-0.04692465	0.00000000	0.04125485	0.00482639	0.00000000	0.00000000	-0.04228550	-0.00049976	0.00502337	0.00000000	0.00000000	-0.00271787	-0.03348466	0.00000000	0.03000399	0.00000000	0.06137209	0.00000000	0.00953241	-0.04036162	-0.05167538	0.04697445	0.00012490	0.00000000	-0.04625267	-0.00064287	0.00000000	0.00000000	0.00000000	-0.01809933	0.02382946	0.03028801	0.00000000	-0.06369347	-0.00810295	0.02603284	-0.00591286	0.00000000	0.00308880	0.00758279	0.00832404	0.06098676	0.00000000	0.00000000	-0.00161405	0.02656128	0.00000000	0.01678874	0.02681437	0.00000000	0.00176531	0.00000000	0.00000000	0.00000000	-0.07201679	0.00000000	0.00643905	0.01852266	0.01140808	-0.02889101	-0.01581106	-0.04919243	0.03032816	0.01773582	0.00000000	0.00000000	-0.01252335	0.00000000	-0.00788155	0.01446311	0.01132977	0.00000000	0.00000000	-0.02140060	0.00000000	-0.00694564	0.00000000	0.01345500	-0.03234790	0.00000000	-0.03382513	0.00000000	-0.04871925	0.00149836	-0.07373565	0.00353283	0.00000000	0.00000000	0.02365004	-0.01173164	-0.01597293	-0.04657686	0.00000000	0.00000000	0.00000000	-0.01660261	-0.01292185	-0.01605928	0.00000000	0.00000000	0.01893744	0.00000000	0.00000000	0.00860802	0.00000000	0.01052066	0.02220172	-0.00328218	0.00000000	0.02181591	-0.06219403	-0.07468452	0.00000000	0.00000000	0.00000000	0.00000000	0.00000000	-0.03621638	0.01608063	0.00000000	0.00000000	0.02482919	0.00000000	0.00000000	0.00540882	-0.04310122	-0.02632464	-0.01568776	0.01521459	0.00000000	0.01681658	0.00000000	0.00000000	-0.06475326	0.08136185	-0.00214937	0.00000000	0.00638028	0.00742602	0.03695779	0.00000000	0.00686014	-0.02237742	0.00000000	0.00000000	0.02939112	0.02164593	0.00000000	0.00632232	-0.02382798	0.00000000	0.01798767	0.00902892	0.01868361	-0.01532231	0.00000000	-0.04416300	0.05708799	-0.03706208	0.01165712	0.00000000	-0.00780278	-0.02400685	0.00000000	0.00000000	-0.06801865	0.01084439	0.00000000
chr15	90630682	passenage	C	A	0.01368880	0.00000000	-0.00828119	-0.01383357	-0.01003006	0.01968534	0.00000000	0.00000000	0.00000000	-0.02783037	0.02743874	0.00184894	0.00000000	0.00000000	0.00000000	0.02272364	-0.00606539	0.00000000	-0.00922650	-0.00316730	-0.02300915	-0.00137272	0.00000000	0.00000000	0.01952825	0.01620970	-0.00811589	-0.05195481	0.00000000	0.00272366	-0.00934606	-0.00143753	0.00279182	0.00000000	0.00039171	0.00597833	0.00000000	-0.00543398	0.00000000	0.00793071	0.00883561	-0.06366062	0.00000000	0.00000000	0.00000000	0.00000000	0.00000000	0.00000000	0.02273676	0.00000000	-0.02025139	-0.02774790	-0.01971786	0.00000000	0.00272607	0.00000000	-0.03396664	0.03014708	0.00000000	0.02543981	0.00000000	0.05708079	0.00000000	0.09745210	0.00491973	-0.02478750	0.00000000	-0.00494171	-0.00874148	-0.03886730	0.02455048	0.00000000	-0.01188773	0.00858608	0.00000000	-0.04996257	0.00000000	-0.01088536	-0.00261825	0.00000000	0.00696576	-0.01492168	0.00000000	0.00000000	0.00000000	0.00000000	-0.00247490	-0.02528366	-0.01160716	0.00000000	0.01577798	0.00000000	0.00000000	0.00000000	0.00000000	-0.00068118	-0.02579149	0.00000000	0.00000000	0.02674838	0.00000000	-0.00304561	0.00729345	0.00000000	-0.00270012	0.00000000	-0.01057041	0.00000000	0.02831201	-0.02606750	-0.00307778	0.00000000	-0.03496182	-0.01625070	-0.00470667	0.00000000	0.00000000	0.03821587	0.00000000	0.04832937	0.00000000	0.02816787	0.00000000	0.02809222	-0.07963620	0.00000000	0.00000000	0.00000000	-0.00847299	0.01066874	0.00000000	0.00000000	0.00000000	-0.01203174	0.00000000	0.02534509	0.02537966	0.00000000	0.01961262	0.00000000	0.00000000	0.01005784	-0.01785859	0.00000000	0.00000000	-0.01143841	-0.01696089	0.02720262	-0.00815108	-0.02141955	-0.00316722	-0.00062311	0.00000000	0.00000000	-0.02802733	0.00000000	-0.01325344	-0.02030716	0.02972320	0.00000000	-0.01495092	-0.00787598	0.00000000	0.02097777	0.00000000	-0.03499439	-0.01676559	0.00000000	0.02802259	0.00000000	0.01767405	0.02427164	-0.00003561	0.02299319	-0.00970468	-0.01472470	-0.01118299	0.00000000	0.01117980	-0.01236770	0.00000000	-0.01401522	0.00000000	-0.04467854	-0.01498559	-0.00699231	0.00000000	-0.03351585	0.03175950	0.00000000	0.00000000	-0.04090315	0.00000000	-0.01274951	0.05245297	0.00000000	-0.00960220	0.00476826	0.00784127	0.00650533	-0.01000306	0.00000000	0.00000000	0.00000000	0.00000000	-0.03963304	-0.02822784	0.00000000	0.00000000	0.04129392	0.00000000	0.00000000	0.00000000	0.00000000	-0.04224347	-0.01729400	0.02687161	0.00000000	0.01165143	0.00000000	0.00000000	-0.01392308	-0.01039778	0.00673463	0.00000000	-0.02396949	0.00000000	0.00000000	0.00000000	-0.03011644	0.00000000	0.00000000	0.00000000	0.03060240	-0.04177310	0.00000000	0.00044957	-0.02618013	0.00000000	-0.01264152	0.00000000	0.04432755	-0.01314050	0.00000000	-0.00885126	-0.00293428	0.00000000	-0.00057520	0.00000000	-0.02021986	0.00000000	0.00000000	0.00000000	0.00088237	0.01119196	0.00000000
chr15	90628072	passenage	G	A	0.00000000	0.00206991	0.00000000	0.00994392	0.05664358	0.01810594	0.00000000	0.00000000	0.00000000	0.00560674	-0.00143696	0.02215664	0.00000000	0.00000000	0.00000000	-0.02871305	-0.01221769	0.00000000	0.01813772	0.03118217	0.00238013	0.00157964	0.00000000	0.00000000	0.03028983	-0.01925009	-0.00192323	0.01434249	0.00000000	0.01352489	0.01141027	0.01087575	-0.07148927	0.00000000	-0.01158653	-0.01404555	0.01709590	-0.06326857	0.00000000	0.00000000	-0.04374817	-0.06032804	0.00000000	0.00000000	0.00000000	0.00000000	0.00000000	0.00557520	0.03136630	-0.00371566	-0.01413260	-0.02772007	-0.00705553	0.00000000	0.01037264	0.00000000	-0.01483643	0.00056845	0.00000000	0.01519589	0.00000000	-0.05218200	0.00000000	0.00110789	0.04200342	-0.02955520	0.00000000	-0.03459299	0.00000000	0.03602436	-0.00766590	-0.02566746	-0.01570265	0.00605533	0.00000000	0.01890573	0.00000000	-0.02360585	0.01962143	0.00000000	0.04919264	0.00189278	0.00000000	0.00000000	-0.02773310	0.00000000	-0.01943934	-0.04857013	0.00000000	0.00000000	-0.02275980	0.00000000	0.00000000	0.00000000	0.00000000	-0.00433324	0.01685369	0.00000000	0.00000000	-0.01377192	-0.01615077	0.00000000	-0.01108585	0.00000000	-0.03693992	0.00000000	-0.01633874	0.00000000	-0.04693314	-0.00778386	-0.02021617	0.00000000	-0.03560309	0.01434481	0.00000000	0.00000000	0.00000000	0.00000000	0.00567611	-0.04700899	0.00000000	-0.01489753	0.00000000	0.03753564	0.00206593	0.00000000	-0.02187862	0.00736501	-0.02124514	0.00000000	0.00000000	0.00000000	-0.02355060	0.04820381	0.00000000	0.02095729	-0.01917993	0.00000000	-0.02105359	0.00000000	0.00000000	0.03225065	-0.01132291	-0.01764889	0.00000000	0.01431543	0.01849613	0.00000000	0.02779990	-0.04594951	-0.00344010	0.00299752	0.02107186	0.00000000	0.00224890	0.00000000	-0.01088697	0.01535854	0.01234433	0.00000000	0.00000000	0.00761837	0.00000000	-0.03061026	0.00000000	0.00921749	-0.04431638	-0.01540459	0.00469512	0.00000000	0.00000000	0.05049217	-0.00480632	-0.00675613	0.00000000	0.02848929	0.01981232	0.00000000	-0.03535998	0.00013077	0.00000000	-0.01613231	0.00000000	0.03113547	0.00000000	-0.03980933	0.00000000	0.01523740	-0.01055872	0.00000000	0.00000000	-0.01223172	0.00000000	-0.01179877	0.00000000	0.00000000	-0.00964230	0.00104467	-0.04049728	0.00000000	0.01972592	0.00961484	0.00000000	0.00000000	0.00000000	-0.05371094	-0.00818494	0.00000000	-0.01146845	-0.00961364	0.00000000	0.00000000	0.00000000	-0.08219185	-0.02162055	0.00536174	-0.01361394	0.00000000	-0.01862906	0.00000000	0.00000000	-0.07561678	-0.02692789	0.00000000	-0.01119307	-0.00072278	0.01048714	-0.02502877	0.00000000	-0.08915517	0.00000000	0.00000000	-0.03450785	0.03554523	-0.01268083	0.00000000	-0.03333157	-0.00993667	0.00000000	-0.03071287	0.00000000	0.00161587	-0.03472739	0.00000000	-0.00988583	0.00863802	-0.00060580	-0.02383865	0.00000000	0.03095439	0.00955288	0.00000000	-0.02929230	0.01601505	-0.04970087	0.00000000
chr15	90634852	passenage	G	A	-0.03912377	0.00000000	0.00000000	0.00208839	0.02819094	-0.01732580	0.00783080	0.00000000	0.00000000	0.00000000	-0.06339213	0.02033761	0.00000000	0.00000000	0.00000000	0.01003405	0.00575764	0.00000000	-0.02301487	0.03459734	-0.01771818	0.01423001	0.00000000	0.00000000	-0.05030392	0.00000000	0.03702846	0.01180071	0.00000000	0.01399902	0.02999661	0.01877208	-0.07436466	0.00000000	0.03608149	-0.01090275	0.01744595	0.06672210	0.00000000	0.00635807	0.03823440	-0.02572934	0.00000000	0.00000000	0.00000000	0.00000000	0.00000000	0.00000000	0.01647380	0.04065279	0.01884109	0.04327130	-0.00566196	0.00000000	-0.00693892	-0.04704088	0.02465004	0.01318023	0.00642743	-0.07442966	0.00000000	0.03073670	0.00000000	-0.06308851	-0.00917909	0.05096391	0.00000000	0.02046049	-0.01925448	-0.02512323	-0.05126238	0.05243236	0.03803411	-0.03513408	0.02060360	-0.04988581	0.00000000	0.00570709	-0.02628425	0.00000000	-0.03078264	-0.02137081	-0.02327312	0.00000000	-0.02700840	0.00000000	0.05178988	-0.00348660	0.02160448	0.00000000	-0.02358110	0.00000000	0.00000000	0.00000000	0.00000000	-0.00678046	0.05496612	0.00000000	0.00000000	-0.05502255	0.00000000	0.02311554	-0.00780921	0.00000000	-0.00811982	0.00000000	0.02405365	0.00000000	-0.04243869	0.01833173	0.00532898	0.00000000	0.01621118	0.07948411	0.00000000	0.00000000	0.00000000	0.01568391	-0.03301609	-0.07565731	0.00000000	0.00760796	0.00185528	-0.05558713	-0.00589362	0.00000000	-0.01072401	0.00000000	-0.00632042	-0.03109571	0.00000000	0.00000000	0.00000000	-0.02783838	0.00000000	0.02956966	0.04811712	0.00000000	0.00797418	0.00000000	0.00000000	-0.03286756	-0.04980721	0.00000000	0.01310446	0.00999874	-0.00383103	-0.00532548	-0.04643953	0.06200206	-0.05201432	0.00155009	0.01924191	0.00000000	-0.02622300	0.00000000	0.01275516	0.01266995	-0.01173359	0.00000000	0.02252194	-0.04538429	0.00000000	0.01288716	0.00000000	0.00111374	-0.04095510	0.00623385	0.03318301	0.00000000	-0.01221818	0.01468948	0.00595093	0.00241137	-0.00537662	-0.00320248	-0.02393222	0.00000000	-0.02961850	-0.00488231	0.00000000	0.00147516	0.00000000	0.01558145	0.00159495	-0.03860615	0.00000000	0.00677732	-0.00003851	0.00000000	0.00000000	0.00000000	0.00000000	0.01547211	0.00000000	0.00000000	-0.01184954	-0.00188241	0.00518747	0.01512488	-0.02071513	0.00000000	0.00000000	0.00000000	0.00000000	-0.02418163	0.01245059	0.00000000	0.00000000	-0.01042588	0.00000000	0.00000000	0.00000000	-0.01175771	0.01346169	-0.02891901	-0.03804795	0.00000000	0.01220062	0.00000000	0.00000000	0.02439313	-0.05920094	0.01133222	0.00000000	-0.00964579	0.00316208	0.01837731	0.02389604	0.03959906	0.00000000	-0.02032929	0.00000000	-0.00068492	-0.03337157	0.00000000	-0.04656620	0.02370493	0.00000000	0.05690254	0.00000000	-0.04770595	0.01092559	0.00000000	-0.03543319	-0.02846947	-0.00582254	0.00387081	0.00000000	0.00023529	0.01779351	0.00000000	0.00000000	-0.03491251	0.00916021	0.00000000
chr15	90631838	driver	C	A	0.00972892	0.00000000	0.00572414	-0.02745992	-0.04080889	0.00000000	-0.01604148	0.00000000	0.00000000	0.00000000	-0.04532998	-0.02200244	0.00000000	0.00000000	0.00000000	-0.00284137	-0.02389200	0.00000000	-0.02249736	0.03070098	-0.02483380	0.00888520	0.00000000	-0.01868900	0.03233907	0.05881606	0.03260069	-0.02802061	0.00000000	0.01047702	-0.00957082	-0.01155700	-0.02593845	0.00000000	-0.03201873	-0.04314262	-0.02168078	0.02359277	0.00000000	0.00000000	-0.01076420	0.08540587	0.00000000	0.00000000	0.00000000	0.00000000	0.00000000	0.00000000	0.04044542	-0.01862226	0.02371607	-0.01990068	0.00000000	0.00000000	0.01785722	0.00000000	-0.01909331	0.04456970	0.00000000	0.02501488	0.00000000	0.02265341	0.00000000	-0.00153212	0.00095674	0.04229409	0.00000000	0.01112026	0.00000000	-0.03868446	-0.02081712	0.00000000	-0.00914383	0.01348625	0.02314594	0.02323122	0.00000000	-0.02610070	0.01019463	0.00000000	-0.01073299	0.03840324	0.00000000	0.00000000	0.00000000	0.00000000	0.01144546	0.03535976	-0.02644322	0.00000000	0.02830291	0.00318966	0.00000000	0.00000000	-0.04228550	-0.02608407	-0.01393784	0.00000000	0.00000000	-0.00271787	-0.02481055	0.00000000	0.03609233	0.00000000	0.04561627	0.00000000	0.01000582	-0.01308090	-0.06308320	0.02566584	0.04662451	0.00000000	0.02460279	-0.03895304	0.00000000	0.00000000	0.00000000	0.00399864	0.06168639	0.00553884	0.00000000	-0.02556393	0.01657236	0.00894345	0.02672981	0.00000000	-0.00021600	0.00851064	0.00135739	0.00784344	0.00000000	0.00000000	-0.01171363	0.02329418	0.00000000	0.01509710	0.00042115	0.00000000	-0.00284359	0.00000000	0.00000000	0.00000000	-0.02068224	0.00000000	0.01637644	0.05243678	0.00986429	0.00129384	0.00018209	-0.02158001	-0.00056007	-0.01961806	0.00000000	0.00000000	-0.01077417	0.00000000	-0.01092620	-0.01254575	-0.02771148	0.00000000	0.00000000	0.02315295	0.00000000	0.02588885	0.00000000	0.01492123	0.01331908	0.00000000	-0.06653687	0.00000000	-0.02782557	-0.06861968	-0.03952892	-0.01294415	0.00000000	0.00000000	0.02033336	0.00302480	-0.00539617	-0.03883339	0.00000000	0.00000000	0.00000000	-0.04504357	0.03190627	0.00090666	0.00000000	0.00000000	0.03955061	0.00000000	0.00000000	-0.00394123	0.00000000	-0.00434803	0.00761235	-0.00328218	0.00000000	-0.02747314	-0.06207561	-0.00472733	0.01071478	0.00000000	0.00000000	0.00000000	0.00000000	-0.00606492	0.05954631	0.00000000	0.00000000	0.01600064	0.00000000	0.00000000	-0.00845313	0.01568526	-0.02150299	-0.01635965	0.03729539	0.00000000	0.02451384	0.00000000	0.00000000	-0.02829076	0.05170621	-0.00439676	0.00000000	-0.00753545	-0.00122482	-0.00069548	0.00549953	0.01277088	-0.00241439	0.00000000	0.00000000	0.00530283	0.01023400	0.00000000	0.03401823	0.03917060	0.00000000	0.00794609	0.00000000	0.05498782	-0.01112077	0.00000000	-0.02613117	0.01643223	-0.00286753	-0.01144451	0.00000000	0.01424844	-0.02050958	0.00000000	0.00000000	-0.03167430	-0.01140149	0.00000000
chr15	90631938	passenage	T	A	0.01199918	0.00000000	0.00000000	-0.02048744	0.01195593	0.08137250	0.00000000	0.00000000	0.00000000	0.00000000	-0.09080052	0.00636695	0.01354407	0.00000000	0.00000000	0.03813398	-0.02909068	0.00000000	-0.01751083	0.03452890	-0.03496996	0.02520052	0.00000000	0.00665283	0.07559706	0.05732394	-0.06562953	0.00056787	0.04727075	0.01901148	-0.01334798	-0.02117366	0.00600627	0.00000000	-0.00195498	-0.07191786	-0.01099037	-0.10393098	0.00000000	-0.08653326	0.09849337	-0.01372013	0.00000000	0.00000000	0.00000000	0.00000000	0.00000000	0.00000000	0.01768099	0.11063166	-0.01285840	-0.14846157	0.00000000	0.00000000	-0.01448290	0.00000000	0.01984055	-0.01143053	0.00000000	-0.04183200	0.00000000	-0.03849208	0.00000000	-0.05767599	0.00000000	0.00906862	0.00000000	-0.10290712	0.00000000	-0.08868007	0.03147596	-0.07533013	-0.08719116	-0.02584513	0.00000000	0.03282256	0.00000000	0.02587967	0.03039283	0.00000000	-0.00010534	0.01287001	0.01065714	0.00000000	0.02108138	0.00000000	-0.09932330	0.00094619	-0.06766938	0.00000000	0.03096867	0.00182337	0.00000000	0.00000000	0.04108886	-0.06312621	0.00000000	0.00000000	0.02567187	0.00000000	0.00686103	0.01099205	0.01259851	0.00000000	0.00714184	0.00000000	-0.07526179	-0.02873646	-0.00135936	0.03696656	0.03936014	0.00000000	-0.04745001	0.04371777	0.00000000	0.00000000	0.00000000	-0.00852581	0.02921847	0.05957399	0.00000000	-0.05353031	0.04591656	-0.10111275	-0.01458240	0.00000000	-0.05553786	-0.01195974	0.01005547	0.07227050	0.00000000	0.00000000	0.00000000	0.02478904	0.00000000	0.05221073	-0.01691426	0.00000000	0.03780697	0.00000000	0.00000000	-0.01796318	-0.06000915	0.00000000	0.00065117	0.06273282	-0.00975744	-0.02580070	-0.05325764	-0.10751328	-0.02968203	0.09215330	0.00000000	0.00000000	0.03208780	0.00000000	-0.04580393	0.02093391	-0.01041672	0.00000000	-0.03915628	-0.03979161	0.00000000	-0.05230851	0.00000000	-0.00538366	-0.01820076	0.00000000	0.04016992	0.00000000	-0.08695216	-0.00085172	-0.08068189	-0.01518048	0.00000000	0.00000000	0.02701260	0.00000000	-0.01411669	-0.00618893	0.00000000	-0.01591661	0.00000000	-0.07022899	0.01070651	0.10481927	0.00000000	0.00000000	0.02296619	0.00000000	0.00000000	0.00000000	0.00000000	-0.02326568	0.00410049	-0.00542939	0.00000000	-0.00272684	0.03384617	-0.14388999	0.02381991	-0.02753742	0.00000000	0.00000000	0.00000000	-0.01720926	-0.04120152	0.00000000	0.00000000	0.03366745	0.00000000	0.00000000	-0.03472625	-0.05547661	-0.01816812	0.00000000	0.00718637	0.00000000	0.01488710	0.00000000	0.00000000	-0.03499424	0.06490323	0.00667573	-0.00823490	0.00000000	0.10820444	0.00158465	0.00000000	-0.00967791	0.00229911	0.00000000	0.00000000	0.00761136	0.00222155	0.00000000	0.00317028	-0.00159161	0.00000000	0.07240927	-0.07369474	0.02755812	-0.00972521	0.00524114	-0.04353792	0.05786914	-0.04286885	0.00000000	0.00000000	-0.00283556	-0.00184663	0.00000000	0.00000000	-0.00212157	-0.03323638	0.00000000
chr15	90628595	passenage	G	A	0.00000000	-0.01213303	0.00000000	0.01906813	0.02450082	-0.00343448	0.01360059	0.04029927	0.00000000	-0.01067735	0.01708649	-0.02200703	0.00000000	0.00000000	0.00000000	0.05241546	-0.01908271	0.00000000	0.06638563	-0.00656652	0.02983522	0.02362019	0.01690121	0.01249469	0.03393478	-0.04521708	-0.04889861	0.05393592	0.00000000	-0.00868618	-0.00318059	0.03547695	0.06379101	0.00000000	0.04930937	0.07916041	0.00000000	-0.07307279	0.00000000	-0.02193489	-0.01403615	-0.05841349	0.00000000	0.00000000	0.00000000	0.00000000	0.00000000	0.00000000	0.03382571	-0.06045119	-0.08399320	0.02673295	-0.01283107	0.00000000	-0.00658707	-0.01134427	0.03020086	-0.01363786	0.00597422	0.06528268	0.00125664	0.01643525	0.00000000	0.01044677	0.01133102	0.01543561	0.00009027	-0.02697054	0.00000000	0.01945603	-0.02677861	-0.02700119	0.02839446	0.03669798	-0.00630351	0.01476267	0.00000000	-0.03070512	0.06002614	-0.00047121	0.01573247	0.01045480	-0.00878056	0.00000000	0.00000000	-0.04156446	-0.06604862	0.00108194	0.03236783	0.00000000	-0.04368270	0.00000000	0.00000000	0.00000000	0.00000000	0.00851227	0.01597491	0.00000000	0.00000000	0.06642222	0.00000000	0.00000000	0.01944595	0.00000000	0.00201403	0.00000000	0.06138663	0.00000000	0.04903501	-0.03854308	0.01154768	0.00000000	0.01287441	0.03262991	0.00000000	0.00978749	0.00000000	0.01596658	0.00000000	0.01256654	0.00000000	-0.01114577	0.00000000	0.00172660	-0.04398997	0.00000000	0.03663293	0.00379251	-0.01315009	0.00000000	0.00000000	0.00000000	0.01661468	0.06357303	0.00000000	0.01150212	-0.01600680	0.00000000	0.00000000	0.00000000	0.00000000	-0.02403264	0.01572534	0.00000000	0.00000000	0.03932300	0.02256262	-0.02035793	0.10064715	0.04530531	0.01651171	0.00000000	-0.00408417	0.00000000	-0.00908472	0.00000000	-0.00284600	-0.02973643	0.03807159	0.00000000	0.00000000	-0.02720183	0.00000000	-0.02469003	-0.01306766	0.02102273	0.00917915	0.00629316	0.01332551	0.00000000	0.02069178	0.01948881	0.01295108	-0.03159110	0.00000000	0.00052170	0.04963741	-0.00223900	0.03181309	0.03771292	0.00000000	-0.04191988	0.00000000	0.00689325	0.01726414	-0.00642066	0.00000000	-0.01993775	-0.00200093	0.00000000	0.00000000	0.00000000	0.00000000	0.00000000	0.00000000	0.00000000	0.00629526	-0.01422342	0.03857869	0.02588063	0.01450581	-0.01581388	0.00000000	0.00000000	0.00000000	0.00122446	0.05866823	0.00000000	0.00000000	-0.04653947	-0.00496126	0.00000000	0.00000000	-0.05453262	0.00632749	0.00000000	-0.00979796	0.00000000	-0.02013909	0.00000000	-0.01000864	-0.01164820	-0.04049943	-0.02112267	-0.03889762	0.01976633	-0.01724166	0.00000000	0.00000000	0.06620923	0.00000000	0.00000000	0.00000000	-0.04281153	0.04968298	0.00000000	0.02415419	0.01265278	0.00000000	-0.06575452	0.00000000	-0.03043409	-0.00715338	0.00000000	0.00544140	-0.00193393	0.00346260	0.01646044	0.00000000	0.02557623	0.02462615	0.00000000	0.01275273	0.09713507	-0.00535751	0.00000000
chr12	25398285	driver	C	T	-0.03681548	0.00000000	-0.00144918	-0.02358258	-0.01270294	0.04921606	0.02576627	-0.07655354	0.00000000	0.01288024	-0.00474279	-0.01367705	0.00000000	-0.01184302	0.00000000	0.01936781	-0.02441913	0.00000000	0.00000000	0.06024360	0.02196619	-0.02354506	0.00000000	0.00000000	0.00440291	0.00000000	-0.03647549	0.00243813	0.00000000	-0.00627606	-0.01444798	-0.01284060	0.02986877	0.00000000	-0.02617610	-0.04514413	-0.02066461	0.00000000	0.00000000	0.00000000	0.01874773	0.01640831	0.00000000	0.00000000	0.00000000	0.00000000	0.00000000	0.00000000	-0.04779308	-0.03822909	-0.01310571	-0.04254120	0.00341773	0.01794054	-0.08169086	0.00000000	-0.02151290	-0.03499222	-0.00450579	0.07649675	0.00000000	0.00952363	0.00000000	-0.01971477	-0.00396106	0.00000000	0.00000000	-0.05768964	0.00000000	-0.02161942	0.00728811	0.00000000	-0.05807745	0.02806465	0.00000000	0.02520908	0.00000000	-0.02396625	0.00000000	0.00000000	0.01987192	0.05290692	0.00000000	0.03910583	0.00000000	0.02383651	-0.05163664	-0.01140237	-0.01514548	0.00000000	0.00000000	0.03991478	0.00000000	0.00000000	0.00000000	0.01533083	-0.08803084	0.00000000	0.00000000	-0.03597996	-0.02054393	0.00000000	0.05433095	0.00000000	0.04664682	0.00000000	0.02397756	0.00000000	-0.00997232	-0.01314672	0.01199208	0.00000000	-0.01664366	0.01028582	0.00000000	0.00000000	0.00000000	0.02167156	-0.02497876	-0.03928707	0.00000000	0.06814552	-0.04975767	0.03176087	-0.02548894	0.00000000	0.00964773	0.00758427	-0.00509482	0.00000000	-0.00334509	0.00000000	0.00000000	0.02251232	0.00000000	-0.01380533	0.02043886	0.00000000	0.00000000	0.00000000	-0.00393216	-0.02666510	-0.01496665	0.00000000	-0.06224541	0.03401270	0.01847908	0.01455636	-0.00418121	-0.02917826	0.00720474	0.06362420	0.01300889	-0.00300901	0.03566346	0.00000000	-0.00850799	0.01326479	-0.04457954	0.00000000	0.00410745	0.08793701	0.00000000	-0.01102520	0.00000000	-0.04651165	-0.01498744	0.00000000	-0.00448284	0.00000000	-0.03209832	-0.02539852	-0.01063760	0.02167990	0.00000000	0.00000000	0.01730579	0.00000000	0.01250032	-0.01390605	0.00000000	0.01235861	0.00000000	-0.03118911	0.02891073	0.05990962	0.00000000	0.00000000	-0.03395012	0.00000000	0.01019229	0.00000000	0.02815442	0.00000000	0.00000000	0.00000000	0.04717970	0.02384822	-0.02657328	-0.07337216	-0.02946849	0.00000000	0.00000000	0.00000000	-0.06729637	-0.01303955	-0.03182916	0.00000000	-0.05584562	0.02640258	0.00000000	-0.03051972	0.14821739	0.01492846	-0.03632693	0.03739480	-0.03433490	0.00000000	-0.00016429	0.00000000	0.00000000	0.02331172	0.01784371	-0.05487065	-0.00622357	-0.08088562	0.00000000	0.00000000	0.00000000	-0.02178667	0.05683587	0.00000000	0.00000000	0.00000000	-0.00193870	0.00000000	-0.00861147	0.00825565	0.00000000	-0.09080684	0.00000000	-0.04280319	-0.01423489	-0.07716633	0.00509857	0.05813706	0.03690983	-0.03051693	0.00000000	0.02129058	-0.00828379	0.00000000	0.00000000	0.04704058	-0.05229598	0.00000000
chr12	25398220	driver	A	T	0.00079063	0.00000000	0.01488354	0.02140243	0.01758417	-0.02077430	0.00000000	0.01970194	0.00000000	-0.00541381	0.02802784	-0.01442036	0.00616155	-0.01541996	0.00000000	0.04182640	-0.02644351	0.00000000	-0.02712130	0.04027846	-0.00529498	-0.05166790	0.01723556	0.02277066	0.04408920	-0.00010712	0.01693213	0.01059383	0.00000000	0.00397402	0.03758398	-0.03270349	0.04802911	0.00000000	-0.00737760	0.01280870	-0.00747202	0.00121934	0.00000000	0.00000000	-0.04300547	-0.03164236	0.00000000	0.00000000	0.00000000	0.00237571	0.00000000	0.00000000	-0.00797045	-0.01263466	0.01618217	0.05855839	0.00000729	0.03516390	-0.00941968	0.00000000	0.02702534	-0.02486917	0.00107102	0.04507874	0.00000000	0.02932295	0.00000000	0.02944109	0.01512790	0.00000000	0.00000000	-0.00207201	0.00752624	0.06919660	-0.00461828	0.00000000	0.05737686	-0.05522341	0.00000000	0.03858432	0.00000000	-0.00921506	0.00000000	0.00000000	-0.04972041	-0.00194241	0.00000000	0.02839768	-0.00672401	-0.05991286	-0.00092421	-0.04900724	0.09708096	0.00000000	0.00000000	0.01354273	0.00000000	0.00000000	0.00000000	0.00103317	-0.07700749	0.00000000	0.00000000	-0.03707713	-0.01057258	0.00000000	0.01084754	0.05396107	0.02365352	0.00000000	0.01851051	0.00000000	-0.04918753	-0.02637041	0.04699409	0.00000000	-0.09898756	0.04589818	0.00000000	-0.01066021	0.00000000	-0.00024273	-0.00328362	0.01646283	0.00000000	0.03518916	-0.02367696	-0.00280815	0.07068494	0.00000000	0.04292087	0.06562451	0.01541105	0.00000000	0.00468771	0.00000000	0.00000000	0.00000000	0.00000000	0.03323948	-0.01138113	0.00000000	0.00000000	0.00000000	0.00000000	-0.01606173	0.04060550	0.00392442	-0.01948197	-0.04768679	-0.01277566	-0.02366008	-0.04831555	0.04879266	0.00775839	-0.01971048	0.00000000	-0.00385989	-0.01718533	0.00000000	0.01449635	-0.02807854	-0.01653622	0.00000000	0.03042368	-0.01296699	0.00000000	-0.00027393	0.00000000	0.01766558	-0.00725047	0.00000000	0.03362841	0.00000000	0.03225408	-0.03801942	0.01829129	-0.00756852	0.00000000	0.00000000	-0.00217013	0.00000000	-0.04123612	-0.02189177	0.00000000	-0.01015215	0.00000000	0.00306349	-0.00007197	0.11368547	0.00000000	0.00000000	-0.04788341	0.00000000	0.07299429	0.00000000	0.00000000	0.00000000	-0.00597042	0.00000000	0.04175216	-0.00773370	0.00929593	0.05568915	0.00000000	0.00000000	0.00000000	0.00000000	0.00832813	-0.03682115	0.02218675	0.00000000	-0.04237342	0.03807694	0.00000000	0.00000000	0.00000000	0.01659745	-0.06646811	-0.02273780	-0.03492704	0.00000000	-0.00272579	0.00000000	0.00000000	-0.03681060	-0.08296601	0.01220869	-0.02446387	0.01296176	0.00000000	0.00000000	0.00000000	-0.02631746	0.03660425	0.00000000	0.00000000	0.00000000	0.02185939	0.00000000	-0.01120406	0.02576740	0.00000000	0.01838076	0.00000000	-0.05843481	0.01408718	0.01011157	0.00023189	0.06889051	-0.01126893	-0.02155076	0.10961323	0.03136665	0.04441763	0.00000000	0.00000000	0.02715044	0.00551806	0.00000000
chr12	25398284	driver	C	T	0.01426621	0.00000000	-0.00388733	-0.06950559	-0.00668448	-0.01723677	0.00023621	0.02764472	0.00000000	-0.00306628	0.05445929	0.01069440	0.00000000	-0.00294079	0.00000000	0.00630200	0.00952084	0.00000000	0.00000000	0.07064901	-0.00473773	0.05256209	0.00000000	0.00000000	0.02979806	0.00000000	-0.00648120	0.04793680	0.00000000	-0.00569959	0.01866165	-0.00451480	0.00543677	0.00000000	0.02361447	0.02618076	-0.03881027	0.00000000	0.00000000	0.00000000	0.02340285	-0.05609701	0.00000000	0.00000000	0.00000000	0.00000000	0.00000000	0.00000000	-0.00803858	0.01466134	-0.02847700	0.04817644	0.00344219	0.02014595	0.06710999	0.00000000	-0.03899358	-0.00602677	0.02735785	0.03618008	0.00000000	0.01366591	0.00000000	-0.03532244	0.02425371	0.01604976	0.00000000	-0.02319631	0.00000000	0.09062640	0.02779784	0.00000000	0.06070277	0.00816311	0.00000000	0.03066067	0.00000000	0.01182304	0.00000000	0.00000000	-0.05722293	0.02588189	0.00000000	0.06163168	0.00000000	-0.02863149	0.00199427	-0.06350189	0.02878898	0.00000000	-0.00598750	0.01378518	0.00000000	0.00000000	0.00000000	-0.03380767	-0.03154457	0.00000000	0.00000000	-0.07488900	0.00711624	0.00000000	0.07045180	0.00000000	-0.00015097	0.00000000	-0.02236584	0.00000000	0.04109473	-0.00964103	0.01056543	0.00000000	-0.01454998	0.02372654	0.00000000	0.00000000	0.00000000	0.04426039	-0.01155460	0.02981022	0.00000000	0.03441710	0.01540184	0.06393106	0.00602657	0.00000000	-0.02236490	0.08129969	-0.00461137	0.00000000	-0.00532722	0.00000000	0.02255138	0.01396408	0.00000000	-0.00819615	0.02302541	0.00000000	0.00000000	0.00000000	-0.01747106	-0.08800989	0.05583031	0.00000000	-0.01154866	0.03228589	0.05133510	0.02515764	0.08683082	0.06776941	0.00070510	-0.00900835	0.00000000	0.02978513	0.01672515	0.00000000	0.00079845	0.00858602	-0.01062794	0.00000000	0.04423989	0.02363215	0.00000000	-0.01568100	0.00000000	-0.00308718	0.02225074	0.00000000	0.04078889	0.00000000	0.05286811	0.02734810	0.10551587	0.00130148	0.00000000	0.00000000	0.04514194	0.00000000	0.01852068	0.01038028	0.00000000	-0.07252431	0.00000000	0.03757766	0.09011032	0.04702393	0.00000000	0.00000000	-0.04477399	0.00000000	0.00000000	-0.00951917	-0.01531960	0.00000000	0.00000000	0.00000000	-0.02056760	-0.01186593	0.06352700	0.02134580	-0.02712494	0.00000000	0.00000000	0.00000000	-0.06342727	0.05701277	-0.03832047	0.00000000	-0.04194459	0.00777188	0.00000000	-0.02622746	-0.00861451	0.04050307	-0.05757436	-0.00927726	0.03410073	0.00000000	0.00000000	0.00000000	0.00000000	0.06627725	-0.06830941	0.01228498	0.03560381	0.01195222	0.00000000	0.00000000	0.00000000	0.03512891	0.06072095	0.00000000	0.00000000	0.00000000	0.00608978	0.00000000	0.02634579	-0.01633869	0.00000000	0.01014555	0.00000000	-0.00877966	-0.00804460	-0.08988786	0.02515425	0.00690076	0.04338128	0.05452889	0.00000000	0.03128442	0.00507644	0.00000000	0.00000000	0.14068213	-0.00651127	0.00000000
chr12	25380274	driver	C	T	-0.13117072	0.00000000	-0.00026556	0.03145319	0.00982215	-0.01889146	0.01567869	-0.07283206	0.00000000	0.00969215	-0.07012328	-0.01618585	0.00000000	0.00000000	0.00000000	0.00881587	0.00000000	0.00000000	0.01119631	0.00523341	0.05492997	0.01390947	-0.04310029	0.00000000	0.05004318	0.00000000	-0.00068614	-0.00626379	0.00000000	-0.00790000	-0.00716313	-0.02303927	0.02131313	0.01853292	0.06384105	0.00728394	-0.00964695	0.04547077	0.00000000	0.00000000	0.07318394	0.00435284	0.00000000	0.00000000	0.00000000	0.00000000	0.00000000	0.00000000	-0.00474070	0.03679747	0.04510605	-0.02947205	0.00000000	-0.00087259	0.02626625	0.00000000	0.00663728	-0.05756351	0.00000000	0.02268026	0.00000000	0.02028337	0.00000000	-0.00328416	-0.00951302	0.03525949	0.00000000	0.05346331	0.00000000	0.01476969	-0.02095100	0.00000000	-0.04385519	-0.06367983	0.00000000	-0.01698059	0.00000000	0.11210351	0.02696912	0.00000000	-0.01440760	0.00660864	0.01101278	0.10468301	0.00328502	0.00000000	0.06724477	0.00975168	-0.02739446	0.00000000	-0.04119826	-0.07137313	-0.04003105	0.00000000	-0.09312363	-0.10740602	-0.01729363	0.00000000	0.00000000	0.02206141	0.02120778	0.00179889	0.06125534	0.00000000	-0.03407812	0.00000000	-0.04563798	0.00000000	-0.01425441	0.06902528	0.02698861	0.00000000	-0.01798530	-0.00891340	0.00000000	0.00000000	0.00000000	-0.00159415	-0.01204436	0.03432433	0.00000000	-0.02460877	0.00000000	-0.06995344	0.01172808	0.00000000	0.00000000	-0.05958705	0.00323141	-0.05084747	0.00000000	0.00000000	0.00000000	-0.01381177	0.00000000	-0.08236775	-0.07552190	0.00000000	-0.05865628	0.00000000	0.00000000	0.01885049	-0.02095733	0.00000000	-0.09678140	0.05096529	0.01422215	-0.06720172	-0.00844914	-0.03052616	0.09020390	-0.01644056	0.00000000	0.00000000	0.01845287	0.00000000	0.02147496	0.01935361	0.03667155	0.00000000	0.03653283	-0.01187211	0.00000000	-0.04754446	0.00000000	-0.00531079	-0.01339513	0.00000000	0.00932388	0.00000000	-0.06531838	0.02257208	-0.01580244	0.05369269	0.00000000	0.00000000	-0.01592603	-0.00950813	-0.01331809	0.06331550	0.00000000	0.01667693	0.00000000	-0.09553330	0.03285601	-0.01679439	0.00000000	0.00000000	0.05202565	0.00000000	0.00000000	0.00000000	0.00000000	0.00000000	-0.00344404	0.00000000	-0.01374869	0.01615002	0.07451755	-0.02098977	0.03687381	0.00000000	0.00000000	0.00000000	0.04574193	0.05801214	0.01376421	0.00000000	0.00000000	-0.01017301	0.00000000	0.01162755	0.00000000	0.00256205	-0.01760756	0.00000000	-0.03917533	0.00000000	0.00725573	0.00000000	0.00000000	0.03591273	0.10589205	0.03366342	0.00000000	-0.00290716	0.00000000	0.01173071	0.00000000	0.02484291	0.00250618	0.00000000	0.00000000	0.00000000	-0.07755080	0.00000000	0.02744800	-0.01822618	0.00000000	0.05996247	0.00000000	0.01754313	0.03120625	0.00560936	-0.04262294	0.01549441	0.00000000	0.00317601	0.00000000	-0.04238065	0.02514493	0.00000000	0.00000000	-0.06793575	0.01790333	0.00000000
chr12	25380282	driver	G	C	-0.04278461	0.00000000	-0.01944410	-0.01504386	0.00135413	0.00000000	0.03712600	0.04717915	0.00000000	0.01058457	0.05323483	0.01518415	0.00000000	0.00000000	0.00000000	0.10564649	0.00000000	0.00000000	-0.01627429	-0.12466927	0.04384413	0.00250950	0.02136917	0.00000000	0.04549953	0.00000000	-0.00958267	0.02522427	0.00000000	-0.01194853	-0.01131795	0.00686285	0.07332261	0.00000000	-0.03667050	0.01114159	-0.01430193	0.03474542	0.00000000	0.00000000	-0.04241781	-0.04643503	-0.05314471	0.00000000	0.00000000	0.00000000	0.00000000	0.00000000	-0.00635694	-0.02863886	0.01534662	0.04054646	0.00000000	0.01645206	-0.04369655	0.00000000	-0.02702221	0.02810387	0.00000000	0.07697335	0.00000000	-0.02193195	0.00000000	-0.01167290	0.02452580	-0.02245075	0.00000000	-0.01442313	0.00000000	-0.00063848	-0.06290481	0.00000000	0.05888358	0.01540658	0.00000000	0.09444013	0.00000000	-0.02299248	0.06943124	0.00000000	0.03310042	0.02463126	-0.01641396	-0.08729681	0.00215377	0.00748547	-0.00252903	-0.02146184	0.05343015	0.00000000	-0.00385945	-0.03057860	0.00000000	0.01376778	-0.06686108	0.04523797	-0.02076268	0.00000000	0.00000000	0.00849215	-0.00655598	0.04202951	0.01733438	0.00000000	0.01260205	0.00000000	0.06140384	0.00000000	0.04372929	-0.00851085	-0.02837846	0.00000000	-0.04558524	0.06830765	0.00588278	0.00000000	0.00000000	0.05630300	0.01762114	-0.02449102	0.00000000	0.04153600	0.00000000	-0.00738069	-0.08442864	0.00000000	-0.00782803	0.00000000	0.00317799	-0.06768459	0.00000000	0.00000000	0.00000000	0.07118124	0.00000000	-0.03264037	0.00268856	0.00000000	0.07806839	0.00000000	-0.01521946	-0.05921866	0.05844584	0.00000000	0.06596665	-0.03784560	0.07473820	-0.00415218	0.01382488	0.08771092	-0.02678838	-0.00007229	0.00000000	0.00000000	0.04431438	0.00000000	-0.01055136	-0.00561030	0.00066385	0.00000000	0.03335336	0.04725540	0.00000000	0.06407271	0.00000000	0.02822460	0.04369465	0.00000000	-0.02474464	0.00000000	0.03246002	-0.01215138	0.04950851	-0.00508354	0.00000000	0.00000000	-0.00543459	0.00000000	0.01825833	0.03869577	0.02464144	-0.02875313	0.00000000	-0.00744875	0.03989020	-0.03992623	0.00000000	0.00000000	0.00244148	0.00000000	0.00000000	0.00000000	0.00000000	0.00000000	0.01186477	0.00000000	0.00000000	-0.00761055	0.07015744	0.00000000	0.00000000	0.00000000	0.01296213	0.00000000	0.02973531	-0.02261113	0.00902387	0.00000000	0.03085948	0.04201868	0.00000000	0.00960462	0.00000000	0.04670294	0.04147848	0.00000000	-0.00854826	0.00000000	-0.00865128	0.00000000	0.02493222	0.01387824	-0.03100145	0.00710579	0.01711968	0.04001496	0.00000000	-0.00468268	0.00000000	0.05320249	0.04096329	0.00000000	0.00000000	0.00000000	0.05508225	0.00000000	-0.00445746	0.07343916	0.00000000	-0.08361800	0.00000000	-0.04029010	0.00149448	0.03104486	-0.01104717	-0.00878841	0.04882402	-0.01314703	0.00000000	0.05222853	0.02539220	0.00000000	0.00000000	0.04711650	-0.00081705	0.00000000
chr12	25398284	driver	C	A	-0.05344660	0.00000000	0.00815920	0.00454682	0.00489318	0.02604463	0.00179981	0.13464101	0.00000000	0.00274345	-0.05712592	-0.04125905	0.00000000	0.00229701	0.00000000	-0.05497897	-0.03929360	0.00000000	0.00000000	0.06053405	-0.08207372	-0.04207072	0.00000000	0.00000000	-0.11703058	0.00000000	-0.08240972	0.01963389	0.00000000	-0.00615333	-0.00786885	-0.00053996	-0.03066443	0.00000000	-0.03632009	0.00955822	-0.01247160	0.00000000	0.00000000	0.00000000	0.02798904	0.01627006	0.00000000	0.00000000	0.00000000	0.00000000	0.00000000	0.00000000	-0.02447107	0.01537845	-0.07197279	0.22856869	0.07239026	0.00000000	0.00245762	0.00000000	-0.00732926	0.01085886	0.00945644	-0.01945925	0.00000000	0.01568940	0.00000000	-0.08310398	-0.05780457	0.00100494	0.00000000	-0.07631912	0.00000000	0.03663492	-0.02471076	0.00000000	0.09454092	0.01622345	0.00000000	-0.00757675	0.00000000	-0.02568196	0.00000000	0.00000000	-0.05270228	0.01413041	0.00000000	-0.01147360	0.00000000	0.00572602	-0.11411322	-0.10188267	0.11814193	0.00000000	-0.02454771	-0.04541095	0.00000000	0.00000000	0.00000000	-0.02015460	0.01231244	0.00000000	0.00000000	0.01696280	0.00963393	0.00000000	0.02506933	0.00000000	-0.01495941	0.00000000	0.00721287	0.00000000	0.04012798	-0.04047584	-0.01381873	0.00000000	-0.00587389	0.01086846	0.00000000	0.00000000	0.00000000	0.01608862	-0.06174742	0.00226356	0.00000000	0.00803197	0.01566455	0.12246782	0.06827524	0.00000000	0.01031813	0.04157067	-0.02181759	0.00000000	0.01164942	0.00000000	0.03477977	-0.02905910	0.00000000	0.00105190	0.02667835	0.00000000	0.00000000	0.00000000	0.02357871	-0.00076381	0.13516374	0.00000000	-0.02176942	0.07124139	-0.03704676	0.03132924	0.04413703	0.07449836	-0.00563865	0.00714931	0.01279905	-0.01193398	-0.03066623	0.00000000	0.06042865	-0.01006928	-0.12652621	0.00000000	0.08327781	-0.01070027	0.00000000	0.04921717	0.00000000	-0.02785584	0.01690352	0.00000000	0.01818085	0.00000000	0.12919089	-0.07103862	0.16965577	-0.00488890	0.00000000	0.00000000	0.09562913	0.00000000	-0.00177136	-0.05879699	0.00000000	-0.02459056	0.00000000	0.06602338	0.01621217	0.04521909	0.05675654	0.00000000	-0.04176370	0.00000000	0.00000000	-0.00951917	-0.01531960	0.00000000	0.00000000	0.00000000	0.05707593	-0.03963090	-0.01226424	0.14385138	0.01333994	0.00000000	0.00000000	0.00000000	-0.07576060	-0.03713233	-0.00118221	0.00000000	-0.05494282	-0.06400828	0.00000000	0.03218718	0.00754897	0.00651820	-0.07294461	0.08265585	-0.01410967	0.00000000	0.00000000	0.00000000	0.00000000	0.07710649	-0.17368388	-0.04934555	0.03116622	-0.00367925	0.00000000	0.00000000	0.00000000	-0.01890864	0.05713590	0.00000000	0.00000000	0.00000000	0.02635002	0.00000000	-0.03881729	0.04766641	0.00000000	0.00355391	0.00000000	-0.03978941	-0.02804526	-0.10155534	0.02285060	-0.14176717	0.07887794	0.06989601	0.00000000	0.05850905	-0.04508051	0.00000000	0.00000000	0.12895158	-0.07072531	0.00000000
chr12	25398285	driver	C	A	-0.08372466	0.00000000	-0.00308914	-0.00390252	0.00924903	0.01086126	-0.00597085	0.04957891	0.00000000	-0.00731658	-0.03178150	-0.02117029	0.01661384	0.02048617	0.00000000	-0.00395539	-0.04634899	0.00000000	0.00000000	0.04761588	-0.08108570	-0.04743099	0.00000000	0.00000000	-0.03508863	0.00000000	-0.12301961	-0.04281630	0.00000000	-0.00506483	-0.01715322	0.00482602	-0.04929688	0.00000000	-0.05987729	-0.09919527	0.01507889	0.00000000	0.00000000	0.00000000	0.06603336	-0.00276236	0.00000000	0.00000000	0.00000000	0.00000000	0.00000000	0.00000000	-0.01221199	0.03625008	-0.11484296	0.26748931	0.04061255	0.00002791	0.00329134	0.00000000	-0.04415404	-0.00325271	-0.00114514	0.04264823	0.00000000	0.05775723	0.00000000	-0.06160995	-0.00346754	0.00000000	0.00000000	-0.12712228	0.00343983	0.04100448	-0.03793117	0.00000000	0.14719400	-0.03378605	0.00000000	-0.06388175	0.00000000	-0.05367970	0.00000000	0.00000000	-0.00871360	-0.01784405	0.00000000	0.01402667	0.00000000	0.05014521	-0.09007087	-0.09707985	0.11418007	0.00000000	0.00000000	0.00907242	0.00000000	0.00000000	0.00000000	-0.02825566	0.01282057	0.00000000	0.00000000	0.01645544	-0.02534616	0.00000000	0.00415641	0.00000000	-0.04504030	0.00000000	-0.00467763	0.00000000	0.04756401	-0.06376691	0.01589572	0.00000000	0.05562742	0.04015373	0.00000000	0.00000000	0.00000000	0.00192142	-0.01987852	-0.01260662	0.00000000	0.00006777	0.00339913	0.08712465	0.02614522	0.00000000	-0.02830839	0.01573025	-0.00747931	0.00000000	0.02032832	0.00000000	0.01677521	0.01970344	0.00000000	0.05168837	0.01402231	0.00000000	0.00000000	0.00000000	-0.02110834	0.02509663	0.05325869	0.00000000	-0.00430746	0.05801645	-0.03980693	0.03185222	0.02844530	0.08947640	-0.01175827	0.00452822	0.00000000	0.00986718	-0.02151722	0.00000000	0.05304724	-0.04035497	-0.09653004	0.00000000	0.04078250	0.00881423	0.00000000	-0.00464478	0.00000000	-0.03141055	0.02714181	0.00000000	0.00806156	0.00000000	0.03682402	-0.05468279	0.17609608	-0.00393331	0.00000000	0.00000000	0.02746740	0.00000000	-0.01466991	0.00307073	0.00000000	-0.03811792	0.00000000	-0.02864879	0.09366176	-0.02141467	0.00000000	0.00000000	-0.05420218	0.00000000	0.00000000	0.00000000	-0.01760325	0.00000000	0.00000000	0.00000000	0.01132925	-0.02217215	0.01351683	0.02737095	0.02176084	0.00000000	0.00000000	0.00000000	-0.03621045	-0.01062708	-0.06873972	0.00000000	-0.04640818	0.00959350	0.00000000	0.02720973	0.03898618	-0.04077863	-0.04528067	0.03760817	-0.01962967	0.00000000	0.00368596	0.00000000	0.00000000	0.00914250	-0.23559734	-0.04175635	0.00340450	-0.02000159	0.00000000	0.00000000	0.00000000	-0.01328516	0.04283734	0.00000000	0.00000000	0.00000000	0.06942184	0.00000000	-0.04972935	0.01218416	0.00000000	-0.00354998	0.00000000	-0.00629079	-0.03054461	-0.01437502	0.00086069	-0.16857682	0.11034732	-0.05273657	0.00000000	0.05719312	0.04175299	0.00000000	0.00000000	0.09688100	-0.02582087	0.00000000
chr12	25398284	driver	C	G	-0.02303156	0.00000000	0.00995887	0.03948942	-0.00514829	-0.01294889	0.03194558	0.15383001	0.00000000	-0.02619963	0.00433671	-0.01115994	0.00000000	-0.02245604	0.00000000	0.02124168	-0.02705419	0.00000000	0.00000000	0.03024536	-0.07620166	0.04132470	0.00000000	0.00000000	-0.06382906	0.00000000	-0.13615873	0.05010051	0.00000000	-0.00686429	-0.04162066	-0.00669681	0.02138792	0.00000000	0.04881585	0.00294651	-0.04989174	0.00000000	0.00000000	0.00000000	-0.02372322	-0.06235577	0.00000000	0.00000000	0.00000000	0.00000000	0.00000000	0.00000000	-0.04587576	0.00964940	-0.14055109	0.26463121	0.03829321	0.05060165	-0.00470771	0.00000000	-0.06233416	0.01050377	-0.00243020	0.04665715	0.00000000	0.01193136	0.00000000	-0.11466882	-0.04902836	0.00000000	0.00000000	-0.14677989	0.00000000	0.05161382	-0.00440773	0.00000000	0.12072870	0.01296598	0.00000000	0.06428142	0.00000000	0.04198687	0.00000000	0.00000000	0.01234657	0.07324497	0.00000000	0.06914264	0.00000000	-0.03505157	-0.12284164	-0.13398123	0.20382160	0.00000000	-0.02454771	0.03418564	0.00000000	0.00000000	0.00000000	0.00160764	-0.09959565	0.00000000	0.00000000	-0.00266108	-0.00623095	0.00000000	0.04745433	0.00000000	-0.07988235	0.00000000	0.04898655	0.00000000	0.08516141	-0.08742829	0.05517882	0.00000000	0.00463448	-0.02611914	0.00000000	0.00000000	0.00000000	0.01607955	-0.01738434	-0.02437933	0.00000000	0.08086348	-0.01307485	0.02895423	0.05203238	0.00000000	-0.01006320	0.14549847	-0.06961972	0.00000000	-0.00813834	0.00000000	0.03425021	-0.01365996	0.00000000	-0.00044331	-0.03896569	0.00000000	0.00000000	0.00000000	-0.01747106	-0.06054129	0.17055644	0.00000000	0.01010137	0.08024101	0.02806848	-0.00304810	0.10612741	0.09730753	0.04817300	0.03694037	0.00000000	-0.04954774	0.03444201	0.00000000	-0.00270528	-0.00152504	-0.10731684	0.00000000	0.08811831	0.00500435	0.00000000	-0.03617350	0.00000000	0.02959490	0.05967894	0.00000000	-0.00450215	0.00000000	0.13304555	-0.06719792	0.20000200	-0.00421208	0.00000000	0.00000000	0.11508808	0.00000000	-0.02974032	-0.02966532	0.00000000	0.00678632	0.00000000	0.05953917	0.02933763	0.09223320	0.01663846	0.00000000	-0.11915054	0.00000000	0.00000000	-0.00951917	-0.01531960	0.00000000	0.00000000	0.00000000	0.00445975	-0.04745746	-0.05086289	0.11616403	-0.03236768	0.00000000	0.00000000	0.00000000	-0.09979329	-0.03669404	-0.00630268	0.00000000	-0.00938937	-0.06465681	0.00000000	0.00227903	0.02036251	0.02947795	-0.04675993	0.00130509	-0.07009065	0.00000000	0.00000000	0.00000000	0.00000000	0.10958168	-0.18349791	-0.06399280	0.02105109	0.02484660	0.00000000	0.00000000	0.00000000	0.04726534	0.08963700	0.00000000	0.00000000	0.00000000	0.06119978	0.00000000	-0.05892837	0.11290890	0.00000000	0.00420904	0.00000000	-0.09428513	-0.04667240	-0.06347097	0.04191199	-0.06543040	0.12009980	0.06729476	0.00000000	0.09002481	-0.01018143	0.00000000	0.00000000	0.26578456	-0.04148751	0.00000000
chr2	178098806	driver	G	T	-0.07694552	0.00000000	0.02151443	0.03994945	0.03198441	0.02423004	0.01229094	-0.02893753	0.00000000	0.00000000	-0.00846167	-0.01711027	0.00000000	0.00000000	0.00000000	-0.04595865	-0.02736678	0.00000000	-0.07009377	0.07199398	-0.00720932	-0.02497926	0.01477319	0.00000000	-0.00026725	-0.00421924	0.00000000	0.04848388	0.00000000	0.01209570	-0.02656033	0.01155721	-0.00791112	0.00000000	-0.02747404	0.01249531	0.00440126	0.00000000	0.00000000	0.00000000	0.01557571	-0.03860845	0.00000000	0.00000000	0.00000000	0.00000000	0.00000000	0.00000000	0.02837071	-0.00827655	-0.02723546	-0.04759147	-0.00784170	0.00000000	0.01683852	0.00000000	0.06668971	0.04736617	0.00000000	0.02713168	0.00000000	-0.00333704	0.00000000	0.01042262	0.00147137	0.04117703	0.00000000	-0.02024048	0.02763430	0.02601371	-0.07188568	0.00000000	0.02726774	0.05608980	-0.01995261	-0.00793773	0.00000000	-0.06347652	-0.03218827	0.00000000	0.05217043	0.00393182	0.00000000	0.00000000	0.00000000	0.00000000	-0.00814189	-0.01146016	-0.00906923	0.00000000	0.00751722	0.00203819	0.00000000	0.00000000	-0.01792109	0.00609336	0.05633057	0.00000000	0.00000000	0.08478197	-0.01909347	-0.01668309	0.00299580	0.00000000	0.05378620	0.00000000	0.00988083	0.00000000	0.01084180	-0.01489738	0.02230978	0.00000000	-0.02324630	0.06169297	0.00000000	0.01202704	0.00000000	-0.03822820	0.03283991	-0.01785109	0.00623449	-0.00923688	0.00000000	0.06564867	0.04224122	0.00000000	0.01187908	0.03951165	0.00000000	0.00000000	0.00000000	0.00000000	0.00000000	0.05752155	0.00000000	0.03362353	0.04272421	0.00000000	0.01770463	0.00000000	-0.00810300	0.03086659	-0.00188577	0.00000000	-0.01884704	0.06024840	0.06604895	-0.02288043	0.05058014	0.01342298	-0.02736331	0.03414591	0.05035334	0.00000000	-0.07281440	0.00000000	0.01441574	0.00000000	-0.07622630	0.00200982	-0.02050161	-0.06310572	0.00000000	-0.04038839	-0.01470373	0.04003349	-0.00771149	-0.00283588	0.00777307	0.00000000	-0.00601398	0.03045805	0.06076711	0.00323034	0.00000000	0.00000000	-0.00342906	0.00000000	-0.03325903	-0.00727345	0.00000000	0.00039339	0.00000000	0.03411224	-0.04235376	0.04917649	0.00000000	0.00000000	-0.07237118	0.00000000	0.00000000	0.00000000	0.00000000	-0.02807292	-0.03013198	0.00000000	0.00000000	-0.00022016	-0.00687994	0.00000000	0.00000000	0.00000000	0.00000000	0.00000000	0.05478264	-0.06357063	-0.08947035	0.00000000	0.00000000	0.00306550	0.00000000	0.00000000	0.00000000	-0.05972412	0.01372122	0.00000000	0.02699360	0.00000000	-0.01283475	0.00000000	0.00000000	-0.06520714	0.01215120	0.02071677	0.00000000	0.02556922	0.00000000	-0.00770131	-0.01462012	-0.03863290	-0.01348163	0.00000000	0.00000000	-0.00882941	0.01200819	0.00000000	-0.02730551	0.01527180	0.00000000	-0.00071133	0.00000000	0.02671140	-0.05100171	0.00065415	-0.00456425	0.13785477	0.03329014	0.00478296	0.00000000	0.05025545	0.00455149	0.00000000	-0.05470704	0.06676084	-0.00922017	0.00000000
chr2	178098953	driver	C	A	0.03233664	0.00000000	0.03492208	-0.01649738	0.00749274	-0.01756487	0.00049101	0.00000000	0.00000000	0.00000000	-0.05938371	-0.03197819	0.00000000	0.00000000	0.00000000	0.04063262	-0.00308779	0.00000000	-0.04450183	-0.01608859	-0.08942585	-0.08159754	0.02667930	0.00000000	0.01312593	-0.01707212	-0.04169945	0.01990287	0.00000000	0.00446573	0.08269572	0.00996135	-0.03541218	0.00000000	0.01648527	-0.00309540	-0.07387170	-0.06797282	0.00000000	0.00000000	-0.01936581	0.05578888	0.00000000	0.00000000	0.00000000	0.00000000	0.00000000	0.00000000	0.01390904	-0.03175099	-0.01828893	0.13088337	0.00000000	0.00000000	-0.03287628	0.00000000	0.00217414	0.02211791	0.00000000	0.00845784	0.00000000	-0.02915989	0.00000000	-0.00213730	0.00000000	0.00795642	0.00000000	-0.03168112	0.00000000	-0.05064443	-0.05901252	0.00000000	0.02794166	-0.05345523	-0.01753804	-0.05861560	0.00000000	-0.02201176	0.05613656	0.00000000	-0.02671927	-0.07902247	0.00000000	0.00000000	0.00000000	0.00000000	-0.06674960	-0.14484495	0.05484059	0.00000000	-0.05879119	0.06605260	-0.02555569	0.00000000	0.07747588	0.00000000	-0.00670009	0.00000000	0.00000000	-0.00061369	0.01581955	0.01119447	0.00365463	0.00000000	-0.05093164	0.00000000	-0.01719980	0.00000000	0.03881361	-0.06861293	0.07545409	0.00000000	0.16095687	-0.02039833	0.00000000	0.00000000	0.00000000	-0.03075171	0.03010939	-0.10474563	0.00000000	-0.08117544	0.00000000	0.05936477	0.05188808	0.00000000	-0.03076128	0.00000000	0.00000000	0.00000000	0.00000000	0.00000000	0.00000000	0.00197013	-0.04132666	0.03849038	-0.01246155	0.00000000	0.00730288	0.00000000	0.01715946	0.01890588	0.03075778	0.00000000	0.04193767	0.05855174	-0.10070041	0.05311735	-0.03206474	0.13137397	-0.03940481	-0.03599170	0.00000000	0.00000000	-0.03235918	0.00000000	-0.03603988	-0.02575032	0.04480779	0.00000000	0.02974420	0.01105718	0.00000000	-0.01030591	0.00000000	0.08672675	-0.05363299	0.00000000	0.13581677	0.00000000	-0.01004543	0.02444004	0.09561610	0.00105449	0.00000000	0.00000000	-0.07257037	0.00000000	0.03205281	0.01465267	0.00000000	0.00000000	0.00000000	0.01796305	0.04570812	0.11145058	0.00000000	0.00000000	0.01610151	0.00000000	0.00000000	-0.01640367	0.00000000	-0.01669938	-0.05486581	0.00000000	0.00000000	-0.05698154	0.06539838	0.00000000	0.00000000	0.00000000	0.00000000	0.00000000	0.04447335	0.05674151	-0.05998383	-0.01917320	0.00000000	0.02419665	0.00000000	0.00000000	0.00000000	-0.08682960	0.00258166	0.00000000	0.07315516	0.00000000	0.02921311	0.00000000	0.00000000	-0.08184138	-0.03897995	-0.03748883	-0.01632178	0.00403156	-0.00134895	0.03052051	0.00352395	0.04988056	0.10572065	0.00000000	0.00000000	-0.01860711	-0.00312454	0.00000000	-0.01261765	-0.02825858	0.00000000	0.00931370	0.00000000	0.06186220	0.01919840	-0.10370539	-0.01234195	-0.02169016	0.00000000	-0.04814507	0.00000000	0.01193009	0.06759821	0.00000000	-0.02454167	-0.00259933	0.04639524	0.00000000
chr2	178098954	driver	C	T	-0.06262235	0.00000000	0.00557818	-0.01939658	0.00169283	0.00275236	0.00000000	0.00000000	0.00000000	0.00000000	-0.03144316	-0.00320490	0.00000000	0.00000000	0.00000000	-0.13953598	0.00426319	0.00000000	-0.03410183	0.00302457	-0.08039646	-0.14790481	0.09199642	0.00000000	0.09936136	0.01331243	0.00720662	-0.11572348	0.00000000	0.00630708	-0.01069881	0.02958508	0.00374424	0.00000000	0.02189568	-0.02031936	0.01789147	-0.04721764	0.00000000	0.00000000	-0.11942720	0.08015472	0.00000000	0.00000000	0.00000000	0.00000000	0.00000000	0.00000000	0.04790199	-0.00111705	-0.01713900	0.03315086	0.00000000	0.00000000	0.02620232	0.00000000	0.03212957	-0.00120105	0.00000000	0.04183844	0.00000000	-0.02729449	0.00000000	-0.00767705	0.00000000	-0.02365819	0.00000000	0.00144753	0.00000000	-0.05119745	-0.10031903	0.00000000	0.02809064	-0.08192032	0.00000000	-0.08348739	0.00000000	0.05880612	0.03567107	0.00000000	0.00213647	-0.04252493	0.00000000	0.00000000	0.00000000	0.00000000	-0.02770913	-0.05676624	0.01420705	0.00000000	0.12316324	-0.00631107	-0.02937052	0.00000000	0.00855603	0.00000000	0.03623274	0.00000000	0.00000000	-0.06170817	0.04161860	0.00190357	-0.01014262	0.00000000	-0.02218389	0.00000000	-0.03646070	0.00000000	-0.03828599	-0.04110201	-0.03954676	0.00000000	-0.12739702	-0.02149744	0.00000000	0.00000000	0.00000000	-0.08540968	-0.00524240	-0.08750278	0.00000000	-0.00568929	0.00000000	0.07421949	0.05129686	0.00000000	-0.01874907	0.00000000	0.00000000	0.01047870	0.00000000	0.00000000	0.00000000	-0.03769707	-0.01157608	-0.00596255	0.03713186	0.00000000	0.02444961	0.00000000	0.03161176	0.12076570	0.00208277	0.00000000	-0.06502305	0.10656113	-0.14249200	0.00924912	-0.03258502	-0.00790477	-0.01106446	0.07828721	0.00000000	0.00000000	0.01679151	0.00000000	-0.01461261	0.01411752	0.02142608	0.00000000	0.01492687	0.00640592	0.00000000	0.06893618	0.00000000	0.04651326	0.00398906	0.00000000	-0.01610804	0.00000000	0.00075443	0.03565371	0.00536591	-0.02135270	0.00000000	0.00000000	-0.06438148	0.00000000	0.01462381	-0.04316255	0.00000000	0.00000000	0.00000000	-0.00335866	-0.00144685	0.00756761	0.00124059	0.00000000	0.05586955	0.00000000	0.00000000	0.02187664	0.00000000	0.00359549	0.03483835	0.00000000	0.00000000	0.02576845	-0.00346726	0.00000000	0.00000000	0.00000000	0.00000000	0.00000000	0.00000000	-0.07807578	-0.07568295	-0.03243781	0.00000000	0.00946718	0.00000000	0.00000000	0.00000000	-0.08195401	-0.04251964	0.00000000	0.03804943	0.00000000	0.02109131	0.00000000	0.00000000	-0.13782711	-0.10191724	-0.05297909	0.04246109	-0.00293940	-0.02200362	0.00514503	0.00000000	-0.05035436	-0.05191285	0.00000000	0.00000000	0.06069894	0.00475696	0.00000000	-0.03380406	-0.00456395	0.00000000	0.01836416	0.00000000	0.04318081	0.05577976	-0.03128973	-0.08996806	-0.05869091	0.00000000	0.01449583	0.00000000	0.03400934	0.00815418	0.00000000	-0.03987309	-0.10174111	0.00602295	0.00000000
chr2	178098953	driver	C	G	-0.10589038	0.00000000	-0.00588118	0.00783043	0.04843338	-0.01443138	0.01586891	0.00000000	0.00000000	0.00000000	-0.05967088	-0.07240477	0.00000000	0.00000000	0.00000000	-0.05835856	0.01686971	0.00000000	0.15302028	0.01994008	0.02486935	-0.03109807	0.05707973	0.00000000	0.03477323	0.00830381	-0.02817742	0.01988041	0.00000000	-0.00782087	0.10034278	0.06235823	-0.00980434	0.00000000	0.02715181	0.02645449	-0.03712363	-0.03380173	0.00000000	0.00000000	0.01683664	0.03574672	0.00000000	0.00000000	0.00000000	0.00000000	0.00000000	0.00000000	-0.02407289	-0.08125931	-0.13364591	0.14447755	0.00000000	0.00000000	-0.00393766	0.00000000	-0.00394192	-0.06729920	0.00000000	-0.08349279	0.00000000	-0.09931053	0.00000000	-0.06604749	0.00000000	-0.03046283	0.00000000	-0.01636109	0.00000000	0.05721474	-0.06661570	0.00000000	0.01397133	-0.04526789	-0.00616309	-0.03561851	0.00000000	0.06147251	0.03222103	0.00000000	-0.01839021	-0.04620074	0.00000000	0.00000000	0.00000000	0.00000000	-0.02399785	-0.18606499	0.03534641	0.00000000	-0.09133352	0.00000000	-0.02096744	0.00000000	0.01000421	0.00000000	0.08923185	0.00000000	0.00000000	-0.03469851	-0.01069084	0.03716479	-0.02065447	0.00000000	-0.02229253	0.00000000	0.05253379	0.00000000	0.00937329	-0.05938478	0.05616787	0.00000000	-0.03972721	-0.03169907	0.00464662	0.03833194	0.00000000	-0.02278837	-0.05021392	-0.09814489	0.00000000	0.00102028	0.00000000	0.16685227	-0.03926632	0.00000000	0.00777666	0.00000000	0.00000000	0.00000000	0.00000000	0.00000000	0.00000000	-0.02149546	-0.04631671	-0.02677400	0.03157018	0.00000000	-0.02807691	0.00000000	-0.02001098	-0.02305935	-0.03044447	0.00000000	-0.02170566	0.11408994	0.01254544	-0.09578425	0.06907210	0.11656848	-0.01678503	-0.04495420	0.00000000	0.00000000	-0.03342384	0.00000000	0.03124533	0.00353684	0.09391722	0.00000000	0.01403468	-0.02097088	0.00000000	-0.08416559	0.00000000	0.01734346	-0.03413701	0.00000000	0.04081826	0.00000000	-0.02000210	-0.01844355	0.00390518	-0.00996528	0.00000000	0.00000000	0.02456048	0.00000000	0.00997338	0.04843153	0.00000000	0.00000000	0.00000000	0.09970563	-0.01843808	-0.09205122	0.00000000	0.00000000	-0.01963401	0.00000000	0.00000000	0.01274732	0.00000000	-0.02271454	-0.04161134	0.00000000	0.00000000	-0.00811665	-0.03597477	0.00000000	0.00000000	0.00000000	0.00000000	0.00000000	-0.01326620	0.03937493	0.04077505	0.01872842	0.00000000	-0.07439405	0.00000000	0.00000000	0.00000000	-0.23774491	0.02133328	0.00000000	-0.05252789	0.00000000	0.01873659	0.00000000	0.00000000	-0.10043770	-0.09628335	-0.03526257	-0.01632178	0.04996898	-0.01129776	-0.03008343	0.00000000	0.02549946	0.05020065	0.00000000	0.00000000	-0.00242895	0.11214657	0.00000000	0.00114173	-0.04086968	0.00000000	0.02708051	0.00000000	-0.03097966	0.02378818	-0.04129604	-0.00295941	-0.03401443	0.00000000	0.04366623	0.00000000	0.05139793	0.09551752	0.00000000	0.00177833	-0.03151926	0.02659705	0.00000000
chr2	178097235	passenage	T	C	-0.10038467	0.00000000	0.02643140	-0.04495683	0.00141917	-0.02420004	0.00000000	0.00000000	0.00000000	-0.01602696	0.04608247	-0.02581248	-0.00155224	0.00000000	0.00000000	0.00056651	0.01857328	0.00000000	0.02731842	-0.02119977	0.00456169	0.09347698	0.01442716	0.00000000	-0.05560199	0.00000000	-0.01341656	0.07266449	-0.01153467	0.02152033	-0.02518448	0.01390573	-0.00439500	0.00000000	0.02432873	0.17600708	-0.09160727	0.00000000	0.00000000	0.00000000	0.03426794	0.01564593	0.00000000	0.00000000	0.00000000	0.00000000	0.00000000	0.00000000	0.00102520	-0.09531491	-0.03726956	0.07629482	0.00000000	0.00000000	0.02326642	0.00000000	0.00406224	-0.00586623	0.01595401	-0.03438982	0.00000000	-0.01154825	0.00000000	0.04707623	-0.02565478	-0.00171595	0.00000000	-0.03853797	0.00000000	0.03543920	0.07418603	0.00000000	0.01685369	0.05802859	0.00000000	0.03480449	0.00000000	0.02447459	0.06187235	0.00000000	-0.08204290	0.06134400	0.00000000	0.00000000	-0.00277306	0.06581198	-0.01414492	-0.03434566	0.06370322	0.02415243	0.00366765	0.12010626	0.00000000	0.00000000	0.00000000	0.01550031	0.01577532	0.00000000	0.00000000	0.03716885	-0.00355083	-0.03717786	-0.05184349	0.00000000	0.01187436	0.00000000	0.04211384	0.00000000	-0.06199902	-0.01653113	0.00559363	0.00000000	-0.04320627	-0.00920534	-0.02720355	-0.00825891	0.00000000	-0.01699383	-0.05032459	0.01246396	0.00000000	-0.04005836	-0.02675726	0.06560452	0.06069869	0.00000000	-0.00802676	0.02874246	0.00000000	0.03833630	0.00000000	0.00000000	0.00000000	-0.01651073	0.00000000	0.01575193	-0.04841326	0.00000000	-0.00382046	0.00000000	0.00195833	0.01591176	-0.00251907	0.00000000	0.06359297	-0.06732539	0.02323572	-0.09912698	0.07542719	-0.00063036	0.00000000	-0.16502351	0.00000000	0.00000000	-0.05184110	0.00000000	0.00205413	0.02144990	0.01350704	0.00000000	0.00215239	-0.00666673	0.00000000	-0.04375981	-0.05462883	-0.01534176	0.00977780	0.01757561	0.05227610	0.00000000	-0.02037014	-0.00715420	0.00341679	-0.03938596	0.00000000	0.00000000	0.09973295	0.00000000	-0.00711986	0.01408654	0.00000000	-0.04352053	0.00000000	0.02323809	0.04908337	-0.01754832	-0.03927206	0.05557627	0.00210629	0.00000000	0.00000000	0.00000000	0.00000000	0.00000000	0.01559144	0.00000000	0.00000000	-0.01165237	0.01730922	0.00000000	0.00000000	0.00000000	0.00000000	0.00000000	-0.01726747	-0.00511014	0.00466605	0.04175094	0.00000000	-0.04286627	0.00000000	0.00000000	0.00000000	0.01745921	-0.06689161	0.00000000	0.05650863	0.00000000	-0.00797917	0.00000000	0.00000000	0.02128005	-0.05689502	-0.02056931	0.00000000	-0.01250160	0.00000000	-0.01448049	0.00000000	-0.00394279	0.00009664	0.00000000	0.00000000	0.00000000	-0.00649473	0.00000000	-0.01178685	-0.01061896	0.00000000	0.08109005	0.00000000	-0.04284171	0.01120404	0.00000000	0.04125360	0.02073067	0.00000000	-0.01743728	-0.00141761	0.04500758	0.02458811	0.00000000	0.02421268	-0.00827512	-0.08693380	0.00000000
chr1	115256530	driver	G	T	-0.01940167	0.00000000	0.00000000	0.04383986	0.01837628	-0.06744616	0.01317339	0.00000000	0.00000000	0.00000000	-0.12335816	-0.01906130	0.01382161	0.00000000	0.00000000	-0.02682438	-0.04277416	0.00000000	0.01163475	-0.12721743	-0.03725412	-0.10262486	0.00000000	-0.01209781	-0.02801471	0.02430377	-0.00735486	-0.10786092	0.00000000	0.00402597	0.11971649	-0.04336276	-0.04061048	0.00000000	0.04224151	-0.03577407	0.02415746	-0.03091130	0.00000000	0.00000000	-0.04552080	-0.01070038	0.00000000	0.00000000	0.00000000	0.00000000	0.00000000	0.04437265	0.01526996	-0.05613275	-0.05029218	0.15850097	0.00000000	0.00000000	-0.02797930	0.02477400	-0.03994968	0.04754795	0.00000000	-0.08732695	0.00000000	0.00060964	0.00000000	0.12349710	0.02166538	0.00000000	0.00000000	-0.08136869	0.07691654	-0.00433508	-0.02908701	0.00000000	0.07882655	-0.09110713	0.00000000	-0.00390387	0.00000000	-0.01664186	-0.01350757	0.00000000	-0.09815238	0.01909886	0.00815286	0.00000000	0.00000000	0.00000000	-0.03981203	-0.05784291	0.08458197	0.00000000	-0.02768524	-0.01416037	0.00564736	0.00000000	0.10818416	0.02413226	-0.01926827	0.00000000	0.00000000	0.00903256	0.00925317	0.00000000	-0.03039829	0.04193920	-0.07023805	0.00000000	0.01796440	0.00000000	-0.00944844	-0.01193194	0.00515112	0.00000000	-0.08154309	-0.02240520	-0.03763091	0.00000000	0.00000000	0.03300188	0.01109998	0.00311068	0.00000000	-0.01683848	0.00000000	-0.06150364	0.03695416	0.00000000	0.00000000	-0.03195445	0.00000000	0.00000000	0.00000000	0.00000000	0.01015425	-0.03749226	0.00000000	-0.00680017	-0.03104529	0.00000000	-0.03591025	0.00000000	0.00000000	0.00000000	0.04475796	0.00000000	0.00000000	-0.01497862	-0.11602485	-0.00332385	-0.09414917	0.08382002	0.01038414	-0.07863416	0.00000000	0.00000000	-0.00675943	0.00000000	0.01968496	-0.05009156	0.03458585	0.00000000	-0.02694511	-0.11093459	0.00000000	-0.09384036	0.00000000	-0.02100886	-0.03269973	0.00000000	-0.02089423	0.00000000	0.00000000	-0.06013638	0.05290076	-0.10267769	-0.00566986	0.00000000	-0.01186809	0.00000000	-0.03497618	-0.08744875	0.00000000	0.03453252	0.00000000	-0.05581385	0.03631274	0.06208031	0.00000000	0.00000000	0.06359227	0.00000000	0.00000000	-0.02099049	0.00000000	0.05297834	-0.04100176	0.00000000	0.00000000	-0.03945205	-0.13149397	0.01016144	0.00000000	0.00000000	0.00000000	0.00000000	0.07415447	-0.07836196	0.02514076	0.00000000	0.00000000	0.07354492	0.00000000	0.00000000	-0.01305311	0.09918332	-0.07340758	0.00000000	-0.03742932	0.00000000	-0.00762296	0.00000000	0.00000000	0.00854582	-0.18605629	0.02184371	0.03978725	0.01336744	0.01183147	-0.00712427	0.00000000	-0.05201873	0.04021824	-0.00548583	0.00000000	-0.01965811	-0.00783467	0.00000000	-0.06172296	0.02803805	0.00000000	0.04379453	0.00000000	0.04238661	0.00505563	0.07728158	0.03364208	-0.19444486	-0.03511420	-0.13756090	0.00000000	-0.00569176	0.01737630	0.00000000	0.00000000	0.08065797	-0.03909686	0.00000000
chr1	115258747	driver	C	G	-0.03315643	0.00000000	-0.02004293	0.04631801	0.02076623	0.01394216	0.00000000	0.00000000	0.00518996	0.03801788	-0.00938509	0.02220724	0.00000000	0.00000000	0.00000000	0.05209933	0.01085583	0.00000000	0.05531549	-0.01053442	0.04203424	-0.02455097	0.00000000	-0.01316627	-0.02110508	0.00000000	0.02744624	-0.02793080	0.00000000	-0.00768821	0.01539539	-0.02852143	0.00413516	0.00000000	0.02375060	0.05447229	0.11725875	0.09325206	0.00000000	0.08610044	-0.06281248	-0.08170363	0.00000000	0.00000000	0.00000000	0.00000000	0.00000000	0.00000000	0.01150943	-0.09792313	0.08584812	0.00265318	0.00000000	0.00000000	-0.05227097	0.00000000	0.00206754	0.03409694	0.00000000	-0.00224296	0.00000000	0.03381811	0.00000000	0.00655471	0.03396028	-0.00209974	0.00000000	0.07398009	0.02976055	0.00000000	0.02299964	0.08638492	-0.05305235	0.02867585	0.00000000	0.02079284	0.00000000	0.01180220	0.09852482	0.00000000	0.03350867	0.00878605	0.00000000	0.00000000	-0.03535799	0.00000000	0.07559709	0.10492957	0.00000000	0.00000000	0.02136565	-0.04373828	0.00000000	0.00000000	0.00000000	-0.00205773	-0.00765174	0.00000000	0.00000000	-0.05791148	-0.00480028	0.04938851	-0.04354626	0.00000000	0.03760612	0.00000000	-0.06361338	0.00000000	-0.01732903	0.01325831	-0.04241359	0.00000000	-0.02731359	-0.04979317	0.00000000	0.00758520	0.00000000	-0.02764783	0.02223055	0.04060455	0.00000000	-0.06862428	0.00000000	0.01073661	-0.00241584	0.00000000	-0.00843712	-0.01141477	0.03646358	-0.06953239	0.00000000	0.00000000	0.00000000	0.00000000	0.00000000	0.01663860	0.00059777	0.00000000	-0.02281710	0.00000000	0.00000000	0.01588738	0.00484389	0.00000000	-0.00752909	0.01532972	-0.00739527	-0.06266668	-0.05283913	-0.00296605	-0.00102990	0.01078594	0.00000000	0.00000000	0.05724505	0.00000000	-0.02934483	0.06819905	0.00449739	0.00000000	0.01077235	0.00073805	0.00000000	0.03060355	0.00000000	0.04440416	0.00468537	0.00000000	0.06017329	0.00000000	0.00000000	-0.02979445	-0.00572659	0.03056007	0.00000000	0.00000000	-0.00486530	0.00000000	-0.03932881	0.00153669	0.00000000	0.07259525	0.00000000	-0.03876232	0.02143565	-0.03407666	0.00000000	0.00000000	0.04831012	0.00000000	0.00000000	-0.01431090	0.00000000	0.07380102	0.00707052	0.00000000	0.02123284	0.02202149	-0.01479246	0.00000000	0.03139275	0.00000000	0.00000000	0.00000000	-0.07040577	-0.02622479	-0.01228458	0.00000000	0.00000000	0.02095823	0.00000000	0.00000000	0.00000000	-0.04773390	0.01807724	0.00000000	-0.02776410	0.00000000	0.00004902	0.00000000	0.00000000	-0.03160495	0.07403266	0.00923616	0.00000000	-0.02123618	-0.00905046	-0.00488597	0.00000000	0.00277603	0.02381180	-0.00016856	0.00000000	0.06134287	-0.06622329	0.00000000	-0.05145815	-0.02271675	0.00000000	0.09239130	0.08647851	-0.01137862	0.02840670	0.00000000	-0.02294717	0.07269642	0.00000000	-0.01993974	0.00000000	-0.02525583	0.00894772	0.00000000	0.00000000	0.00004631	-0.01028459	0.00000000
chr1	115256521	passenage	A	C	0.00313652	0.00000000	0.01895831	0.03736430	0.00855523	0.01166905	-0.02464386	0.00000000	0.00000000	0.00000000	-0.05989005	0.03571807	0.00000000	0.00000000	0.00000000	0.03348675	-0.05528565	0.00000000	-0.09701250	-0.02870486	-0.00418672	-0.07303342	0.00000000	-0.05761170	0.08348999	0.00000000	-0.10447344	-0.03533372	0.00000000	-0.01486731	0.07128740	0.02018812	0.06422488	0.00000000	-0.07635885	-0.10281042	0.00613641	-0.07512809	0.00000000	0.00000000	-0.03359831	-0.00701201	0.00000000	0.00000000	0.00000000	0.00000000	0.00000000	0.00000000	0.04491165	-0.11753990	-0.14384907	0.08397868	0.00000000	0.01346611	0.00269695	0.00000000	-0.01058310	0.02286899	-0.00310527	0.02598850	0.00000000	-0.03442082	0.00000000	0.03822431	-0.00870347	0.06119756	0.00000000	-0.04271845	0.03281922	0.07434494	-0.05482841	0.00000000	0.11090416	-0.07051647	0.00000000	-0.07087243	0.00000000	-0.05950928	-0.03392842	-0.01104064	0.03175867	0.01643068	-0.01508128	0.00000000	0.00000000	0.00000000	-0.06566742	-0.07799456	0.00000000	0.00000000	0.04938529	-0.07144089	-0.00690871	0.00000000	-0.00914964	-0.00309146	0.03310899	0.00000000	0.00000000	0.05243044	-0.00315451	0.00000000	0.00610062	-0.01438242	-0.02819133	0.00000000	0.00477529	0.00000000	0.03055975	-0.01516594	-0.02697536	0.00000000	-0.05606791	0.03019109	-0.01827595	0.00000000	0.00000000	-0.02510595	0.04568334	0.05526412	0.00000000	0.10968365	0.00000000	0.00751449	-0.01975535	0.00000000	0.00000000	-0.00350666	0.00000000	0.00000000	0.00000000	0.00000000	-0.01839452	0.03585432	0.00000000	0.05388806	-0.05455601	0.00000000	0.00105215	0.00000000	0.00000000	0.00000000	0.03278060	0.00000000	0.06857070	-0.04528446	-0.04113352	0.01803163	0.00409502	0.10890275	0.03452890	-0.02195603	0.00000000	0.00000000	-0.02790964	0.00000000	0.04198921	-0.06083167	-0.01666129	0.00000000	0.00848451	-0.09468491	0.00000000	-0.02119584	0.00000000	-0.03016356	0.02496088	0.00000000	0.00017410	0.04438083	0.00000000	-0.14760572	0.04876131	-0.01330884	0.00000000	0.00000000	0.03835255	0.00000000	-0.04121952	-0.03863712	0.00000000	0.00561592	0.00000000	-0.03055805	-0.02715728	0.05905548	0.00000000	0.00000000	0.05136693	0.00000000	0.00000000	-0.02449236	0.00000000	0.02435238	-0.11028138	0.00000000	0.00000000	-0.03540719	0.03143141	0.00000000	0.00000000	0.00000000	0.00000000	0.00000000	0.09564513	-0.06198582	-0.15413120	0.00000000	0.00000000	0.03839311	0.00000000	0.00000000	-0.05605539	0.05717859	0.01402654	0.00000000	-0.03400236	0.00000000	0.00000000	0.00000000	0.00000000	-0.01935568	-0.23080188	-0.03434623	0.02360348	-0.01261871	0.00000000	-0.01683177	0.00000000	-0.00731093	0.00308445	-0.02809832	-0.00283804	-0.03936553	0.02207306	0.00000000	0.00114369	0.07036835	0.00000000	-0.01758287	0.00000000	-0.01328470	-0.06518549	0.04872317	0.00211000	-0.11383283	0.01267047	-0.07682887	0.00000000	0.01694623	0.00565866	0.00000000	0.00000000	0.07913592	0.01034375	0.00000000
chr1	115256529	driver	T	C	-0.01099321	0.00000000	0.00000000	-0.06882720	0.08889842	-0.00773472	-0.01883026	0.00000000	0.00000000	0.00000000	-0.04702452	-0.00934719	0.00000000	0.00000000	0.00000000	0.01714000	0.01845685	0.00000000	0.15281883	-0.04724668	-0.06145930	0.01435247	0.00000000	-0.03779164	-0.00783336	0.00000000	-0.00395453	-0.05116948	0.00000000	0.00721094	-0.04073754	-0.03751542	-0.00740811	0.00000000	0.10652786	0.03121461	-0.00986592	-0.00541729	0.00000000	0.00000000	0.01630212	-0.04767135	0.00000000	0.00000000	0.00000000	0.00000000	0.00000000	0.00000000	-0.06068192	0.04767786	-0.04743545	0.09615595	0.00000000	0.00000000	0.08278358	0.04261143	0.07621563	-0.03070979	0.00000000	-0.09815605	0.00000000	0.13436316	0.00000000	0.01031464	0.08545426	-0.01030637	0.00000000	-0.07777908	0.02844336	0.04131014	0.00888035	0.00000000	0.05481885	-0.02741626	0.00000000	-0.01570958	0.00000000	-0.01856631	-0.03253864	0.00000000	0.01351929	-0.01890904	0.01185414	0.00000000	0.00000000	0.00000000	-0.09762519	0.01318449	0.04906528	0.00000000	-0.08973313	0.02524880	0.02467943	0.00000000	-0.03942319	0.01275281	0.03975005	0.00000000	0.00000000	0.07293746	0.00304061	0.00000000	0.02172048	-0.01556409	-0.00938323	0.00000000	0.02221181	0.00000000	0.02034014	-0.00870168	-0.01473603	0.00000000	-0.00156416	0.03419028	-0.00638467	0.00000000	0.00000000	-0.01407103	-0.08726863	0.06084770	0.00000000	0.08365186	0.00000000	-0.02540275	0.03603807	0.00000000	0.00000000	-0.05523110	0.00000000	0.00000000	0.00000000	0.00000000	0.00829639	0.00308482	0.00000000	-0.00889768	0.09064145	0.00000000	-0.04972263	0.00000000	0.00000000	0.00000000	0.06853559	0.00000000	0.00000000	0.00706217	-0.00101399	-0.03592788	-0.03950652	0.03141317	-0.05801336	0.03831720	0.00000000	0.00000000	0.02977442	0.00000000	0.02484188	-0.03100125	-0.05863258	0.00000000	-0.05554816	-0.09465726	0.00000000	-0.08795264	0.00000000	-0.04978657	-0.15391375	0.00000000	0.03405267	0.00000000	0.00000000	0.06449516	0.02422282	-0.05230638	0.02112057	0.00000000	0.03046212	0.00000000	-0.00644337	-0.03431882	0.00000000	0.02941341	0.00000000	-0.05850515	0.02622925	0.03411378	0.00000000	0.00000000	0.04791696	0.00000000	0.00000000	-0.05874031	0.00000000	0.06959471	-0.01547804	0.00000000	0.00000000	0.01355634	-0.09539148	0.00000000	0.00000000	0.00000000	0.00000000	0.00000000	0.02156940	0.07557678	-0.01235822	0.00000000	0.00000000	0.05385953	0.00000000	0.00000000	-0.06118397	0.04768343	-0.02742171	0.00000000	-0.05580895	0.00000000	0.01606163	0.00000000	0.00000000	0.01566502	-0.09291738	0.01283771	0.01131572	0.06193648	-0.01134173	0.00043656	0.00000000	-0.01607165	0.04511579	0.00006960	0.00000000	0.01154688	0.09851056	0.00812306	0.06340110	-0.05190249	0.00000000	0.03221545	0.00000000	-0.04689311	0.05433895	0.00804719	-0.01605793	-0.12682664	-0.05576120	0.00828162	0.00000000	-0.04216517	-0.09763977	0.00000000	0.00000000	0.03924879	0.02605686	0.00000000
chr1	115258748	driver	C	A	-0.03173962	0.00000000	0.03621675	-0.00399347	0.02957968	0.00000000	0.00000000	0.00000000	-0.00039427	-0.03378094	-0.01582499	0.02095174	0.00000000	0.00000000	0.00000000	-0.02765828	0.01295049	0.00000000	-0.00806474	0.09596805	-0.04764988	-0.01063523	0.00000000	-0.02263059	-0.07157620	0.00000000	-0.07168218	-0.02461785	0.00000000	-0.00648265	-0.00176083	0.00407250	0.00676292	0.00000000	-0.00827670	-0.01974959	0.08261798	-0.14267224	0.00000000	-0.09723616	0.02468327	0.01387961	0.00000000	0.00000000	0.00000000	0.00000000	0.00000000	0.00000000	0.02408093	-0.09189677	-0.11585977	0.01357174	0.00000000	0.00000000	-0.05922267	0.00000000	0.00764684	0.00181051	0.00000000	0.06408472	0.00000000	-0.04571483	0.00000000	-0.03987226	0.01374366	0.05636776	0.00000000	-0.08879235	0.03113514	0.00000000	-0.04203320	-0.12992498	0.02228182	-0.05360010	0.00000000	-0.04988798	0.00000000	-0.03042835	0.07994737	0.00000000	-0.01828564	-0.03311931	0.00000000	0.00000000	0.00000000	0.00000000	-0.12819242	-0.07103670	0.00000000	0.00086111	0.06749427	-0.03850135	0.00000000	0.00000000	0.00000000	0.01181834	-0.00645426	0.00000000	0.00000000	-0.03130896	-0.03848527	0.03804220	-0.07418248	0.00000000	-0.03869601	0.00000000	0.00069723	0.00000000	-0.04200815	-0.09011845	-0.00482756	0.00000000	-0.01454386	0.01845221	0.00531230	-0.00113999	0.00000000	-0.02159107	-0.00760198	-0.01490462	0.00000000	-0.01993003	0.00000000	0.00968147	0.01248205	0.00000000	-0.02183033	0.00000000	-0.01557858	-0.00827662	0.00000000	0.00000000	0.00000000	0.00000000	0.00000000	-0.01355066	0.00561830	0.00000000	-0.04586852	0.00000000	0.00000000	0.03226393	0.02393422	0.00000000	-0.00515826	0.08127634	-0.05163187	0.04405802	0.07450941	0.02005936	0.00000000	-0.01705129	0.00000000	0.00000000	0.01644455	0.00000000	-0.01652585	-0.01364375	0.00476275	0.00000000	0.00197708	0.01752767	0.00000000	0.03982871	0.00000000	0.03259255	0.02277136	0.00000000	0.03223124	0.00000000	0.00000000	-0.03097397	-0.01301618	-0.00508253	0.00000000	0.00000000	0.00739121	0.00000000	-0.01567110	0.02746998	0.00000000	-0.01261284	0.00000000	0.00817764	-0.01032721	-0.08055893	0.00000000	0.00000000	0.02835800	0.00000000	0.00000000	0.00842607	0.00000000	-0.05898864	0.02679418	0.00000000	0.00000000	-0.05883530	0.02514531	0.00000000	0.00000000	0.00000000	0.00760279	0.00000000	-0.04869601	-0.05773780	-0.00734729	0.00000000	0.00000000	-0.01188646	0.00000000	0.00000000	0.00000000	0.01282792	-0.02461384	0.00000000	0.00578344	0.00000000	-0.02750789	0.00000000	0.00000000	-0.02893579	-0.11924645	0.01979058	0.00000000	0.00341171	-0.01052431	-0.00213214	0.00000000	0.01083189	0.01664562	0.00000000	0.00000000	-0.00049417	-0.00362204	0.00000000	-0.05848220	0.01517092	0.00000000	-0.01104498	-0.06399633	0.09337184	-0.00151806	0.00000000	0.05156786	-0.12415108	0.00000000	0.04808196	0.00000000	-0.00574030	-0.02566911	0.01435235	0.00000000	0.01514891	-0.06418045	0.00000000
chr1	115256528	driver	T	G	0.02060255	0.00000000	0.00777989	0.01410538	0.07722987	-0.01990024	0.02923725	0.00000000	0.00000000	0.01601239	0.01934058	-0.01806165	0.00000000	0.00000000	0.00000000	-0.01669586	0.01162293	0.00000000	0.01642208	-0.01135363	-0.05356374	0.05070803	0.00000000	-0.05035046	0.04380396	0.01088451	-0.03309262	-0.01200119	0.00000000	0.02541174	0.05597496	-0.08095232	0.03875564	0.00000000	0.08162144	0.02550598	-0.02856066	-0.07534061	0.00000000	0.00000000	-0.00193980	0.02494780	0.00000000	0.00000000	0.00000000	0.00000000	0.00000000	0.00000000	0.03111219	-0.01199120	-0.03201509	0.06297425	0.00000000	0.00000000	0.05184737	0.01660692	0.10442650	-0.01020074	0.00000000	-0.09639017	0.00000000	0.00657986	0.00000000	-0.04289538	0.00292691	0.04761058	0.00000000	-0.10032883	0.00577167	0.03083851	0.08722675	0.00000000	0.09891419	-0.03616768	0.00000000	-0.00546092	0.00000000	0.01171529	-0.10716468	0.00000000	0.00326133	-0.01823968	0.02348049	0.00000000	0.00000000	0.00000000	-0.09070852	-0.14379853	0.00000000	0.00000000	-0.02654172	-0.01273564	0.00871374	0.00000000	-0.02119469	-0.01234536	0.02686235	0.00000000	0.00000000	0.00889274	-0.02279159	0.00000000	-0.06455514	0.00000000	-0.03132465	0.00000000	0.01783835	0.00000000	0.04717439	-0.04636098	0.02705160	0.00000000	-0.07271802	-0.00149550	-0.00542345	0.00000000	0.00000000	-0.00662230	0.04263563	0.01531157	0.00000000	0.09106190	0.00000000	-0.04610179	0.15132712	0.00000000	0.00000000	-0.02656835	0.00000000	0.00000000	0.00000000	0.00000000	0.03243491	0.01242072	0.00000000	0.01353560	0.00549122	0.00000000	0.07627491	0.00000000	0.00000000	0.00000000	0.05332766	0.00000000	0.00000000	-0.00653357	-0.02680668	-0.02877202	0.00639176	0.02484632	-0.08037876	-0.02166197	0.00000000	0.00000000	-0.05359207	0.00000000	0.01416035	-0.01559204	-0.08828798	0.00000000	0.00615102	-0.05826658	0.00000000	-0.03480192	0.00000000	-0.01465362	-0.05423020	0.00000000	-0.05001698	0.00000000	0.00000000	0.04391611	0.02732214	-0.03442875	0.00000000	0.00000000	0.03992394	0.00000000	-0.01059916	-0.05774734	0.00000000	-0.00576477	0.00000000	-0.02987958	0.00132942	-0.01840217	0.00000000	0.00000000	0.09394555	-0.01776151	0.00000000	-0.04059450	0.00000000	0.08599412	-0.03210716	0.00000000	0.00000000	-0.02163398	0.00393175	0.00000000	0.00000000	0.00000000	0.00000000	0.00000000	-0.08572778	0.06829908	-0.01105189	0.00000000	0.00000000	0.02842256	0.00000000	0.00000000	-0.03646204	0.00078534	-0.02442104	0.00000000	-0.05073553	0.00000000	0.00000000	0.00000000	0.00000000	-0.06657864	-0.11483705	0.02592512	0.04755814	0.02683660	0.01821844	-0.02803582	0.00000000	-0.04056367	0.01816820	-0.02933054	0.01000774	0.03951519	-0.01131465	0.00000000	0.04157519	0.01961929	0.00000000	0.05168013	0.00000000	0.03901206	-0.01113583	-0.04093231	-0.00416676	-0.04114476	-0.00608009	-0.01998359	0.00000000	0.04676044	-0.07329732	0.00000000	0.00000000	0.08167340	-0.01480440	0.00000000
chr1	115256529	driver	T	A	-0.00833756	0.00000000	0.00797259	0.00730092	0.03672633	-0.04999116	0.03745361	0.00000000	0.00000000	0.00000000	-0.00308624	0.03439802	0.00000000	0.00000000	0.00000000	-0.13169581	-0.01567212	0.00000000	0.06010783	-0.03102376	0.04360864	-0.02808475	0.00000000	-0.03178794	-0.03549811	0.00000000	-0.02245760	-0.06967434	0.00000000	0.00703964	-0.00911816	-0.05547189	-0.13489538	0.00000000	0.00302640	-0.01924434	0.06131568	0.02921528	0.00000000	0.00000000	0.01814473	0.00625251	0.00000000	0.00000000	0.00000000	0.00000000	0.00000000	0.00000000	-0.04213677	0.11426735	0.06147914	-0.02503247	0.00000000	0.00000000	-0.03930594	-0.00566861	0.02639865	-0.00720038	0.00000000	-0.09574197	0.00000000	0.00016090	0.00000000	-0.01357529	0.05692600	0.00762446	0.00000000	-0.01913041	0.02833589	0.04776221	0.11495031	0.00000000	-0.00986943	-0.02713001	0.00000000	0.00463903	0.00000000	-0.07003269	0.03642672	0.00000000	0.02623689	-0.00087449	-0.01514143	0.00000000	0.00000000	0.00000000	-0.01347121	0.04555988	0.00000000	0.00000000	-0.00566152	0.02214314	0.04422535	0.00000000	0.06606594	0.01541260	0.01064757	0.00000000	0.00000000	-0.07187369	0.03560798	0.00000000	-0.09535958	-0.01556409	-0.01610374	0.00000000	-0.02700123	0.00000000	0.02923142	0.01457889	-0.03741512	0.00000000	-0.05657725	-0.08014861	-0.02821697	0.00000000	0.00000000	-0.00425544	-0.04503350	0.03267893	0.00000000	0.00362728	0.00000000	0.00841049	0.06669602	0.00000000	0.00000000	-0.02581000	0.00000000	0.00000000	0.00000000	0.00000000	-0.01641596	0.02832656	0.00000000	-0.08323991	0.07031725	0.00000000	0.00921175	0.00000000	0.00000000	0.00000000	-0.06081232	0.00000000	0.04239113	-0.01748157	-0.01001459	-0.04481725	-0.07735980	0.03062132	-0.03087451	0.00367359	0.00000000	0.00000000	-0.01575842	0.00000000	0.00126406	0.00193034	-0.00843035	0.00000000	0.01420498	-0.05071577	0.00000000	-0.06677330	0.00000000	-0.07316101	-0.09144084	0.00000000	-0.08926189	0.00000000	0.00000000	0.04946052	-0.01188192	-0.01901937	0.06350321	0.00000000	-0.09683190	0.00000000	-0.04057188	0.01433997	0.00000000	0.03567455	0.00000000	0.00434934	-0.04941250	-0.08640039	0.00000000	0.00000000	0.08511095	0.00000000	0.00000000	-0.08368458	0.00000000	0.05191913	0.08694770	0.00000000	0.00000000	-0.01426483	-0.03719972	0.00000000	0.04093405	0.00000000	0.00000000	0.00000000	0.04104063	-0.00278401	-0.01928031	0.00000000	0.00000000	0.08004069	0.00000000	0.00000000	-0.07300097	0.01500331	0.03640549	0.00000000	0.02731776	0.00000000	0.00762237	0.00000000	0.00000000	-0.04780009	0.03106600	0.03794158	0.00857623	0.02535230	-0.02744670	0.00952291	0.00000000	-0.09362510	0.00224268	-0.01934901	0.00000000	0.02332931	0.02068928	0.00000000	0.01026598	-0.05176211	0.00000000	0.00803739	0.00000000	0.08928298	0.03978587	-0.04943323	0.01481221	-0.06317556	-0.10524033	0.05834287	0.00000000	-0.04959950	-0.04657033	0.00000000	0.00000000	-0.08366850	0.00094008	0.00000000
chr3	138374301	driver	G	A	0.06654663	0.00000000	0.00000000	0.06250814	-0.00396614	0.00000000	0.00260459	0.00000000	0.00000000	0.03653648	-0.03098159	-0.00591854	0.00000000	0.00000000	0.00000000	0.03380415	0.00000000	0.00000000	-0.01548765	-0.02191090	0.00974172	-0.03525779	0.00000000	0.00000000	0.04225417	0.00000000	0.02191675	-0.02684560	0.00000000	0.00566161	0.02537099	0.01107740	-0.00723393	0.00000000	-0.01756626	0.01666537	-0.00109144	0.08220121	0.00000000	0.00000000	-0.00400588	0.00417430	0.00000000	0.00000000	0.00000000	0.00000000	0.00000000	0.00000000	-0.06454723	0.00134167	0.07693690	0.04589325	0.00000000	0.00000000	-0.09290271	0.00000000	0.02501058	-0.02602762	0.00000000	-0.07940263	0.00000000	-0.04890255	0.00000000	-0.06233352	0.06550303	0.02177691	0.00000000	-0.01774622	0.00000000	0.03453646	0.01392797	0.00000000	-0.03341843	-0.01471699	0.00000000	0.05794698	0.00000000	0.01307280	0.10913193	0.00000000	-0.07150117	-0.08332010	0.00000000	0.00000000	-0.05360407	0.00000000	0.03260126	0.02124181	-0.00691180	0.00000000	0.01472462	-0.04265662	0.00000000	0.00000000	0.01743586	0.01135443	-0.01805675	0.00000000	0.00000000	-0.12717441	-0.01937557	0.05821006	0.04459062	0.00000000	0.00750688	0.00000000	0.03336496	0.00000000	0.07063127	-0.01028396	-0.01347497	0.00000000	0.10361797	0.06942499	-0.00635904	0.00000000	0.00000000	-0.01578698	-0.06786726	-0.02503157	0.00000000	-0.04864565	-0.02829963	-0.05589797	0.05005768	0.00000000	0.00000000	-0.00766599	0.01743440	0.00447179	0.00000000	0.00000000	0.00000000	0.00551041	0.00000000	-0.04048374	-0.00812496	0.00000000	-0.04892452	0.00000000	0.00000000	0.04587830	-0.06155463	0.00000000	0.00782332	0.06230232	-0.05765262	0.05613498	-0.01142102	-0.00048119	-0.04230027	0.02578381	0.00000000	0.00000000	0.08636522	0.00000000	-0.02440134	0.01456460	-0.06682923	0.00000000	0.00000000	-0.01359554	0.00000000	-0.09257761	0.03391513	-0.01341553	0.07525161	-0.00275523	-0.04017955	0.00000000	0.01878010	-0.06556281	-0.04747723	-0.03258403	0.00000000	0.00000000	0.03191096	0.00000000	-0.08410791	0.01177958	0.00000000	0.05184206	0.00000000	0.02123618	-0.08495684	0.02211328	0.00000000	0.00000000	0.02552686	0.00000000	0.00000000	0.00000000	0.00000000	-0.00049947	0.00000000	0.00000000	0.02392304	0.02239696	-0.07730433	0.00000000	0.00000000	0.00000000	0.00000000	0.00000000	0.03311524	-0.01537871	0.00909196	0.00000000	0.00000000	-0.04603842	0.00000000	0.00000000	0.00000000	-0.05459359	0.05342239	0.00000000	-0.06880805	0.00000000	0.00687442	0.00000000	0.00000000	0.04219851	0.03709567	0.00669053	0.00000000	-0.05936186	-0.05122980	-0.01729356	0.00000000	-0.05460095	-0.05095812	0.00000000	0.00000000	0.00000000	0.11007680	0.00000000	-0.00582728	0.03669676	0.00000000	0.02269397	0.00000000	-0.00745323	0.02522813	0.00000000	-0.01923755	-0.01871341	0.00000000	-0.01891556	0.01307484	0.01630640	0.09822628	0.00000000	0.00000000	0.02159843	-0.00805963	0.00000000
chr3	138413742	passenage	G	A	-0.03449985	0.00000000	0.00000000	-0.00483676	0.02709594	0.03796221	0.04123214	0.00000000	0.00000000	-0.06378300	0.00898126	-0.02877239	0.00000000	0.00000000	0.00000000	0.14624920	-0.02791325	0.00000000	0.05299013	-0.00395633	0.10053739	-0.00177145	0.00000000	0.00000000	-0.10225578	0.00000000	-0.06333070	0.11665103	0.00000000	-0.00272797	0.06381119	-0.01629910	0.03993255	0.00000000	0.05702727	0.11229246	-0.08238369	-0.09099439	0.00000000	-0.08192159	0.06725243	-0.03345551	0.00000000	0.00000000	0.00000000	0.00000000	0.00000000	0.00000000	-0.05856907	-0.02194892	-0.08162556	0.05450140	0.00000000	0.00000000	0.02026275	0.00000000	0.09782207	-0.01228711	0.00000000	0.10754313	0.00000000	0.03058790	0.00000000	-0.01893707	-0.03165198	0.13435933	0.00000000	-0.04251192	-0.08730126	0.04586221	-0.03325842	-0.11229318	-0.00505480	0.11488397	0.00000000	0.08764037	0.00000000	-0.02842858	0.00841606	0.00000000	0.02436690	0.02482415	0.00000000	0.00000000	-0.00464639	0.00000000	-0.04790851	-0.05270416	-0.01925363	0.00000000	-0.08968143	0.00176414	0.00000000	0.00000000	0.00000000	-0.02846218	-0.01655820	0.00000000	0.00000000	0.04313719	-0.01629847	0.00000000	-0.05334495	0.00000000	0.00503063	0.00000000	0.05807392	0.00000000	0.08047110	0.00683588	0.02815783	0.00000000	-0.03670499	0.15428917	0.00000000	0.00000000	0.00000000	-0.01071514	-0.01458580	0.04763201	0.00000000	-0.05065343	0.00566199	0.03536272	-0.05908029	0.00000000	-0.03727124	0.02268613	0.00000000	0.02802562	0.00000000	0.00000000	0.00000000	0.00922420	0.00000000	0.01728959	0.11023581	0.00000000	-0.03442980	0.00000000	0.00000000	0.00288831	0.06360946	0.00000000	-0.05762895	0.08133514	0.06623411	0.01992726	0.08892584	0.06991576	-0.00515381	-0.07073811	0.00000000	0.00000000	-0.09652063	0.00000000	0.02603221	-0.00504471	-0.03406386	0.00000000	0.00000000	-0.01627311	0.00000000	-0.03378431	-0.00656566	-0.00495075	-0.06273887	0.04446928	0.04762031	0.00000000	0.00000000	-0.00597653	0.02610409	-0.01212880	0.00000000	0.00000000	0.11797914	0.00000000	0.06202334	-0.00954333	0.00000000	-0.00426544	0.00000000	0.04851729	0.03623642	-0.04314473	0.00000000	0.00000000	-0.09540934	0.00000000	0.00000000	0.00745548	0.00000000	0.00000000	-0.05251507	0.00000000	0.00000000	-0.03854557	0.04828346	0.00000000	0.00000000	0.00000000	0.00000000	0.00000000	0.16109613	0.07396844	0.05475639	0.00000000	0.00000000	-0.01977380	0.00000000	0.00000000	0.00000000	-0.00107052	-0.03748250	0.00000000	-0.06420630	0.00000000	-0.00603173	0.00000000	0.00000000	0.00110427	-0.06294680	-0.07967927	0.00000000	0.05039150	0.02399461	-0.04532661	-0.00676935	0.05473509	0.08398017	0.00000000	0.00000000	-0.02202985	0.04185482	0.00000000	-0.02708042	0.06019227	0.00000000	0.07609853	0.00000000	-0.08415292	-0.02725666	-0.03386496	0.01778788	0.11762103	0.00000000	0.01409911	0.00000000	0.11132701	0.07213803	0.00000000	-0.00897497	0.17509392	-0.06970415	0.00000000
chr3	138426040	passenage	C	G	0.01917101	0.00000000	0.00782591	-0.00421958	-0.06176905	0.00000000	0.00000000	-0.02049553	0.00000000	0.00000000	0.00937057	-0.00381316	0.00000000	0.00000000	0.00000000	0.01445207	0.01189337	0.00000000	-0.01217914	-0.00471523	-0.04949618	-0.02838600	0.02816860	-0.02175109	0.01034287	0.00982555	-0.03648773	-0.03635296	0.00000000	-0.00826769	-0.05282161	0.00374740	-0.03449821	0.00000000	-0.06944154	0.00168955	-0.04680406	-0.05065805	0.00000000	-0.02655593	0.02945149	0.01882143	0.00000000	0.00000000	-0.02104666	0.00000000	0.00000000	-0.00659704	-0.02352409	0.00485517	-0.04747593	-0.02785057	0.00000000	0.00591393	0.02464623	0.00000000	-0.01476871	-0.01483869	0.00000000	0.04197399	0.00000000	0.03984305	0.00000000	-0.01855227	-0.02071152	-0.06535617	-0.03746274	-0.04206884	0.00000000	-0.07082775	0.00218191	0.00000000	-0.01775110	0.00282621	0.03545695	-0.00704250	0.00000000	0.00721399	0.00176131	0.00000000	0.03196485	0.01817673	0.00000000	0.00000000	-0.04713698	0.01569115	-0.02169341	-0.04781181	-0.05167297	0.00000000	0.07289909	0.04848298	0.00000000	0.00000000	-0.02794046	0.00000000	0.01867028	0.00000000	0.00000000	-0.04084793	0.03738923	-0.00758755	0.03102344	0.00000000	0.03134681	0.00000000	-0.00158785	-0.00520041	0.01368018	-0.03869990	0.01980388	0.00000000	-0.01357496	0.02490976	0.03804728	0.00000000	0.00000000	-0.02053062	0.00721365	0.00155500	0.00000000	-0.03107929	0.00000000	-0.06457702	0.01224795	0.00000000	0.00000000	-0.01609348	0.00994898	-0.02034011	-0.03076910	0.00000000	0.00000000	0.00000000	0.00000000	-0.04078109	-0.00240481	0.00000000	0.04550824	0.00000000	0.01705908	-0.04083392	-0.02869877	0.00000000	-0.06609638	0.03851399	0.00408693	0.02541021	-0.00334369	-0.06499970	0.00539198	-0.02020304	0.00000000	0.00000000	-0.02641919	0.00000000	0.00000000	0.01223354	0.00090107	0.04619795	-0.02674935	0.03888361	0.00000000	0.02476849	-0.00122619	-0.01075442	0.02619928	0.00000000	-0.01485935	0.00000000	-0.00193959	-0.00332271	-0.05773413	-0.04507033	0.00000000	0.00000000	-0.00050612	0.00000000	0.04200955	-0.00901230	0.01425464	0.00947342	-0.01350252	0.00187042	0.00349480	-0.05980216	0.02029173	0.00000000	-0.04453748	-0.00031478	0.00000000	0.00000000	0.00000000	0.00000000	0.00100379	0.00000000	-0.00601850	0.01223604	0.00560486	-0.04265794	0.00122523	0.00000000	0.00000000	0.00000000	-0.05853069	0.04855214	-0.00705116	0.00000000	0.00000000	0.01165420	0.00000000	0.00000000	0.00000000	0.06118247	-0.03382499	0.00000000	-0.02003276	0.00000000	-0.00495025	-0.02544134	0.00000000	-0.02443179	-0.02825022	-0.04569960	0.03156192	-0.03486024	0.00000000	0.00421023	-0.01872350	0.00521661	-0.05642374	-0.00148935	0.00000000	-0.00527300	0.03545800	0.00000000	0.00282937	-0.00163484	0.00000000	-0.03345259	-0.03635554	0.01825899	0.01357634	0.03221130	0.00355291	0.01054525	0.00000000	0.04792971	0.00000000	-0.00401885	0.06517227	0.00000000	0.00172003	-0.03601562	0.02247353	0.00000000
chr7	124510993	driver	C	A	0.01236074	-0.00964193	-0.05490489	-0.01783381	-0.00859204	0.00000000	-0.02233609	-0.09385680	0.00000000	0.01257322	0.00057647	-0.01050106	0.00000000	-0.00821094	0.00000000	-0.01604208	0.00000000	0.00000000	0.00000000	-0.01452842	-0.03595617	0.05499860	0.02378500	0.00000000	0.02804083	0.00000000	0.00000000	0.00862245	0.00000000	-0.00805865	0.00320567	-0.00522292	-0.01206121	0.01119018	-0.03982857	0.02504397	0.04243238	0.00000000	0.00000000	0.00000000	-0.00729918	-0.04268091	0.00000000	0.00000000	0.00000000	0.00000000	0.00000000	0.00000000	-0.00155070	-0.04297891	0.00000000	0.00187021	-0.02992307	0.00967566	0.01831516	0.00000000	-0.03668311	0.00888899	0.00318236	-0.01494726	-0.02150237	0.03469639	0.00000000	-0.02337150	0.00000000	-0.00688758	0.04947972	0.00000000	0.00000000	-0.03421807	0.00162433	0.00000000	-0.06847331	0.02844393	0.00000000	-0.00716731	0.00000000	0.08218329	-0.02519123	0.00000000	0.00132732	0.01022308	0.00000000	-0.04613680	0.00000000	0.00000000	0.00000000	-0.00109357	-0.01555821	0.00000000	-0.00659586	-0.07212947	-0.00975451	0.00000000	0.00000000	-0.02298340	0.04759568	0.00000000	-0.04855280	-0.03257628	0.00000000	-0.02834888	0.05205346	0.01743550	0.03106169	0.00000000	-0.05612259	0.00000000	0.05062833	0.00000000	0.02827045	0.00000000	0.09737372	-0.02507660	0.00000000	0.00000000	0.00000000	0.00000000	0.04405356	-0.01413671	-0.00972833	0.00019201	0.00000000	-0.05118895	-0.01201090	0.00000000	-0.00203227	-0.03853247	0.00000000	-0.00016973	0.00000000	0.00000000	0.00000000	-0.04092002	0.00000000	-0.02638219	0.00391718	0.00000000	-0.04711589	0.00000000	0.00000000	-0.07052393	-0.02467161	0.00000000	-0.02768528	-0.02974005	0.01631337	0.01695532	0.00774130	-0.06318146	-0.04655585	-0.05655287	0.00000000	0.00000000	0.04365940	0.00000000	0.00822949	0.03312804	0.03732773	-0.04336940	0.00857814	0.04516887	0.00000000	0.01104281	0.00826187	0.02200255	0.11209896	0.00000000	-0.03666654	0.01095783	-0.06148487	-0.02543336	-0.13171712	0.00000000	0.00000000	0.00000000	-0.03518256	0.00000000	-0.01902991	-0.00523576	0.00000000	-0.01754209	0.00000000	-0.01668626	0.03845292	0.03597534	-0.03862975	0.00000000	-0.01590613	0.00000000	0.02948722	0.00856866	0.00000000	0.00000000	0.05010774	0.00000000	0.00000000	0.04310381	-0.02021840	-0.01958677	0.03268939	0.00000000	0.00000000	0.00000000	-0.05705049	0.02735617	0.02383640	-0.15063946	-0.04250186	-0.00087699	0.00000000	-0.00369971	0.00000000	0.00313438	0.05571716	0.00000000	0.01244661	0.00805445	-0.00170586	-0.00463284	0.00000000	0.01762100	0.03087971	-0.04577179	0.00000000	-0.02562213	0.00000000	0.00000000	0.00000000	0.00537059	-0.00939301	0.00000000	0.00000000	0.00000000	-0.03551033	-0.02067866	0.02508906	-0.04991712	0.00000000	0.00638233	0.00000000	0.00997464	0.00000000	-0.03392484	-0.01373389	-0.02108103	0.03135434	0.02975966	0.00000000	-0.02825055	0.05742717	0.00000000	0.00000000	-0.04574287	0.00000000	-0.02172334
chr7	124493101	passenage	A	T	-0.15028045	0.00000000	0.01875699	-0.05194230	0.05671903	0.02343765	-0.00557784	-0.06223196	0.00000000	0.00000000	-0.08340523	-0.04421706	0.00000000	0.00000000	0.00000000	0.02015831	-0.04091939	0.00000000	-0.00031243	0.04492810	0.06060843	-0.07193312	-0.01060960	0.00000000	0.01188660	0.00000000	0.00000000	0.04713500	0.00000000	0.00838257	0.02755488	-0.03807448	-0.05746124	0.00000000	-0.11503716	0.08731437	0.01959555	0.00000000	0.00000000	0.00000000	0.00987646	-0.00608289	0.00000000	-0.00213817	-0.05877595	0.00000000	0.00000000	0.00000000	-0.01841727	-0.03489354	0.00000000	-0.06207073	-0.01315922	0.00000000	0.02940995	-0.05872768	0.01305468	0.04069413	0.00321215	-0.03146947	-0.09338713	-0.08952372	0.00000000	0.02329668	-0.07921529	0.00000000	-0.10966960	-0.02031570	0.00000000	0.04233751	-0.06314796	0.00000000	-0.06232584	0.09324057	0.00723933	0.14155792	0.00000000	-0.05668047	-0.00552434	0.00000000	-0.00818054	0.08597276	0.00000000	0.00000000	0.00000000	0.00000000	0.00000000	0.01726520	-0.04781878	0.00000000	0.05609447	0.04704507	0.00000000	0.00000000	0.00000000	0.01457141	0.02352265	0.00000000	0.00000000	0.05355091	-0.05909158	0.01384620	0.07160363	0.00000000	0.06415408	0.00000000	-0.01876260	0.00000000	-0.01751637	-0.00251018	-0.02200761	0.00000000	0.03869906	0.09354955	0.00000000	0.00000000	0.00000000	-0.01136089	0.00589366	0.04700918	0.00000000	-0.08084147	0.00000000	0.07777825	-0.00061509	0.00000000	0.05179772	0.02463353	0.00000000	0.00000000	0.00000000	0.00000000	0.00000000	0.01758875	0.00000000	0.04164471	0.05486811	0.00000000	0.01927401	0.00000000	-0.06373598	-0.04612863	-0.00185829	0.00000000	0.00037448	0.01698163	0.14078628	-0.07325940	0.00598216	-0.02030736	-0.00157768	-0.20799634	0.00000000	0.00000000	0.00000445	0.00000000	-0.03143108	0.00000000	-0.03314144	0.00000000	-0.06967548	-0.05699256	0.00000000	-0.07161564	0.00000000	-0.02745658	0.01328755	0.00000000	0.05246933	0.00000000	-0.07562208	-0.06352917	-0.03520584	-0.03009302	0.00000000	0.00000000	0.05074376	0.00000000	0.04592803	0.04601572	0.00000000	0.02960631	0.00000000	-0.02866486	0.11502837	0.02121724	0.01274129	-0.01100342	-0.02533193	0.00000000	0.00000000	0.00000000	0.00000000	0.00000000	-0.01665452	0.00000000	0.03308161	-0.04635160	-0.05421504	-0.02810814	0.00000000	0.00000000	0.00000000	0.00000000	0.04959843	-0.07034367	-0.04686479	0.00000000	0.00000000	0.05413206	0.00000000	0.00000000	0.00000000	-0.03286503	-0.01310878	-0.01776573	0.02468628	-0.02548373	0.00000000	0.00000000	0.00000000	-0.03440531	0.03678316	0.03989393	0.00000000	-0.03775935	0.00000000	-0.02214364	-0.01791595	-0.00207387	-0.06312091	0.00000000	0.00000000	0.00000000	-0.00911590	0.00000000	-0.07447770	0.02336670	0.00000000	0.01436517	0.00000000	-0.04004143	0.00000000	-0.01266831	-0.00565951	0.08901364	-0.03413817	-0.10954988	0.00000000	-0.04864168	0.06830157	0.00000000	-0.04552663	-0.03247815	-0.05458317	0.00000000
chr7	124482862	passenage	G	T	0.01220946	0.00000000	0.00702095	-0.08153655	-0.01094124	0.00000000	-0.01690012	0.05360970	0.00000000	0.00000000	0.00115541	-0.03251850	0.00000000	0.00000000	0.00000000	-0.04782794	0.03915379	0.00000000	0.02443177	-0.02651177	-0.03152994	-0.04003409	0.03581125	0.00000000	0.03492847	0.00000000	0.00000000	-0.05031246	0.00000000	-0.00143649	0.02841908	0.01763347	0.00269828	0.00000000	0.08077320	0.09395638	-0.01688209	0.00000000	0.00000000	0.00000000	-0.07598817	0.02876842	0.00000000	0.00000000	0.03118326	0.00000000	0.00000000	0.00000000	0.07194501	-0.04747470	0.00000000	0.04389513	-0.02921816	0.00000000	-0.02772951	0.00000000	-0.06946261	-0.00990868	-0.00907873	-0.04894233	0.08060175	-0.05029206	0.00000000	-0.00511777	0.01543312	-0.05179303	0.00609621	0.00000000	0.00000000	-0.07032162	0.00261012	0.00000000	-0.04309271	-0.01048808	0.00000000	-0.03096311	0.00000000	0.09021837	-0.06445590	0.00000000	-0.08097205	-0.05142626	0.00000000	0.07952072	0.00000000	0.00000000	0.00000000	-0.01608125	0.01566829	0.00000000	-0.05238728	0.02108651	0.00000000	0.00000000	0.00000000	-0.01677089	-0.04187644	0.00000000	0.00000000	0.03392529	0.04442344	0.00000000	-0.02262314	0.08161332	-0.01331123	0.00000000	-0.02092934	0.01273546	-0.03243527	0.00000000	-0.01161072	0.00000000	-0.06194459	-0.06125908	0.00000000	0.00000000	0.00000000	0.06337395	0.00493700	-0.00840506	0.00000000	0.01441999	-0.03145078	0.05333856	0.03813532	0.00000000	-0.06814658	0.05484000	0.00000000	0.00000000	0.00000000	0.00000000	0.00000000	-0.09342436	0.00000000	0.01700522	0.02095753	0.00000000	0.00927117	0.00000000	0.00000000	0.05076215	0.00148672	0.00000000	-0.03084007	0.01168799	-0.02602613	-0.00851679	-0.05842763	-0.06037644	0.00744581	0.02472153	-0.02780824	0.00000000	0.01399814	0.00000000	0.04321459	0.01936391	0.06138137	0.03571627	-0.03353972	0.05317467	0.00000000	-0.01156691	0.00000000	0.07320499	0.01337475	0.00000000	-0.04320025	0.00000000	0.04010096	0.02397475	-0.02588063	0.00000000	0.00000000	0.00000000	-0.06789070	0.00000000	0.00674579	-0.04072269	0.00000000	0.00000000	0.00000000	0.05777201	0.05394073	0.08220188	0.00000000	0.00000000	0.00000000	0.00000000	0.02991007	0.00328848	0.00000000	0.00000000	0.01754297	0.00000000	-0.00585093	0.01675017	-0.04452813	0.01049621	0.00000000	0.00000000	0.00000000	0.00000000	0.04607382	-0.00583016	0.07708107	0.08844796	-0.02568971	0.05116609	0.00000000	0.00000000	0.00452255	-0.00079078	0.00441236	0.00000000	0.04949963	0.00000000	0.00000000	0.00000000	0.00000000	-0.06842188	0.00070709	-0.01548199	0.00000000	0.00314856	0.04844605	0.00000000	0.00000000	0.02984309	-0.00856638	0.00000000	0.00000000	0.00000000	-0.00394823	0.00000000	-0.02331800	0.00325512	0.00000000	-0.00711862	0.00000000	0.04517250	0.00000000	0.00000000	-0.01235456	0.02067760	-0.01079383	-0.03541297	0.00000000	-0.01543927	-0.05267648	0.00000000	-0.03126216	-0.02220458	0.00000000	0.00000000
chr10	89692895	driver	G	A	0.03343339	0.00000000	-0.01756985	0.11750223	0.08672994	0.00000000	-0.03561061	0.06318641	0.00000000	0.00000000	0.03167042	-0.05675666	0.00000000	0.00000000	0.00000000	-0.07125106	0.00000000	0.00000000	-0.00993489	0.02290893	0.06332055	0.04613158	-0.02118077	0.00000000	-0.01486270	0.00000000	0.00000000	0.00434533	0.00000000	0.00058781	-0.00676510	-0.00013545	0.06249741	0.00000000	-0.00396658	0.00190087	0.02996558	0.00000000	0.00000000	0.00000000	-0.00680399	-0.03602993	0.00000000	0.00000000	-0.03281559	0.05417210	0.00000000	0.00000000	0.03931743	-0.00510722	0.00000000	-0.02063023	0.03391739	0.00000000	-0.02515629	0.00000000	0.05426677	0.05020678	0.00000000	-0.09292500	-0.10015799	-0.04099390	0.00000000	-0.07782233	0.02111168	0.01929557	-0.01662660	-0.04644415	0.00000000	0.04840238	0.00117532	0.00000000	0.00279166	0.01687174	0.00000000	0.00429644	0.00000000	0.07674479	-0.06451235	0.00000000	-0.00035630	-0.02029426	0.00000000	0.05278318	0.00000000	0.00000000	0.00000000	-0.04811335	0.04649158	0.00000000	0.00787722	-0.04648104	0.00000000	0.00000000	0.00000000	-0.02057530	0.04436599	0.00000000	0.00000000	0.02607545	-0.00847227	0.03056908	0.10883838	0.03883403	0.04512451	0.00000000	-0.02784027	0.00000000	0.01732358	0.00000000	0.00353715	0.00000000	-0.07403561	-0.01623386	0.00000000	0.00000000	0.00000000	0.02806139	-0.05244311	-0.01856303	0.00000000	-0.05285015	0.00000000	-0.06229565	0.06856592	0.00000000	0.00000000	-0.02985435	0.00000000	0.04655076	0.00000000	0.00000000	0.00000000	-0.00746584	0.00000000	-0.05880739	-0.05188712	-0.00523963	-0.07907814	0.00000000	0.00000000	-0.03480908	0.02257904	0.00000000	0.03574751	-0.01070867	-0.01003030	-0.02372790	0.02030751	0.03996105	-0.01363980	0.00943191	0.00000000	0.00000000	0.02325727	0.00000000	-0.00665698	-0.01403731	-0.08472458	0.00000000	0.00787358	-0.09460161	0.00000000	-0.07028690	0.12279750	0.01699737	-0.01478863	0.00000000	0.02756900	0.00000000	0.01786245	0.01666613	0.02944589	0.01322598	0.00000000	0.00000000	-0.04253310	0.00000000	-0.12601972	-0.01170178	-0.03799958	0.00393168	0.00000000	-0.00044701	-0.02651645	-0.03773428	0.00000000	0.00000000	-0.02718185	0.00000000	0.00000000	0.00000000	0.00000000	0.00000000	0.00000000	0.00000000	0.05509865	-0.00800500	-0.00819416	-0.02775914	0.00000000	0.00000000	0.00000000	0.00000000	0.01221091	-0.03138930	-0.03488076	0.00000000	0.00000000	-0.01191066	0.00000000	0.00000000	0.00000000	0.10348961	-0.00257155	0.00000000	0.01403753	0.00000000	0.00000000	0.00000000	0.00000000	0.01803435	-0.04519613	0.02408117	0.00000000	0.01390732	0.00000000	-0.02454073	0.02210408	-0.05081421	-0.00111900	0.00000000	0.00000000	0.00000000	0.01929028	0.00000000	0.05278489	-0.04765283	0.00000000	0.01795512	0.00000000	-0.08684002	-0.02045449	0.00000000	-0.01462003	-0.01875813	-0.00776350	0.06660034	0.00000000	0.01476827	0.03595923	0.00000000	-0.00823477	-0.03842348	-0.04596955	0.00000000
chr10	89717673	passenage	G	A	-0.01257446	0.00000000	-0.00249968	-0.05503899	0.01015244	0.11283439	-0.02037928	-0.22244695	0.00000000	0.00000000	-0.06566309	-0.01363143	0.00000000	-0.01733738	0.00000000	0.00897253	0.00000000	0.00000000	0.01526882	0.05895726	0.06347948	-0.03375927	-0.00965017	0.00000000	0.03000350	0.00910547	0.00000000	-0.01694711	0.00000000	0.01993060	0.00000000	-0.03877695	-0.04796430	-0.02429350	-0.07826671	-0.10743082	0.09123477	0.00000000	0.00000000	0.00000000	-0.01342363	0.05447116	0.00000000	0.00000000	0.00000000	0.00000000	0.00000000	0.00000000	-0.00972834	-0.02067121	0.00000000	-0.27618578	0.00843398	0.00202120	-0.02866277	0.00000000	-0.06001791	-0.04261580	0.01983141	-0.11042021	0.00557148	-0.04622585	0.00000000	0.04707048	0.05704086	-0.09137820	-0.01482195	0.00000000	0.00674069	-0.04341951	0.01625266	0.00000000	-0.21653318	0.07572623	0.00000000	0.06442036	0.00000000	-0.04005019	0.00000000	0.00000000	-0.01806704	0.09539331	0.00000000	-0.01690750	0.00000000	0.01068109	0.00000000	0.00000000	-0.14388554	0.02810492	0.07983468	-0.05099568	0.00000000	0.00000000	0.00000000	-0.04112211	0.01245394	0.00000000	0.00000000	-0.15438756	0.00000000	0.04739397	-0.02975198	-0.01106587	0.04311831	0.00000000	-0.04954960	-0.07683304	-0.02764286	0.00000000	0.02464554	0.00000000	0.00178482	0.02362318	-0.05324787	0.00000000	0.00000000	0.01702704	-0.04797651	-0.07323664	-0.01983190	-0.04764502	0.00000000	-0.04813036	0.04237485	0.00000000	-0.00230113	-0.08290141	0.00000000	0.00000000	0.00000000	0.00000000	0.00000000	-0.00380881	0.00000000	0.05082949	-0.08224718	0.00000000	-0.16667560	0.00000000	0.00000000	-0.01709331	-0.18681172	0.05266707	0.04464269	-0.11963940	0.00604529	-0.01161604	-0.01258403	-0.14028656	-0.08677820	0.01169072	-0.00364802	0.00000000	-0.02233630	0.00000000	-0.11078053	0.09784468	-0.03549406	0.01979844	-0.13517952	0.04706649	0.00000000	0.02917708	0.00000000	-0.10902147	0.13275319	0.00000000	-0.01099216	-0.01157796	-0.19489938	-0.10414395	-0.14073929	0.00000000	0.00000000	0.00000000	-0.01828782	0.00000000	0.01603613	0.01927575	0.00000000	0.00000000	-0.03111846	0.09468156	0.12024218	0.03120928	-0.07402757	0.00000000	0.00000000	0.00000000	0.01248972	-0.05596698	0.00000000	0.00000000	-0.02663855	0.00000000	-0.02058876	0.03280308	0.06183770	-0.29366946	0.12869091	0.00000000	0.00000000	0.00000000	-0.10157967	0.00654343	-0.01116685	0.00000000	0.02298518	-0.03033152	0.00000000	0.00886905	0.01502434	-0.08744512	-0.06180751	0.00000000	0.01223455	0.00000000	0.00042842	0.00000000	0.00000000	0.14684689	0.00000000	0.11330559	0.00000000	-0.04909392	0.00000000	0.00000000	0.00000000	-0.01557902	-0.01248207	0.00000000	0.00000000	0.00000000	-0.14990762	0.00000000	0.02398171	0.00407304	0.00146900	0.07438453	0.00000000	0.00100988	0.00000000	-0.01908122	-0.05363029	0.16226006	-0.14377074	-0.05753317	0.00000000	-0.13737488	0.03813867	0.00000000	0.00000000	-0.24582297	0.00000000	0.01357282
chr10	89692896	driver	G	T	-0.05939464	0.00000000	0.00000000	0.03933514	0.11162549	0.00000000	-0.01291895	0.22215167	0.00000000	0.00000000	-0.01505415	-0.04565609	0.00000000	0.00000000	0.00000000	-0.17766312	0.00000000	0.00000000	-0.03596167	0.00113851	-0.02645956	-0.08483437	0.00093545	0.00000000	-0.05007388	0.00000000	0.00000000	-0.00836970	0.00000000	-0.00731255	-0.08321857	-0.00692812	-0.05011299	0.00000000	-0.03341097	-0.11271533	0.08401221	0.00000000	0.00000000	0.00000000	-0.02251415	0.00586659	0.00000000	0.00000000	0.03383980	0.01370095	0.00000000	0.00000000	0.06561336	-0.05668119	0.00000000	0.09545006	0.00841851	0.00000000	0.01386763	0.00000000	-0.06110689	0.03483132	0.00000000	-0.17480841	0.01323383	-0.00797035	0.00000000	-0.06897922	-0.00550072	0.03595093	0.06884056	-0.03268074	0.00000000	0.10123298	0.01673365	0.00000000	0.17605734	-0.05723551	0.00000000	0.00186139	0.00000000	0.04591316	-0.09980911	0.00000000	-0.06726542	-0.09018294	0.00000000	-0.03607311	0.00000000	0.00000000	0.00000000	-0.12816603	0.10130088	0.00000000	0.05198596	-0.06549387	0.00000000	0.00000000	0.00000000	-0.05228090	0.04579681	0.00000000	0.00000000	0.09729235	-0.02024521	-0.01751925	0.04272489	0.00643979	-0.05805682	0.00000000	-0.02540198	0.01194741	0.05112913	0.00000000	-0.09477428	0.00000000	0.09687392	-0.04719007	0.05434925	0.00000000	0.00000000	0.05615747	-0.01849343	-0.04789416	0.00000000	-0.05288889	0.00000000	-0.01782456	0.12265870	0.00000000	0.00000000	0.02868374	0.00000000	0.01704144	0.00000000	0.00000000	0.00000000	0.02435437	0.00000000	0.08250551	-0.05220451	0.00000000	-0.03467241	0.00000000	0.00000000	-0.10836536	0.14109999	0.00000000	0.02054507	-0.04750352	-0.05561621	-0.01387704	-0.03133595	0.19368505	0.01068404	0.01457219	0.00000000	0.00000000	-0.02971976	0.00000000	0.03869972	-0.00656994	-0.06282019	0.00000000	0.06383538	-0.11952233	0.00000000	-0.07455860	0.00000000	0.03840666	-0.10477656	0.00000000	-0.05716082	0.00000000	0.17327078	0.05287778	0.12354088	0.00197154	0.00000000	0.00000000	-0.05656697	0.00000000	-0.14651516	-0.01170647	-0.08514829	0.00000000	0.00000000	0.03586039	0.08497180	0.00361922	0.00000000	0.00000000	-0.02446426	0.00000000	0.01381397	0.00000000	0.00000000	-0.01508642	0.00000000	0.00000000	0.00203360	0.00817004	-0.08645867	0.22264247	0.00000000	0.00000000	0.00000000	0.00000000	0.14353834	-0.06116748	0.00070806	0.00000000	0.01624115	-0.02549922	0.00000000	0.00000000	0.00000000	-0.02601564	0.00518934	0.00000000	0.02563730	0.00000000	0.00000000	0.00000000	0.00000000	0.13006151	-0.19488207	0.01890801	0.00000000	-0.00269920	0.00000000	-0.01602439	0.03469630	-0.05965909	-0.00383388	0.00000000	0.00000000	0.00000000	0.04097615	0.00000000	0.00054245	0.01607219	0.00000000	-0.08341067	0.00000000	-0.05794387	-0.02179564	0.00000000	0.07398777	-0.18932685	0.07799239	-0.05311276	0.00000000	0.01425813	0.01196159	0.00000000	0.03548795	0.03326249	-0.05558601	0.00000000
chr10	89692902	driver	G	T	-0.08366479	0.00000000	-0.01416255	0.03364890	0.01658255	0.00000000	0.01890781	-0.11392444	0.00000000	0.04522113	0.14586127	0.00581677	0.00000000	0.00000000	0.00000000	-0.08761723	0.00000000	0.00000000	0.04778828	-0.04090106	0.14300668	0.06859723	0.01955670	0.00000000	-0.03494726	0.00000000	0.00000000	0.10122430	0.00000000	-0.00011432	-0.00343373	0.04192647	0.00827385	0.00000000	0.06457071	0.01434080	-0.06488352	0.00000000	0.00000000	0.00000000	-0.01110049	-0.17509717	0.00000000	0.00000000	-0.04393454	0.00000000	0.00000000	0.00000000	0.04491770	-0.09138986	0.01724376	-0.08018586	0.05062216	0.00000000	0.04600901	0.00000000	-0.00399860	0.05277905	0.00000000	0.15140674	-0.02451097	-0.11895362	0.00000000	0.21707554	0.05298238	0.07328308	-0.13102731	0.00000000	0.00164922	0.18881272	-0.09684809	0.00000000	-0.12767600	0.10320356	0.00000000	0.11092946	0.00000000	-0.08909236	-0.01832781	0.00000000	0.04282387	0.08878358	0.00000000	0.03121601	0.00000000	0.00000000	0.00000000	0.01409048	-0.11008646	0.00000000	-0.12504050	0.08223570	0.00000000	0.00000000	0.00000000	0.02247562	-0.05133167	0.00000000	0.00000000	0.13473484	-0.01436144	0.00844999	0.06162149	0.00000000	0.03336892	0.00000000	0.01242483	0.00000000	-0.09115059	0.00000000	-0.01564100	0.00000000	0.00040516	0.00284836	0.02556556	0.00000000	0.00000000	0.02428280	-0.08256403	-0.00679677	0.00000000	-0.02529490	0.00000000	0.05785418	0.07222663	0.00000000	0.00000000	0.04056815	0.00000000	-0.07735135	0.00000000	0.00000000	0.00000000	0.02900815	0.00000000	-0.05692953	-0.03701879	0.00000000	-0.06525783	0.00000000	0.00000000	-0.07775578	-0.06760770	0.00000000	-0.10259373	0.03767874	0.18481606	-0.06806263	0.02939478	-0.00884742	-0.04867181	-0.14489263	0.00000000	0.00000000	-0.16342169	0.00000000	0.01184138	0.03623834	-0.17020211	0.00000000	-0.04722235	-0.06168759	0.00000000	-0.09710359	0.01723030	-0.05810527	0.03200391	0.02114967	-0.01858246	0.00000000	-0.09996943	0.14041771	-0.07414261	-0.00056273	0.00000000	0.00000000	0.02624409	0.00000000	-0.00670830	-0.04508939	0.00000000	0.03590627	0.00000000	0.02817985	0.06647311	-0.11270682	0.00000000	0.00000000	-0.09808438	0.00000000	0.00000000	0.00000000	0.00000000	-0.04242346	-0.01839645	0.00000000	0.02154722	-0.02480632	-0.04501057	-0.06617188	0.00000000	0.00000000	0.00000000	0.00000000	0.29333353	-0.11865065	-0.05054475	0.00000000	-0.01556714	0.03695382	0.00000000	0.00000000	0.00000000	0.01188317	-0.04477409	-0.00914469	0.08450191	0.00000000	0.00000000	0.00000000	0.00000000	0.07759638	0.03361455	0.04468909	0.00000000	0.08875468	0.00000000	-0.10591879	-0.00852039	-0.07301102	-0.07967198	0.00000000	0.00000000	0.00000000	0.10761768	0.00000000	-0.04800218	-0.00895165	0.00000000	-0.01039451	0.00000000	-0.13873817	0.00654915	0.00000000	0.03648672	0.17913330	0.10492405	0.00455065	0.00000000	0.04377322	-0.00636394	0.00000000	0.01055142	-0.19535884	-0.10393126	0.00000000
chr10	89692902	driver	G	A	-0.02952683	0.00000000	0.00351930	0.07754210	0.02024391	0.00000000	-0.02272291	0.07420231	0.00000000	0.00000000	0.00404170	-0.01057897	0.00000000	0.00000000	0.00000000	0.02675700	0.00000000	0.00000000	0.00160550	-0.02382988	0.07707468	0.00048035	0.06059135	0.00000000	-0.02685027	0.00000000	0.00000000	0.04157156	0.00000000	-0.00302128	-0.04347575	0.03260949	-0.00918952	0.00000000	-0.06153126	-0.00232579	0.01581907	0.00000000	0.00000000	0.00000000	-0.10669689	0.05825667	0.00000000	0.00000000	-0.03803608	0.03550567	0.00000000	0.00000000	0.08490700	-0.06579778	0.00000000	0.03449751	0.03521845	0.00000000	-0.01155692	0.00000000	-0.03445444	0.08376753	0.00000000	0.06799360	-0.02451097	-0.05372661	0.00000000	0.10385914	-0.00489148	0.05899168	-0.04549901	0.00000000	0.00000000	0.07076055	-0.10066184	0.00000000	-0.00250325	0.10535415	0.00000000	0.04439699	0.00000000	-0.07696350	0.02318742	0.00000000	-0.04108622	0.03016611	0.00000000	0.03204788	0.00000000	0.00000000	0.00000000	-0.12321816	0.11797620	0.00000000	0.02035414	-0.00631042	0.00000000	0.00000000	0.00000000	0.05182860	-0.01166937	0.00000000	0.00000000	0.12594736	0.00351958	-0.00029567	0.04178829	0.00000000	0.02274697	0.00000000	0.02123424	0.00000000	0.02982733	0.00000000	-0.07036284	0.00000000	0.03764185	-0.04101325	0.03663491	0.00000000	0.00000000	0.00489398	-0.00481878	-0.03802837	0.00000000	-0.03055647	0.00000000	0.06708771	-0.05717038	0.00000000	0.00000000	0.00590953	0.00000000	0.01733959	0.00000000	0.00000000	0.00000000	0.03336058	0.00000000	0.09036992	-0.01452245	0.00000000	-0.08751334	0.00000000	0.00000000	-0.03594730	0.08017671	0.00000000	-0.03410200	-0.04667151	0.06985943	0.03763590	0.09104550	0.18523759	0.04771125	-0.02358453	0.00000000	0.00000000	-0.01702857	0.00000000	0.03479921	0.00000000	-0.10712343	0.00000000	0.02505297	-0.00539433	0.00000000	0.01601132	0.03252450	0.06297655	0.04417507	0.00000000	0.03055838	0.00000000	0.09893763	0.00189800	0.05316785	0.00478094	0.00000000	0.00000000	0.07079284	0.00000000	-0.01615200	0.01797475	0.00000000	0.02482547	0.00000000	-0.02352738	0.05674744	-0.15642962	0.00000000	0.00000000	-0.14263207	0.00000000	0.00000000	0.00000000	0.00000000	-0.04242346	-0.01839645	0.00000000	0.01683273	-0.07209138	-0.03614897	0.06592463	0.00000000	0.00000000	0.00000000	0.00000000	0.10571501	-0.12545563	-0.04130019	0.00000000	-0.01192675	-0.01266539	0.00000000	0.00000000	0.00000000	0.03203377	0.00902396	-0.00914469	-0.01484294	0.00000000	0.00000000	0.04133379	0.00000000	0.08038916	-0.10213975	-0.03705003	0.00000000	0.01263866	0.00000000	-0.07585701	-0.00852039	0.02518405	0.05640852	0.00000000	0.00000000	0.00000000	-0.03149651	0.00000000	-0.07491024	0.02258286	0.00000000	0.01306883	0.00000000	-0.12749854	-0.04685985	0.00000000	0.04312737	0.12410880	0.18630704	0.01774289	0.00000000	0.06189971	-0.02002437	0.00000000	0.00729448	0.07751715	-0.10393126	0.00000000
chr10	89692785	passenage	T	C	0.01594003	0.00000000	0.01180989	-0.00448200	-0.04993802	0.02650557	-0.01612473	-0.09633577	0.00000000	0.02924258	-0.06043088	0.02502077	0.00000000	0.00000000	0.00000000	-0.01458026	0.00000000	0.00000000	-0.09528139	-0.02427733	0.03395631	-0.01996675	-0.05256078	0.00000000	0.12258551	0.00000000	0.00000000	-0.00986828	0.00000000	-0.00038518	-0.05149275	-0.10090926	-0.05442505	0.00000000	-0.07877204	-0.13339615	0.02669865	0.00000000	0.00000000	0.00000000	0.02157642	0.01556975	0.00000000	0.00000000	0.00000000	0.00000000	0.00000000	0.00000000	0.03943866	-0.00363761	0.00000000	-0.17344365	-0.01820010	0.00000000	-0.03077587	0.00000000	0.03610610	-0.02912931	0.00000000	-0.12438276	-0.11633150	-0.15277177	0.00000000	-0.03948848	-0.03902608	-0.04919963	-0.19584325	-0.04096632	-0.05856585	-0.11777054	0.05501320	0.00000000	-0.11201414	0.00094910	0.00000000	0.01483636	0.00000000	0.06321532	-0.06108740	0.00000000	0.11923209	-0.00248249	0.00000000	0.03839141	0.00000000	0.00000000	0.00000000	-0.04726276	-0.10521038	0.00000000	-0.00023286	0.06450254	0.00000000	0.00000000	0.00000000	-0.00440546	-0.12413967	0.00000000	0.00000000	-0.04136798	-0.00739689	0.00000000	0.01543944	0.00000000	-0.01603497	0.00000000	0.01856297	0.00000000	-0.02894735	0.00000000	-0.00054541	0.00000000	0.00414938	-0.05287434	0.00000000	0.00000000	0.00000000	0.01512205	0.04479672	0.05637378	0.00000000	0.03998536	0.00000000	-0.23363364	0.12209813	0.00000000	0.00000000	-0.11855222	0.00000000	-0.02221328	0.00981370	0.00000000	0.00000000	-0.04092095	0.00000000	-0.02723470	-0.06326768	0.00000000	0.06929336	0.00000000	0.00000000	-0.00423434	-0.12171015	0.00000000	-0.03752050	0.01884980	-0.07147734	-0.02292673	-0.15469065	-0.18149728	0.01735721	-0.07708207	0.00000000	-0.03244703	-0.02312742	0.00000000	-0.07292055	0.01590203	0.03383025	0.00000000	0.01601193	0.05190023	0.00000000	0.00166344	-0.03289863	0.04348594	-0.00524016	0.00000000	-0.08009402	0.00000000	-0.13285711	-0.02793548	-0.11632946	0.03937145	0.00000000	0.00000000	-0.08602709	0.00000000	0.08979298	-0.06656805	0.00000000	0.02026144	0.00000000	-0.12967515	-0.10829725	0.05595549	0.06809124	0.00000000	0.14409730	0.00000000	-0.00585617	-0.03089883	0.00000000	0.00000000	0.00000000	0.00000000	-0.05935876	0.00514573	0.00400926	-0.12956931	0.00000000	0.06974518	0.00000000	0.00000000	-0.05754778	0.00618695	-0.03381582	0.00000000	0.00000000	0.08628036	0.00000000	0.00000000	0.00000000	0.06016532	-0.00945202	0.00000000	0.04093686	0.00000000	0.00000000	0.00000000	0.00000000	-0.01161039	-0.03292923	-0.02939876	0.00000000	-0.06095542	0.00000000	0.01285180	-0.00290299	0.01366505	-0.11549214	0.00000000	0.00000000	0.00000000	-0.09426326	0.00000000	-0.04255570	0.01534616	0.00000000	-0.00214383	0.00000000	0.06627433	-0.01020873	0.00000000	-0.06061585	-0.04142528	-0.15446693	-0.11474648	0.00000000	-0.08313707	-0.05136154	0.00000000	0.00000000	-0.10053784	0.00000000	0.00000000
chr10	89624244	passenage	A	T	0.00000000	0.00000000	-0.00623229	0.01184237	-0.02806792	0.00000000	-0.00630731	-0.01672605	0.00000000	0.00000000	-0.04233242	-0.01514833	0.00000000	0.00000000	0.00000000	0.00272952	0.00000000	0.00000000	-0.00136350	0.05675785	-0.01130306	0.02060835	0.00000000	0.00000000	-0.06356737	0.01746249	-0.00362978	0.00451073	0.00000000	-0.00138983	0.02974629	0.04704119	0.02027334	0.00000000	-0.01484928	0.17633787	-0.00624281	0.00000000	0.00000000	0.00000000	-0.06052577	-0.02723381	0.00000000	0.00000000	0.00000000	0.00000000	0.00000000	0.00000000	0.02404070	-0.05995363	0.01223379	0.01030141	-0.00359840	0.00000000	-0.02596189	0.00000000	-0.00677828	0.01020642	0.00000000	0.00000000	0.03746220	-0.02608281	0.00000000	-0.05011351	-0.02445626	0.03687230	-0.02877522	0.03575875	-0.01778783	-0.00615883	-0.01484197	0.00000000	0.00169682	-0.00142488	0.00000000	-0.02526711	0.00000000	0.04660845	0.04230007	0.00000000	0.00000000	-0.04242679	0.00000000	0.00000000	0.00621690	-0.02018379	0.00000000	0.03287303	0.07836339	0.00000000	-0.00016312	-0.02969635	0.00000000	0.00000000	0.00000000	0.00000000	0.00000000	0.00000000	0.00000000	-0.02891362	0.00000000	0.02203119	0.00715111	0.00000000	0.01692022	0.02864730	-0.02252489	0.00000000	-0.07585581	0.00385773	0.01186955	0.00000000	0.02219383	-0.01215588	0.00000000	-0.00105467	0.00000000	0.00567451	0.00000000	-0.01085964	0.00000000	-0.04840503	0.00000000	0.03964242	-0.00873654	0.00000000	0.00000000	0.01841415	-0.00193422	0.02664795	0.00000000	0.00000000	0.00000000	0.00000000	0.00000000	-0.04236479	0.02360070	0.00000000	0.03830051	0.00000000	0.00000000	0.00054188	-0.01720858	0.00000000	0.02949210	0.03304901	-0.01810520	-0.02258784	-0.01207027	-0.00864813	0.02102084	0.01230496	0.00000000	0.00000000	0.04400843	0.00000000	-0.01323228	-0.01018250	0.01596202	-0.01940843	0.07269954	0.07337207	0.00000000	-0.01109283	0.00000000	0.05318812	0.04513976	-0.00786784	-0.03170335	0.00000000	0.00256698	-0.05070895	-0.03570497	-0.00175308	0.00000000	0.00000000	0.01116379	-0.02411645	0.00105041	0.00278900	0.00000000	0.00000000	0.00000000	0.03767170	0.00845716	0.00631899	0.00000000	-0.00412914	-0.00087363	0.00000000	0.00000000	0.00000000	0.00000000	0.00000000	-0.00722549	0.02380456	-0.00085915	0.03618153	-0.00879349	-0.02675357	0.00000000	0.00000000	0.00000000	0.00000000	0.00000000	-0.00868300	0.08843817	0.00000000	0.00000000	-0.00193277	0.00000000	0.00000000	0.00000000	0.03727353	0.04803379	0.09600001	0.02727628	0.00000000	0.02922987	0.00000000	0.00000000	-0.03008617	0.01903771	0.01715609	0.00558349	-0.04466639	0.00000000	0.00000000	0.00000000	0.00385255	0.03781409	0.00000000	0.00000000	-0.01611255	-0.08226101	0.00000000	0.01678866	0.00897038	0.00000000	-0.01745963	0.00000000	-0.02284265	0.01759010	0.00000000	-0.02310161	0.01518200	-0.02743231	0.00318486	0.00354461	-0.00580190	0.02865972	0.00000000	0.00000000	-0.01445815	0.00000000	0.00000000
chr10	89711900	passenage	G	A	-0.00086716	0.00000000	-0.04470892	-0.04575171	0.00099372	-0.02274110	-0.00040064	-0.11452937	0.00000000	0.00000000	0.02457726	-0.01064381	0.00000000	0.00000000	0.00000000	-0.01583252	0.01471475	0.00000000	0.07245469	-0.04453703	0.01740624	0.09934154	-0.03362387	0.00000000	-0.04228711	0.03659584	0.02793512	-0.00419465	-0.00263787	0.00930631	-0.01597409	0.02124695	-0.02044786	0.00000000	0.03712019	0.04499257	-0.02177095	0.00000000	0.00000000	0.00000000	-0.01321966	0.08391006	-0.01842614	0.00000000	0.00000000	0.00000000	0.00000000	0.00000000	-0.00052351	-0.03665443	0.00000000	-0.12421037	0.00000000	0.00000000	-0.03445251	0.00000000	-0.04389250	-0.01161528	-0.01197795	-0.02999248	-0.08422583	-0.03695198	0.00000000	-0.05665272	0.01435255	-0.01547011	-0.15102895	0.03725880	-0.06408416	0.01481157	0.01343580	0.00000000	-0.12954609	0.04799853	0.00000000	0.06572531	0.00000000	0.11329363	-0.07307740	0.00000000	0.02380420	0.01592061	0.00000000	0.02804762	0.01571435	0.04049969	0.00000000	0.07966747	-0.01992271	0.00000000	-0.03838015	0.03402698	0.00000000	0.00000000	0.00000000	-0.01254166	-0.02425544	0.00000000	0.00000000	-0.01626027	0.02418908	-0.00745859	-0.04071456	0.00000000	0.01162326	0.00000000	0.01122370	0.00000000	-0.06278607	0.01110252	-0.01450363	0.00000000	0.08026129	-0.03479042	0.00000000	0.00000000	0.00000000	0.01099825	-0.02948014	0.02683225	0.00000000	0.00822470	0.00000000	-0.00723945	0.05693515	0.00000000	-0.00804432	-0.06383038	0.00000000	0.00000000	0.00000000	0.00000000	0.00000000	-0.08177069	0.00000000	-0.02421357	-0.01396295	0.00000000	-0.00725126	0.00000000	-0.01107052	-0.00915306	-0.07723486	0.00323090	-0.00412960	-0.02173205	0.04753391	-0.11080857	-0.03984156	-0.09625781	-0.00020911	-0.05996948	0.00000000	0.00000000	0.00799377	0.00000000	-0.00315054	0.00000000	-0.00872420	0.00000000	-0.04791136	0.08706946	0.00000000	0.04147343	0.00000000	0.00989281	-0.00053611	-0.02898286	-0.05754277	0.00000000	-0.07987625	0.06913617	-0.10885313	0.00622077	0.00000000	0.00000000	-0.02180290	0.00000000	0.02241508	-0.00141221	-0.09233332	0.02816905	0.00000000	0.01736732	-0.03582413	-0.04209636	0.00000000	0.00000000	-0.03301273	0.00000000	-0.00438362	-0.00568422	0.00000000	0.00000000	0.04340147	0.00000000	0.00499195	0.01285245	0.07318756	-0.07360202	0.00000000	0.00000000	0.00000000	0.00000000	-0.03095829	0.02091495	0.01300734	0.00000000	0.08123350	-0.01315263	0.00000000	0.00000000	0.00000000	0.03036093	-0.01889871	-0.06359583	0.05301665	0.00000000	-0.00592860	-0.01637242	0.00000000	-0.02177536	0.09061590	0.00428708	0.01652178	0.03923470	0.00000000	0.00000000	0.00000000	0.02527143	-0.00381390	0.00000000	0.00000000	0.00000000	-0.03475375	0.00000000	0.00876668	-0.01426959	0.00000000	0.07915138	0.00000000	0.01730200	0.00363653	0.00000000	0.02063839	0.12459046	-0.03043724	-0.03638368	0.00000000	-0.03243522	-0.07556751	0.00000000	0.00000000	-0.10628891	0.01363511	0.00000000
chr17	47699360	driver	C	T	0.01115930	0.00000000	0.02240368	-0.00818741	0.01165596	0.00000000	-0.00873084	-0.05330320	0.00000000	0.00000000	-0.00106884	-0.03226215	0.00000000	0.00000000	0.00000000	-0.02162451	0.00000000	0.00000000	0.01363093	0.02198192	0.06404489	-0.04172473	0.01005194	0.00000000	0.00578007	0.00000000	0.00000000	0.00933701	0.00000000	-0.01437716	0.02035257	-0.00618368	0.05105384	0.00000000	0.02842416	0.10465814	0.05573612	0.00000000	0.00000000	0.00000000	-0.01661955	0.03010570	0.00000000	0.00000000	0.00000000	0.00000000	0.00000000	0.00000000	-0.00211251	0.06216915	0.02620067	-0.18100992	0.00000000	0.00000000	0.01035403	0.00000000	-0.03080665	-0.03137904	0.00000000	-0.06117509	0.00000000	-0.04929994	0.00000000	0.01609014	-0.04103200	-0.01539387	0.00000000	0.04903390	0.00000000	0.07081506	0.05486529	0.00000000	-0.11249475	0.01921320	-0.02504287	0.02822796	0.00000000	0.04053241	0.05808621	0.00000000	0.00787339	0.02886425	0.00000000	0.00000000	0.00000000	0.00000000	0.00000000	0.12516196	-0.04161286	0.00000000	-0.03895088	0.01145451	-0.00669334	0.00000000	0.00000000	-0.02586474	-0.06051335	0.00000000	0.00000000	-0.02363503	0.03482241	0.00000000	-0.07808182	0.00000000	0.02421129	0.00000000	0.00311707	0.00000000	0.06679007	0.05242004	0.01916698	0.00000000	0.02228549	-0.03537815	0.03371946	0.00567050	0.00000000	0.02589094	-0.00677440	-0.00132620	0.00000000	-0.03874692	0.00000000	0.03190340	0.04727935	0.00000000	0.00000000	0.02540904	0.00000000	0.00000000	0.00000000	0.00000000	0.00000000	0.01866240	0.00000000	-0.05996110	-0.03342585	0.00000000	-0.08275811	0.00000000	-0.01009867	0.02709303	-0.03170601	0.00000000	-0.01142997	-0.05755571	0.00053890	0.00063107	-0.08560938	-0.07325156	0.01676422	-0.00377232	0.00000000	-0.00473960	0.04316352	0.00000000	0.00000000	0.00000000	0.04231870	0.00000000	-0.00157392	0.07385241	0.00000000	-0.01290534	-0.08066479	0.01325613	0.00879999	0.00000000	0.06929097	0.00000000	-0.06848206	-0.03260013	-0.07160781	0.00729465	0.00000000	0.00000000	-0.04064235	0.00000000	-0.02012842	0.00822119	0.00000000	0.03458640	0.00000000	-0.01978327	0.12727746	0.01937997	0.00000000	0.00000000	0.02874425	0.00000000	0.00000000	0.00000000	0.00000000	0.02969674	-0.01032291	0.00000000	0.00000000	0.00185982	0.07326820	-0.03347926	0.00000000	0.00000000	0.00000000	0.00000000	-0.02691376	0.04556209	0.07822728	0.00000000	0.00000000	-0.01608495	0.00000000	0.00000000	0.00000000	-0.02726094	0.03778051	0.00000000	0.09684457	0.00000000	0.01080323	0.00000000	0.00000000	-0.05911204	0.18531850	-0.02339624	0.00000000	0.02349009	0.00268983	-0.00700868	0.01098388	-0.00509462	0.01662465	0.00000000	0.00000000	0.00000000	-0.02099171	0.00000000	0.03930005	-0.00046834	0.00000000	0.02400050	0.00000000	0.06122237	0.02839677	-0.07450659	-0.05079177	0.11167756	0.02167308	0.06048305	0.00000000	-0.05736895	-0.00615353	0.00000000	-0.00514021	-0.11333063	0.05526521	0.00000000
chr17	47696432	driver	A	C	0.10219055	0.00000000	-0.00436067	0.04938953	-0.01495405	-0.00540409	0.01334791	-0.09322852	0.00000000	0.00000000	0.01576947	0.00399269	0.00000000	0.00000000	0.00000000	-0.05131570	0.00000000	0.00000000	0.01090866	-0.00168724	-0.00395034	0.01986498	0.01862361	0.00000000	-0.04761426	0.00000000	0.00000000	-0.02870443	0.00000000	0.00331824	-0.03770499	-0.00591379	-0.05602054	0.00000000	0.01717749	-0.06496533	-0.01779461	0.00000000	0.00000000	0.00000000	-0.04962170	0.07602455	0.00000000	0.00000000	0.00000000	0.00000000	0.00000000	0.00000000	0.03113955	0.07795167	0.00000000	-0.19873953	0.00000000	0.00000000	-0.02032286	0.00000000	-0.02527715	-0.04592687	0.00000000	0.02113621	0.00000000	-0.04821043	0.00000000	-0.01312205	0.01725827	-0.00578197	0.00000000	0.02673094	0.00000000	-0.05035310	0.03181445	0.00000000	-0.14781594	0.01229382	0.00000000	0.01174358	0.00000000	0.08137174	-0.03544594	0.00000000	-0.02065653	-0.07180627	0.00000000	0.00000000	0.02545804	0.00000000	0.00000000	0.09105341	-0.09818277	0.00000000	-0.06588387	-0.00580250	0.00000000	0.00000000	0.00000000	0.00000000	-0.02496480	0.00000000	0.00000000	-0.00797713	0.00233707	0.00000000	-0.09645930	-0.00094427	0.02653261	0.00000000	-0.02771720	0.00000000	-0.01741491	0.09077255	-0.03340067	0.00000000	0.00164431	-0.08984161	0.03833620	0.01510160	0.00000000	0.00000000	0.06228725	-0.05275059	0.00000000	-0.04386263	0.00000000	-0.06903268	0.02314730	0.00000000	0.00000000	-0.06522158	0.00000000	0.05949094	0.00000000	0.00000000	0.00000000	-0.04896345	0.00000000	0.03168100	-0.00893828	0.00000000	0.02603611	0.00000000	0.00000000	0.00901628	-0.14579421	0.00000000	-0.03422840	-0.10648587	0.03145075	-0.01979515	-0.09243375	-0.11188135	-0.00397653	-0.00745893	0.00000000	0.00000000	-0.00933583	0.00000000	-0.03434859	0.01415135	0.05285238	0.00000000	-0.06796436	0.00555621	0.00000000	-0.02323817	0.00000000	-0.00804572	0.07428749	0.00000000	-0.04076310	0.00000000	-0.13339844	-0.00055291	-0.17267728	0.01449548	0.00000000	0.00000000	-0.06178093	0.00000000	-0.01331833	-0.08464751	0.00000000	0.01747528	0.00000000	0.02113308	-0.01829228	-0.00126190	-0.10919219	0.00000000	0.01098343	0.00000000	0.00000000	0.06818940	0.00000000	0.03380859	0.00757899	0.00000000	0.05768678	0.00771737	0.00540482	-0.13862072	0.01064037	0.00000000	0.00000000	0.00000000	0.04026389	0.02505356	-0.04885183	0.00000000	0.00000000	0.00988458	0.00000000	0.00000000	0.00000000	-0.04218805	0.08678849	0.00000000	0.07153590	0.00000000	0.00000000	0.00000000	0.00000000	0.06641009	0.12577888	-0.03627563	0.00000000	-0.02074453	0.00690592	0.02485338	0.00000000	0.09837535	-0.09176642	0.00000000	0.00000000	0.00000000	-0.05292995	0.00000000	-0.01132822	0.01259772	0.00000000	0.11303347	0.00000000	-0.00986710	0.07842310	0.03869285	0.00400622	0.09820424	-0.06198420	-0.06244604	0.00000000	-0.02349916	0.00656790	0.00000000	0.00453347	-0.14624208	0.04608256	0.00000000
chr17	47696643	driver	A	C	0.00924078	0.00000000	0.01280331	-0.03832450	0.00966072	0.00000000	-0.00601437	0.08498851	0.00000000	0.00000000	-0.00569129	0.04239668	0.00000000	0.00000000	0.00000000	-0.00242518	0.00000000	0.00000000	0.10593453	0.03915312	-0.04021022	-0.03329110	0.05766457	0.00000000	-0.01899517	0.00000000	0.00000000	-0.02944618	0.00000000	0.01350884	-0.01003261	-0.00188568	-0.05027576	-0.01241087	-0.01419768	-0.03619573	0.00910916	0.00000000	0.00000000	0.00000000	0.00596119	0.02204563	0.00000000	0.00000000	0.00000000	0.00000000	0.00000000	0.00000000	-0.03621861	0.04278192	-0.01492649	0.10397950	0.00000000	0.00000000	0.02838540	0.00000000	-0.01993237	-0.03353445	-0.01623689	-0.01332700	0.00000000	0.02906942	0.00000000	0.01703268	0.03479158	-0.10338819	0.00000000	-0.01340850	0.01264603	-0.00540726	0.03252941	0.00000000	0.10223016	-0.03740130	0.00000000	-0.09491704	0.00000000	-0.05645254	0.00870708	0.00000000	-0.07879065	-0.02686919	0.00000000	0.00000000	0.00000000	0.00000000	0.00000000	-0.04499278	0.03114703	0.00000000	0.03407583	0.04798765	0.00000000	0.00000000	-0.02053531	-0.00239431	0.00776443	0.00000000	0.00000000	-0.00077444	0.03151481	0.00000000	-0.01482472	0.00000000	-0.01953430	0.00000000	0.01233637	0.00000000	-0.02785136	-0.03478285	0.00497949	0.00000000	-0.06667599	0.02038272	-0.00453306	0.00578879	0.00000000	-0.02320586	-0.03653096	0.02936393	0.00000000	0.06211297	0.00000000	0.01681432	0.04534972	0.00000000	0.00000000	0.04014586	0.00000000	-0.01838888	0.00000000	0.00000000	0.00000000	-0.00567131	0.00000000	0.02808914	0.02014148	0.00000000	0.01742907	0.00000000	0.00000000	0.00000000	0.02838734	0.00000000	-0.03528166	-0.02843705	-0.04354907	0.02298772	-0.06782770	0.03256997	-0.00133786	-0.05871305	0.00000000	0.00000000	-0.04418790	0.00000000	-0.00025008	0.00000000	-0.05087557	0.00000000	-0.00986832	-0.05380096	0.00000000	-0.08907495	0.00000000	-0.04464935	-0.01287231	0.00000000	0.04850869	0.00000000	0.08070516	-0.00710469	0.01530710	-0.01292871	0.00000000	0.00000000	-0.05384064	0.00000000	-0.03273907	-0.01023999	0.00000000	-0.02085101	0.00000000	0.02867278	0.02071745	0.02074654	0.00000000	0.00000000	-0.05071847	0.00000000	0.00000000	-0.00243014	0.00000000	-0.05837344	0.00000000	0.00000000	-0.00949109	0.00598247	0.02837637	0.08361024	0.00000000	0.00000000	0.00000000	0.00000000	-0.05688778	0.00280291	-0.03903827	0.00000000	0.00000000	-0.01392829	0.00000000	0.00000000	0.00000000	-0.03790493	-0.08545170	-0.01301238	-0.04737793	0.00000000	0.00000000	0.00000000	0.00000000	-0.01009938	-0.01432345	0.05320141	-0.00086504	-0.01445581	0.00000000	-0.00489911	0.00000000	-0.01971117	-0.00285254	0.00000000	0.00000000	0.00000000	0.03972353	-0.00837993	-0.03464976	0.00709360	0.00000000	0.03053734	0.00000000	-0.09086218	-0.00699756	0.00000000	0.02452853	-0.02347299	-0.01017814	0.00649206	0.00000000	0.00590098	-0.00824290	0.00000000	0.00734774	0.00638872	-0.00475183	0.00000000
chr17	47696425	driver	A	G	0.07448817	0.00000000	0.00835144	-0.06589473	0.03361709	0.00000000	-0.00201349	-0.13943541	0.00000000	0.00000000	0.05626173	0.02251400	0.00000000	0.00000000	0.00000000	-0.02319577	0.00000000	0.00000000	0.07323910	-0.08010948	0.05178557	-0.01460564	0.00000000	0.00000000	-0.03793688	0.00000000	0.00000000	0.01506138	0.00000000	0.01004121	-0.02963607	-0.04061903	-0.00815190	0.00988199	0.06073457	0.01155227	0.00000000	0.00000000	0.00000000	0.00000000	0.01072203	0.00290197	0.00000000	0.00000000	0.00000000	0.00000000	0.00000000	0.00000000	-0.02543166	0.05949011	0.00000000	-0.16681454	-0.00759861	0.00000000	0.03977537	0.00000000	0.04031119	0.00764941	0.01198655	-0.10151221	0.00000000	0.07759386	0.00000000	-0.00481549	0.01594109	0.02232482	-0.02671626	0.03992556	0.00000000	0.04526964	0.09741268	0.00000000	-0.16761461	0.08270895	0.00000000	0.11227702	0.00000000	-0.01396620	-0.06326254	0.00000000	0.01021883	0.02310860	0.00000000	0.00000000	0.00000000	0.00000000	0.00000000	0.08503954	-0.07352015	0.00000000	-0.06340755	-0.05529378	0.00000000	0.00000000	-0.00416282	0.00000000	0.02488814	0.00000000	0.00000000	0.01973227	-0.02031749	0.00000000	0.00565244	-0.05188045	0.01793852	0.00000000	-0.00642286	0.00000000	0.04737976	0.07815987	0.00434238	0.00000000	-0.01159952	0.01440522	-0.00854792	0.00953182	0.00000000	-0.00741860	-0.04339989	0.05759102	0.00000000	0.04012859	-0.05222606	-0.03176190	0.00369422	0.00000000	0.00000000	0.00238293	0.00000000	-0.01312688	0.00000000	0.00000000	0.00000000	0.03182546	0.00000000	0.00329493	0.05024821	0.00000000	-0.01052867	0.00000000	0.00000000	0.03479775	-0.04574490	0.00000000	0.02787822	-0.02269013	0.06231844	-0.02329518	0.00820607	-0.13954931	-0.02533413	-0.02304471	0.00000000	0.00000000	-0.01668479	0.00000000	-0.05574864	0.00000000	0.00944000	0.00000000	-0.08898756	-0.07690661	0.00000000	-0.01042598	0.00000000	-0.03638101	-0.05716108	0.00000000	-0.05528894	0.00000000	-0.11732890	0.11258505	-0.12032449	-0.00003282	0.00000000	0.00000000	-0.01645824	0.00000000	0.01524109	-0.01800655	0.00000000	0.00000000	0.00000000	0.02987526	-0.03967859	0.05213430	-0.04669726	0.00000000	0.02118587	0.00000000	0.00000000	0.00000000	0.00000000	-0.00979200	0.00000000	0.00000000	0.00000000	0.01529814	0.02080269	-0.15533777	0.00000000	0.00000000	0.00000000	0.00000000	0.04285750	0.06281230	0.02523552	0.00000000	0.00000000	-0.00978813	0.00000000	0.00000000	0.00000000	-0.01471873	0.02392032	0.00000000	-0.00406234	0.00000000	0.00535144	0.00000000	0.00000000	0.00383720	0.09269491	0.02127554	0.00000000	0.01887410	0.00000000	0.02042731	0.00000000	-0.03814474	-0.08417217	0.00000000	0.00000000	0.00000000	0.06025214	0.00000000	0.08003855	-0.02827553	0.00000000	-0.02195510	0.00000000	-0.06146917	0.00000000	-0.00025154	-0.01470430	0.09117687	-0.05348074	-0.07926279	0.00000000	-0.05417874	0.01331109	0.00000000	-0.01639234	0.00046670	0.01226006	0.00000000
chr17	47696646	passenage	T	A	-0.04637705	0.00000000	0.01654053	-0.04831776	0.02188432	0.00000000	-0.01224633	0.11001021	0.00000000	0.00000000	-0.06081811	0.01355252	0.00000000	0.00000000	0.00000000	0.02437291	0.01696758	0.00000000	0.15188585	0.00136157	0.00631441	-0.02207208	-0.03401009	0.00000000	-0.04920056	0.00000000	0.00000000	0.02258915	0.00000000	0.00583743	0.01380204	0.03956321	0.01126961	0.00000000	0.03218049	0.09685785	0.00059883	0.00000000	0.00000000	0.00000000	0.01004124	0.02339318	0.00000000	0.00000000	0.00000000	0.00000000	0.00000000	0.00000000	-0.00962238	-0.04852888	-0.04981343	0.06834146	0.00000000	0.00000000	0.00051290	0.04908693	-0.00491927	-0.02902301	0.00000000	0.02502543	0.00000000	-0.08583155	0.00000000	-0.02071825	0.03016701	0.03990865	0.00000000	-0.05094849	0.02682517	0.02788930	-0.00322288	0.00000000	0.09145737	0.00699620	0.00000000	-0.00118873	0.00000000	-0.04990385	-0.04375134	0.00000000	-0.01510358	-0.02464613	0.00000000	0.00000000	0.00000000	0.00000000	0.00000000	-0.04255585	0.05171345	0.00000000	-0.03463864	-0.00349295	0.00000000	0.00000000	-0.00656099	0.00462272	-0.00364003	0.00000000	0.00000000	0.08582970	-0.03502769	0.00000000	0.01409653	0.00000000	-0.03236275	0.00000000	0.05264692	0.00000000	-0.04304439	-0.05757046	-0.01096305	0.00000000	-0.01173490	0.08520620	0.00000000	0.02475299	0.00000000	0.00865769	-0.05340817	-0.01791039	0.00000000	0.10141078	0.00000000	0.10916356	0.02367300	0.00000000	0.00000000	0.04534453	0.00000000	-0.09313665	0.00000000	0.00000000	0.00000000	0.06475355	0.00000000	0.01420108	0.06401266	0.00000000	-0.00065588	0.00000000	-0.00857443	0.00000000	0.04388440	0.00000000	-0.01916817	-0.00168589	0.03015886	-0.04100661	0.03103065	0.13467196	-0.00596181	0.01979044	0.00000000	0.00000000	0.00794140	0.00000000	0.06153653	0.00000000	0.00499777	0.00000000	0.02228044	0.01851957	0.00000000	-0.06085086	0.00000000	-0.00004432	-0.01574388	-0.00588511	0.04784684	0.00000000	0.07616217	0.01539820	0.07911050	-0.01816667	0.00000000	0.00000000	0.04541031	0.00000000	0.05457008	0.08518766	0.00000000	-0.00930977	0.00000000	0.09081286	0.02042425	0.01518733	0.00000000	0.00000000	-0.00088201	0.00000000	0.00000000	-0.04704206	0.00000000	-0.00081244	0.00000000	0.00000000	0.00000000	-0.01326580	-0.03917003	0.06029013	0.00000000	0.00000000	0.00000000	0.00000000	0.07043064	-0.04205519	0.02489010	0.00000000	0.00000000	-0.02765177	0.00000000	0.00000000	0.00000000	-0.04923588	0.00550219	-0.00031862	-0.06005464	0.00000000	0.00000000	0.00000000	0.00000000	0.00767565	-0.08356218	0.00000000	-0.03918079	0.01408568	0.00000000	-0.04066758	0.00000000	-0.01639497	0.07259464	0.00000000	0.00000000	0.00000000	0.00334373	-0.02980121	-0.03687665	0.02964602	0.00000000	-0.01118150	0.00000000	-0.01211700	-0.00756679	0.00000000	0.01190275	-0.02547219	0.05788993	-0.00776140	0.00000000	0.05303459	-0.00068035	0.00000000	0.00506922	0.12316918	-0.03273087	0.00000000
chr17	47696430	driver	C	A	-0.02156119	0.00000000	0.00240309	-0.00751066	-0.01405593	-0.01607575	0.03124238	0.12232830	0.00000000	0.00000000	-0.01448159	-0.03467909	0.00000000	0.00000000	0.00000000	-0.05814695	0.00000000	0.00000000	0.03987251	-0.02945338	-0.01450211	-0.05971798	0.02257197	0.00000000	0.06929183	0.00000000	0.00000000	0.00852913	0.00000000	-0.00178197	0.01136796	-0.00138602	-0.00705963	0.00000000	0.00696447	-0.03266972	0.00000000	0.00000000	0.00000000	0.00000000	-0.03035802	0.03076993	0.00000000	0.00000000	0.00000000	0.00000000	0.00000000	0.00000000	0.01058838	0.01507623	0.00000000	0.08243164	0.00000000	0.00000000	0.02033961	0.00000000	-0.04490505	-0.02081388	0.00000000	0.00863697	0.00000000	-0.14391156	0.00000000	0.07363218	0.00899999	-0.08556516	0.00000000	-0.00659424	0.00000000	-0.01668783	0.00125542	0.00000000	0.06039566	-0.05049810	0.00000000	-0.04261804	0.00000000	0.00625028	0.00699545	0.00000000	0.03362007	-0.00689241	0.00000000	0.00000000	0.00000000	0.00000000	0.00000000	-0.10166207	0.04791093	0.00000000	-0.03242352	-0.00170134	0.00000000	0.00000000	0.00000000	0.00000000	-0.02431946	0.00000000	0.00000000	-0.03502566	-0.04406668	0.00000000	-0.00759214	0.00800112	-0.07877497	0.00000000	0.05445887	0.00000000	-0.00859834	-0.00988183	-0.00153808	0.00000000	-0.03047765	-0.03883135	0.00000000	0.02824727	0.00000000	0.00000000	-0.00609891	-0.01713347	0.00000000	0.04111222	0.00000000	0.01883060	-0.02594917	0.00000000	0.00000000	-0.01056319	0.00000000	0.02327312	0.00000000	0.00000000	0.00000000	0.00110806	0.00000000	-0.03567190	-0.01794550	0.00000000	0.01891932	0.00000000	0.00000000	0.01225728	0.01763070	0.00000000	-0.03014643	-0.01485205	-0.02854928	-0.02882530	0.02970088	0.05039215	0.04072284	0.00791940	0.00000000	0.00000000	-0.00044785	0.00000000	0.05664616	0.00000000	0.00851338	0.00000000	0.03770240	0.05244739	0.00000000	0.07229808	0.00000000	0.00363356	0.01230262	0.00000000	0.03042643	0.00000000	0.04881346	-0.04028817	0.02672529	-0.01411273	0.00000000	0.00000000	-0.02248371	0.00000000	0.03015479	-0.00750884	0.00000000	0.00488551	0.00000000	0.00795707	-0.02218699	0.00204031	0.04578842	0.00000000	0.03648290	0.00000000	0.00000000	-0.03279585	0.00000000	0.00919664	-0.01422145	0.00000000	0.00264941	-0.01356850	-0.01616377	0.08028850	-0.00654113	0.00000000	0.00000000	0.00000000	0.00192188	-0.04379992	-0.01939923	0.04003302	0.00000000	0.00409909	0.00000000	0.00000000	0.00000000	-0.03894446	0.01536293	-0.02614963	0.02417193	0.00000000	0.00000000	0.00000000	0.00000000	-0.02849194	-0.08384172	-0.01409042	0.00000000	0.00007880	0.00000000	-0.00283940	0.00000000	0.02027583	-0.01398347	0.00000000	0.00000000	0.00000000	-0.05370980	-0.00096407	0.00341439	0.02636692	0.00000000	-0.04496248	0.00000000	0.04040133	0.00304832	-0.00186133	0.01180813	-0.03648987	-0.00099953	-0.07663842	0.00000000	0.03125119	-0.03809738	0.00000000	-0.04049731	-0.00386178	-0.00852497	0.00000000
chr17	47699368	driver	T	G	-0.05146126	0.00000000	-0.00052474	-0.04856637	-0.00578314	0.02223083	-0.00579519	0.00000000	0.00000000	0.00000000	-0.00906999	-0.03961176	0.00000000	0.00000000	0.00000000	-0.00279757	0.00000000	0.00000000	-0.05862242	-0.07128144	0.05846823	0.03319760	-0.06113988	0.00000000	0.00991347	0.00000000	0.00000000	0.08814418	0.00000000	0.00644462	-0.01871696	0.01372418	0.05701213	0.00000000	-0.01406588	0.09832700	-0.05516620	0.00000000	0.00000000	0.00000000	0.04336283	-0.00063206	0.00000000	0.00000000	0.00000000	0.00000000	0.00000000	0.00000000	0.04928145	-0.08413755	0.00000000	-0.07857423	0.01789267	0.00000000	0.00239934	0.00000000	0.01428222	0.07011735	0.00000000	0.00202087	0.00000000	0.04471913	0.00000000	-0.04334041	0.00000000	0.00852665	0.00000000	0.01534082	0.00000000	-0.02230948	0.03090540	0.00000000	-0.12710103	0.07660712	-0.02945037	0.02407455	0.00000000	-0.02126732	0.01523521	0.00000000	0.08276439	0.02519554	0.00000000	0.00000000	0.00000000	0.00000000	0.00000000	0.01046542	-0.00029032	0.00000000	-0.01314443	-0.03761284	-0.00604648	0.00000000	0.00000000	0.00793421	0.00673304	0.00000000	0.00000000	0.03972280	0.00066695	0.00000000	0.04615562	0.00000000	0.05003165	0.00000000	-0.01735979	0.00000000	-0.01855924	0.00007300	-0.01668477	0.00000000	-0.02513668	0.05002915	0.02565646	0.00000000	0.00000000	0.06024468	0.01142568	0.02114488	0.00000000	-0.06772020	0.00000000	0.11413682	0.01761760	0.00000000	0.00000000	0.09750919	0.00000000	0.01111304	0.00000000	0.00000000	0.00000000	-0.00040619	0.00000000	0.02057147	0.02608380	0.00000000	0.01320321	0.00000000	0.00000000	0.02237674	-0.04625401	0.00000000	0.05114108	0.06478807	0.02824458	-0.00235183	-0.05042946	-0.01020557	0.01006030	0.08243587	0.00000000	0.00000000	0.00814061	0.00000000	0.00258679	0.00000000	-0.04431834	0.00000000	-0.02125112	-0.00567311	0.00000000	-0.02851808	0.02529515	0.05159864	-0.02092823	0.00000000	-0.03733480	0.00000000	-0.03010118	0.02675273	0.01458454	-0.00439321	0.00000000	0.00000000	0.04870260	-0.00649682	0.03957998	0.04375879	0.00000000	0.01541976	0.00000000	0.01731148	0.03277619	-0.00305831	0.00000000	-0.00003158	0.07939400	0.00000000	0.00000000	0.00000000	0.00000000	0.00000000	-0.00546174	0.00000000	0.00000000	-0.06378081	-0.03108259	-0.00989397	0.00000000	0.00000000	0.00000000	0.00000000	0.01323100	0.00210467	-0.01576430	0.00000000	0.00000000	-0.02212603	0.00000000	0.00000000	0.00000000	0.05165152	-0.03846885	0.00000000	0.03609440	0.00000000	0.00000000	0.00000000	0.00000000	-0.00635096	0.03017444	0.01244764	0.00000000	0.00542098	-0.00455255	-0.02044313	-0.01391316	-0.02616117	0.04057501	0.00000000	0.00000000	0.00000000	0.00033537	0.00000000	0.05652595	0.04698387	0.00000000	-0.04049288	0.00000000	-0.00303929	0.01611990	-0.00668985	-0.01503038	0.09144831	-0.03364453	0.01427689	0.00000000	0.00780466	-0.05235769	0.00000000	-0.05182345	-0.05939752	-0.00662384	0.00000000
chr17	47696421	driver	C	G	0.01515941	0.00000000	0.03938362	0.01733370	0.00145677	0.00000000	-0.03202574	-0.10836413	0.00000000	0.00000000	0.01483016	0.01614036	0.00000000	0.00000000	0.00000000	-0.01171429	0.00000000	0.00000000	0.00956883	0.05584471	0.02787357	-0.03969190	0.07598370	0.00000000	-0.01149260	0.00000000	0.00000000	0.02005348	0.00000000	-0.00589411	0.00743006	0.02858090	0.05269232	-0.00885072	0.01163125	-0.11426558	0.01230248	0.00000000	0.00000000	0.00000000	0.00431371	0.03154399	0.00000000	0.00000000	0.00000000	0.00000000	0.00000000	0.00000000	-0.03241593	0.01753791	0.00000000	-0.12221241	-0.01730187	0.00000000	-0.06614971	0.00000000	-0.02000222	-0.08296160	0.00000000	-0.00183131	0.00000000	-0.03429389	0.00000000	-0.00939348	-0.00093596	0.02641781	-0.03779526	0.00351477	0.00000000	0.00606127	-0.10034192	0.00000000	-0.07870299	0.04476003	0.00000000	0.01092726	0.00000000	0.00454539	-0.06177046	0.00000000	0.12231950	0.03686762	0.00000000	0.00000000	0.00000000	0.00000000	0.00000000	0.12354466	-0.09928527	0.00000000	0.07340515	-0.06815948	0.00000000	0.00000000	0.00000000	0.00000000	0.00360566	0.00000000	0.00000000	-0.08754975	-0.02677239	0.00000000	-0.04001808	-0.02664919	0.03446695	0.00000000	0.00748102	0.00000000	0.01409405	0.01233529	0.02219018	0.00000000	-0.00082286	-0.00011031	-0.03430697	0.00657526	0.00000000	-0.00915079	-0.03466137	-0.01122120	0.00000000	-0.02195055	-0.09784092	-0.03928408	-0.02847856	0.00000000	0.00000000	-0.01277923	0.00000000	0.06923342	0.00000000	0.00000000	0.00000000	0.00900217	0.00000000	0.03270996	-0.04183123	0.00000000	0.07364907	0.00000000	0.00000000	-0.00539302	-0.02189267	0.00000000	0.05364601	-0.01529187	-0.00255704	0.02975995	0.00872332	-0.06652170	0.06258465	0.03021473	0.00000000	0.00000000	-0.01507382	0.00000000	-0.09300817	0.00000000	0.00702491	0.00000000	-0.01402448	0.03502582	0.00000000	-0.03720585	0.00000000	-0.03107131	-0.01275951	0.00000000	-0.02569583	0.00000000	-0.07320511	0.01083104	-0.04915613	0.00925912	0.00000000	0.00000000	-0.03622496	0.00000000	0.01283878	-0.03769112	0.00000000	0.00000000	0.00000000	0.02671564	-0.03867839	0.07056032	-0.04644312	0.00000000	0.06120701	0.00000000	0.00000000	-0.03425289	0.00000000	-0.02124754	0.00000000	0.00000000	0.00000000	0.00729070	0.02868573	-0.11495319	0.00000000	0.00000000	0.00000000	0.00000000	-0.04949111	-0.02186379	0.00601719	0.00000000	0.00000000	-0.00713836	0.00000000	0.00000000	0.00000000	-0.02428897	-0.00229960	-0.04124985	0.02422471	0.00000000	0.00000000	0.00000000	0.00000000	0.08063653	0.03582877	0.00736097	0.00000000	-0.03763788	0.00000000	-0.02494556	0.00000000	0.00445807	-0.07278630	0.00000000	0.00000000	0.00000000	-0.06277244	0.00157551	0.00900191	0.03365394	0.00000000	-0.01767361	0.00000000	-0.01367931	0.00000000	0.00000000	0.02233768	0.11243233	-0.05907070	-0.05152647	0.00000000	-0.03134698	-0.06367365	0.00000000	0.00120098	-0.09009701	0.02912774	0.00000000
